/*
 Navicat MySQL Data Transfer

 Source Server         : gouyu
 Source Server Version : 50546
 Source Host           : localhost
 Source Database       : gouyu

 Target Server Version : 50546
 File Encoding         : utf-8

 Date: 09/11/2016 16:39:44 PM
*/

SET NAMES utf8;
SET FOREIGN_KEY_CHECKS = 0;

-- ----------------------------
--  Table structure for `tp_account`
-- ----------------------------
DROP TABLE IF EXISTS `tp_account`;
CREATE TABLE `tp_account` (
  `account_id` int(11) NOT NULL AUTO_INCREMENT COMMENT '自增主键',
  `user_id` int(11) unsigned NOT NULL DEFAULT '0' COMMENT '用户ID',
  `change_type` tinyint(4) unsigned NOT NULL DEFAULT '0' COMMENT '1在线充值(cz打头)，2银行汇入(yh打头)，3手动录入，4支付宝付款，5订单消费，6手动扣款，7提现，8订单退款',
  `amount_in` decimal(10,2) NOT NULL DEFAULT '0.00' COMMENT '入账金额',
  `amount_out` decimal(10,2) NOT NULL DEFAULT '0.00' COMMENT '出账金额',
  `amount_before_pay` decimal(10,2) NOT NULL DEFAULT '0.00' COMMENT '变动前预存款金额',
  `amount_after_pay` decimal(10,2) NOT NULL DEFAULT '0.00' COMMENT '变动后预存款结余',
  `order_id` varchar(32) NOT NULL DEFAULT '0' COMMENT '相关订单号，如订单编号、充值单号等',
  `operater` int(11) NOT NULL DEFAULT '0' COMMENT '操作人',
  `pay_code` varchar(32) NOT NULL DEFAULT '' COMMENT '第三方支付平台返回的交易码',
  `addtime` int(11) NOT NULL DEFAULT '0' COMMENT '记录生成时间',
  `remark` varchar(255) NOT NULL DEFAULT '' COMMENT '备注',
  `proof` varchar(255) NOT NULL DEFAULT '' COMMENT '支付凭证号，如支付宝交易号、银行流水号等',
  `ip` varchar(16) NOT NULL DEFAULT '' COMMENT '操作人IP',
  `role_type` tinyint(3) unsigned DEFAULT '0' COMMENT '角色类型，2商家，3用户，4镖师，用于导出财务报表时的筛选',
  PRIMARY KEY (`account_id`)
) ENGINE=MyISAM AUTO_INCREMENT=42 DEFAULT CHARSET=utf8 COMMENT='账户变动明细表';

-- ----------------------------
--  Records of `tp_account`
-- ----------------------------
BEGIN;
INSERT INTO `tp_account` VALUES ('1', '39609', '3', '10.00', '0.00', '0.00', '10.00', '', '1', '', '1473475023', '后台充值', '', '58.100.201.224', '0'), ('2', '39609', '3', '10.00', '0.00', '0.00', '10.00', '', '1', '', '1473475045', '', '', '58.100.201.224', '0'), ('3', '39609', '3', '1000.00', '0.00', '0.00', '1000.00', '', '1', '', '1473475198', '', '', '58.100.201.224', '0'), ('4', '39607', '1', '10000.00', '0.00', '0.00', '10000.00', '', '1', '', '1473492122', '', '', '58.100.201.224', '0'), ('5', '39607', '1', '100000.00', '0.00', '10000.00', '110000.00', '', '1', '', '1473492850', '', '', '58.100.201.224', '0'), ('6', '39607', '5', '0.00', '12000.00', '110000.00', '98000.00', '1', '39607', '', '1473493069', '兑换支付', '', '210.32.92.192', '0'), ('7', '39607', '5', '0.00', '12000.00', '98000.00', '86000.00', '2', '39607', '', '1473493987', '兑换支付', '', '210.32.92.192', '0'), ('8', '39607', '5', '0.00', '12000.00', '86000.00', '74000.00', '3', '39607', '', '1473494655', '兑换支付', '', '210.32.92.192', '0'), ('9', '39609', '1', '1000.00', '0.00', '0.00', '1000.00', '', '1', '', '1473557631', '', '', '58.100.201.224', '0'), ('10', '39610', '1', '99999999.99', '0.00', '0.00', '99999999.99', '', '1', '', '1473558128', '', '', '58.100.201.224', '0'), ('11', '39607', '10', '0.00', '10000.00', '74000.00', '64000.00', '1', '39607', '', '1473558855', '马拉松赛事竞猜', '', '210.32.92.192', '0'), ('12', '39607', '9', '0.00', '1000.00', '64000.00', '63000.00', '2', '39607', '', '1473561343', '(魂斗罗VS创新队)', '', '58.100.201.224', '0'), ('13', '39609', '10', '0.00', '100.00', '1000.00', '900.00', '1', '39609', '', '1473578404', '马拉松赛事竞猜', '', '210.32.92.192', '0'), ('14', '39609', '10', '0.00', '100.00', '900.00', '800.00', '1', '39609', '', '1473578749', '马拉松赛事竞猜', '', '210.32.92.192', '0'), ('15', '39609', '11', '0.00', '200.00', '800.00', '600.00', '5', '39609', '', '1473578830', '夺宝支付(2人次)', '2', '210.32.92.192', '0'), ('16', '39609', '10', '0.00', '100.00', '600.00', '500.00', '1', '39609', '', '1473579221', '马拉松赛事竞猜', '', '58.100.201.224', '0'), ('17', '39609', '10', '0.00', '150.00', '500.00', '350.00', '1', '39609', '', '1473579610', '马拉松赛事竞猜', '', '58.100.201.224', '0'), ('18', '39609', '1', '99999999.99', '0.00', '350.00', '99999999.99', '', '1', '', '1473579779', '', '', '58.100.201.224', '0'), ('19', '39609', '1', '99999999.99', '0.00', '99999999.99', '99999999.99', '', '1', '', '1473579798', '', '', '58.100.201.224', '0'), ('20', '39609', '1', '0.50', '0.00', '99999999.99', '99999999.99', '', '1', '', '1473579810', '', '', '58.100.201.224', '0'), ('21', '39609', '6', '0.00', '1000.00', '99999999.99', '99998999.99', '', '1', '', '1473579864', '', '', '58.100.201.224', '0'), ('22', '39609', '1', '30.00', '0.00', '99999999.99', '99999999.99', '', '1', '', '1473579906', '', '', '58.100.201.224', '0'), ('23', '39609', '6', '0.00', '99999000.00', '99999999.99', '999.99', '', '1', '', '1473580109', '', '', '58.100.201.224', '0'), ('24', '39609', '10', '0.00', '1000.00', '99999999.99', '99998999.99', '1', '39609', '', '1473580166', '马拉松赛事竞猜', '', '58.100.201.224', '0'), ('25', '39609', '6', '0.00', '99.99', '99998999.99', '99998900.00', '', '1', '', '1473580302', '', '', '58.100.201.224', '0'), ('26', '39607', '9', '0.00', '1000.00', '63000.00', '62000.00', '15', '39607', '', '1473581257', '(敢死队VS先锋队)', '', '58.100.201.224', '0'), ('27', '39607', '9', '0.00', '100.00', '62000.00', '61900.00', '15', '39607', '', '1473581275', '(敢死队VS先锋队)', '', '58.100.201.224', '0'), ('28', '39607', '9', '0.00', '200.00', '61900.00', '61700.00', '15', '39607', '', '1473581294', '(敢死队VS先锋队)', '', '58.100.201.224', '0'), ('29', '39607', '9', '0.00', '100.00', '61700.00', '61600.00', '15', '39607', '', '1473581439', '(敢死队VS先锋队)', '', '58.100.201.224', '0'), ('30', '39607', '9', '0.00', '100.00', '61600.00', '61500.00', '15', '39607', '', '1473581448', '(敢死队VS先锋队)', '', '58.100.201.224', '0'), ('31', '39609', '11', '0.00', '100.00', '99998999.99', '99998899.99', '12', '39609', '', '1473581902', '夺宝支付(1人次)', '1', '58.100.201.224', '0'), ('32', '39609', '11', '0.00', '100.00', '99998899.99', '99998799.99', '5', '39609', '', '1473582207', '夺宝支付(1人次)', '1', '58.100.201.224', '0'), ('33', '39613', '3', '20000.00', '0.00', '0.00', '20000.00', '', '1', '', '1473582520', '', '', '58.100.201.224', '0'), ('34', '39613', '9', '0.00', '100.00', '20000.00', '19900.00', '21', '39613', '', '1473582543', '(魂斗罗VS创新队)', '', '58.100.201.224', '0'), ('35', '39609', '10', '0.00', '100.00', '99998799.99', '99998699.99', '1', '39609', '', '1473582591', '马拉松赛事竞猜', '', '58.100.201.224', '0'), ('36', '39609', '10', '0.00', '100.00', '99998699.99', '99998599.99', '1', '39609', '', '1473582730', '马拉松赛事竞猜', '', '58.100.201.224', '0'), ('37', '39613', '9', '0.00', '111.00', '19900.00', '19789.00', '49', '39613', '', '1473582743', '(魂斗罗VS创新队)', '', '58.100.201.224', '0'), ('38', '39613', '9', '0.00', '111.00', '19789.00', '19678.00', '33', '39613', '', '1473582754', '(魂斗罗VS创新队)', '', '58.100.201.224', '0'), ('39', '39613', '9', '0.00', '11111.00', '19678.00', '8567.00', '55', '39613', '', '1473582767', '(魂斗罗VS创新队)', '', '58.100.201.224', '0'), ('40', '39613', '9', '0.00', '1111.00', '8567.00', '7456.00', '33', '39613', '', '1473582790', '(魂斗罗VS创新队)', '', '58.100.201.224', '0'), ('41', '39613', '9', '0.00', '111.00', '7456.00', '7345.00', '35', '39613', '', '1473582863', '(魂斗罗VS创新队)', '', '58.100.201.224', '0');
COMMIT;

-- ----------------------------
--  Table structure for `tp_account_apply`
-- ----------------------------
DROP TABLE IF EXISTS `tp_account_apply`;
CREATE TABLE `tp_account_apply` (
  `account_apply_id` int(11) NOT NULL AUTO_INCREMENT COMMENT '自增主键',
  `user_id` int(11) NOT NULL DEFAULT '0' COMMENT '用户ID',
  `amount` decimal(10,2) NOT NULL DEFAULT '0.00' COMMENT '入账金额',
  `order_id` varchar(16) NOT NULL DEFAULT '0' COMMENT '相关订单号，如订单编号、充值单号等',
  `apply_state` tinyint(4) NOT NULL DEFAULT '0' COMMENT '申请状态，0未处理，1通过，2拒绝',
  `agent_remark` varchar(255) NOT NULL DEFAULT '' COMMENT '代理商备注',
  `admin_remark` varchar(255) NOT NULL DEFAULT '' COMMENT '管理员备注',
  `operater` int(11) NOT NULL DEFAULT '0' COMMENT '操作人',
  `proof` varchar(255) NOT NULL DEFAULT '' COMMENT '支付凭证号，如支付宝交易号、银行流水号等',
  `addtime` int(11) NOT NULL DEFAULT '0' COMMENT '记录生成时间',
  `ip` varchar(16) NOT NULL DEFAULT '' COMMENT '操作人IP',
  PRIMARY KEY (`account_apply_id`)
) ENGINE=MyISAM DEFAULT CHARSET=utf8 COMMENT='入账申请表';

-- ----------------------------
--  Table structure for `tp_address_area`
-- ----------------------------
DROP TABLE IF EXISTS `tp_address_area`;
CREATE TABLE `tp_address_area` (
  `area_id` mediumint(8) NOT NULL AUTO_INCREMENT,
  `area_name` varchar(50) NOT NULL COMMENT '县级市或区或县名',
  `city_id` mediumint(5) NOT NULL DEFAULT '0' COMMENT '地级市id',
  `py` char(1) NOT NULL DEFAULT '' COMMENT '拼音首字母',
  `is_open` tinyint(3) unsigned NOT NULL DEFAULT '0' COMMENT '是否开通，1是，0否',
  `addtime` int(10) unsigned NOT NULL DEFAULT '0' COMMENT '开通时间',
  PRIMARY KEY (`area_id`),
  KEY `city_id` (`city_id`)
) ENGINE=MyISAM AUTO_INCREMENT=659017 DEFAULT CHARSET=utf8 COMMENT='县级市或区或县表';

-- ----------------------------
--  Records of `tp_address_area`
-- ----------------------------
BEGIN;
INSERT INTO `tp_address_area` VALUES ('130101', '市辖区', '130100', 'S', '0', '0'), ('130102', '长安区', '130100', 'C', '0', '0'), ('130103', '桥东区', '130100', 'Q', '0', '0'), ('130104', '桥西区', '130100', 'Q', '0', '0'), ('130105', '新华区', '130100', 'X', '0', '0'), ('130107', '井陉矿区', '130100', 'J', '0', '0'), ('130108', '裕华区', '130100', 'Y', '0', '0'), ('130121', '井陉县', '130100', 'J', '0', '0'), ('130123', '正定县', '130100', 'Z', '0', '0'), ('130124', '栾城县', '130100', '', '0', '0'), ('130125', '行唐县', '130100', 'X', '0', '0'), ('130126', '灵寿县', '130100', 'L', '0', '0'), ('130127', '高邑县', '130100', 'G', '0', '0'), ('130128', '深泽县', '130100', 'S', '0', '0'), ('130129', '赞皇县', '130100', 'Z', '0', '0'), ('130130', '无极县', '130100', 'W', '0', '0'), ('130131', '平山县', '130100', 'P', '0', '0'), ('130132', '元氏县', '130100', 'Y', '0', '0'), ('130133', '赵县', '130100', 'Z', '0', '0'), ('130181', '辛集市', '130100', 'X', '0', '0'), ('130182', '藁城市', '130100', '', '0', '0'), ('130183', '晋州市', '130100', 'J', '0', '0'), ('130184', '新乐市', '130100', 'X', '0', '0'), ('130185', '鹿泉市', '130100', 'L', '0', '0'), ('130201', '市辖区', '130200', 'S', '0', '0'), ('130202', '路南区', '130200', 'L', '0', '0'), ('130203', '路北区', '130200', 'L', '0', '0'), ('130204', '古冶区', '130200', 'G', '0', '0'), ('130205', '开平区', '130200', 'K', '0', '0'), ('130207', '丰南区', '130200', 'F', '0', '0'), ('130208', '丰润区', '130200', 'F', '0', '0'), ('130209', '曹妃甸区', '130200', 'C', '0', '0'), ('130223', '滦县', '130200', 'L', '0', '0'), ('130224', '滦南县', '130200', 'L', '0', '0'), ('130225', '乐亭县', '130200', 'L', '0', '0'), ('130227', '迁西县', '130200', 'Q', '0', '0'), ('130229', '玉田县', '130200', 'Y', '0', '0'), ('130281', '遵化市', '130200', 'Z', '0', '0'), ('130283', '迁安市', '130200', 'Q', '0', '0'), ('130301', '市辖区', '130300', 'S', '0', '0'), ('130302', '海港区', '130300', 'H', '0', '0'), ('130303', '山海关区', '130300', 'S', '0', '0'), ('130304', '北戴河区', '130300', 'B', '0', '0'), ('130321', '青龙满族自治县', '130300', 'Q', '0', '0'), ('130322', '昌黎县', '130300', 'C', '0', '0'), ('130323', '抚宁县', '130300', 'F', '0', '0'), ('130324', '卢龙县', '130300', 'L', '0', '0'), ('130401', '市辖区', '130400', 'S', '0', '0'), ('130402', '邯山区', '130400', 'H', '0', '0'), ('130403', '丛台区', '130400', 'C', '0', '0'), ('130404', '复兴区', '130400', 'F', '0', '0'), ('130406', '峰峰矿区', '130400', 'F', '0', '0'), ('130421', '邯郸县', '130400', 'H', '0', '0'), ('130423', '临漳县', '130400', 'L', '0', '0'), ('130424', '成安县', '130400', 'C', '0', '0'), ('130425', '大名县', '130400', 'D', '0', '0'), ('130426', '涉县', '130400', 'S', '0', '0'), ('130427', '磁县', '130400', 'C', '0', '0'), ('130428', '肥乡县', '130400', 'F', '0', '0'), ('130429', '永年县', '130400', 'Y', '0', '0'), ('130430', '邱县', '130400', 'Q', '0', '0'), ('130431', '鸡泽县', '130400', 'J', '0', '0'), ('130432', '广平县', '130400', 'G', '0', '0'), ('130433', '馆陶县', '130400', 'G', '0', '0'), ('130434', '魏县', '130400', 'W', '0', '0'), ('130435', '曲周县', '130400', 'Q', '0', '0'), ('130481', '武安市', '130400', 'W', '0', '0'), ('130501', '市辖区', '130500', 'S', '0', '0'), ('130502', '桥东区', '130500', 'Q', '0', '0'), ('130503', '桥西区', '130500', 'Q', '0', '0'), ('130521', '邢台县', '130500', 'X', '0', '0'), ('130522', '临城县', '130500', 'L', '0', '0'), ('130523', '内丘县', '130500', 'N', '0', '0'), ('130524', '柏乡县', '130500', 'B', '0', '0'), ('130525', '隆尧县', '130500', 'L', '0', '0'), ('130526', '任县', '130500', 'R', '0', '0'), ('130527', '南和县', '130500', 'N', '0', '0'), ('130528', '宁晋县', '130500', 'N', '0', '0'), ('130529', '巨鹿县', '130500', 'J', '0', '0'), ('130530', '新河县', '130500', 'X', '0', '0'), ('130531', '广宗县', '130500', 'G', '0', '0'), ('130532', '平乡县', '130500', 'P', '0', '0'), ('130533', '威县', '130500', 'W', '0', '0'), ('130534', '清河县', '130500', 'Q', '0', '0'), ('130535', '临西县', '130500', 'L', '0', '0'), ('130581', '南宫市', '130500', 'N', '0', '0'), ('130582', '沙河市', '130500', 'S', '0', '0'), ('130601', '市辖区', '130600', 'S', '0', '0'), ('130602', '新市区', '130600', 'X', '0', '0'), ('130603', '北市区', '130600', 'B', '0', '0'), ('130604', '南市区', '130600', 'N', '0', '0'), ('130621', '满城县', '130600', 'M', '0', '0'), ('130622', '清苑县', '130600', 'Q', '0', '0'), ('130623', '涞水县', '130600', '', '0', '0'), ('130624', '阜平县', '130600', 'F', '0', '0'), ('130625', '徐水县', '130600', 'X', '0', '0'), ('130626', '定兴县', '130600', 'D', '0', '0'), ('130627', '唐县', '130600', 'T', '0', '0'), ('130628', '高阳县', '130600', 'G', '0', '0'), ('130629', '容城县', '130600', 'R', '0', '0'), ('130630', '涞源县', '130600', '', '0', '0'), ('130631', '望都县', '130600', 'W', '0', '0'), ('130632', '安新县', '130600', 'A', '0', '0'), ('130633', '易县', '130600', 'Y', '0', '0'), ('130634', '曲阳县', '130600', 'Q', '0', '0'), ('130635', '蠡县', '130600', '', '0', '0'), ('130636', '顺平县', '130600', 'S', '0', '0'), ('130637', '博野县', '130600', 'B', '0', '0'), ('130638', '雄县', '130600', 'X', '0', '0'), ('130681', '涿州市', '130600', '', '0', '0'), ('130682', '定州市', '130600', 'D', '0', '0'), ('130683', '安国市', '130600', 'A', '0', '0'), ('130684', '高碑店市', '130600', 'G', '0', '0'), ('130701', '市辖区', '130700', 'S', '0', '0'), ('130702', '桥东区', '130700', 'Q', '0', '0'), ('130703', '桥西区', '130700', 'Q', '0', '0'), ('130705', '宣化区', '130700', 'X', '0', '0'), ('130706', '下花园区', '130700', 'X', '0', '0'), ('130721', '宣化县', '130700', 'X', '0', '0'), ('130722', '张北县', '130700', 'Z', '0', '0'), ('130723', '康保县', '130700', 'K', '0', '0'), ('130724', '沽源县', '130700', 'G', '0', '0'), ('130725', '尚义县', '130700', 'S', '0', '0'), ('130726', '蔚县', '130700', 'W', '0', '0'), ('130727', '阳原县', '130700', 'Y', '0', '0'), ('130728', '怀安县', '130700', 'H', '0', '0'), ('130729', '万全县', '130700', 'W', '0', '0'), ('130730', '怀来县', '130700', 'H', '0', '0'), ('130731', '涿鹿县', '130700', '', '0', '0'), ('130732', '赤城县', '130700', 'C', '0', '0'), ('130733', '崇礼县', '130700', 'C', '0', '0'), ('130801', '市辖区', '130800', 'S', '0', '0'), ('130802', '双桥区', '130800', 'S', '0', '0'), ('130803', '双滦区', '130800', 'S', '0', '0'), ('130804', '鹰手营子矿区', '130800', 'Y', '0', '0'), ('130821', '承德县', '130800', 'C', '0', '0'), ('130822', '兴隆县', '130800', 'X', '0', '0'), ('130823', '平泉县', '130800', 'P', '0', '0'), ('130824', '滦平县', '130800', 'L', '0', '0'), ('130825', '隆化县', '130800', 'L', '0', '0'), ('130826', '丰宁满族自治县', '130800', 'F', '0', '0'), ('130827', '宽城满族自治县', '130800', 'K', '0', '0'), ('130828', '围场满族蒙古族自治县', '130800', 'W', '0', '0'), ('130901', '市辖区', '130900', 'S', '0', '0'), ('130902', '新华区', '130900', 'X', '0', '0'), ('130903', '运河区', '130900', 'Y', '0', '0'), ('130921', '沧县', '130900', 'C', '0', '0'), ('130922', '青县', '130900', 'Q', '0', '0'), ('130923', '东光县', '130900', 'D', '0', '0'), ('130924', '海兴县', '130900', 'H', '0', '0'), ('130925', '盐山县', '130900', 'Y', '0', '0'), ('130926', '肃宁县', '130900', 'S', '0', '0'), ('130927', '南皮县', '130900', 'N', '0', '0'), ('130928', '吴桥县', '130900', 'W', '0', '0'), ('130929', '献县', '130900', 'X', '0', '0'), ('130930', '孟村回族自治县', '130900', 'M', '0', '0'), ('130981', '泊头市', '130900', 'B', '0', '0'), ('130982', '任丘市', '130900', 'R', '0', '0'), ('130983', '黄骅市', '130900', 'H', '0', '0'), ('130984', '河间市', '130900', 'H', '0', '0'), ('131001', '市辖区', '131000', 'S', '0', '0'), ('131002', '安次区', '131000', 'A', '0', '0'), ('131003', '广阳区', '131000', 'G', '0', '0'), ('131022', '固安县', '131000', 'G', '0', '0'), ('131023', '永清县', '131000', 'Y', '0', '0'), ('131024', '香河县', '131000', 'X', '0', '0'), ('131025', '大城县', '131000', 'D', '0', '0'), ('131026', '文安县', '131000', 'W', '0', '0'), ('131028', '大厂回族自治县', '131000', 'D', '0', '0'), ('131081', '霸州市', '131000', 'B', '0', '0'), ('131082', '三河市', '131000', 'S', '0', '0'), ('131101', '市辖区', '131100', 'S', '0', '0'), ('131102', '桃城区', '131100', 'T', '0', '0'), ('131121', '枣强县', '131100', 'Z', '0', '0'), ('131122', '武邑县', '131100', 'W', '0', '0'), ('131123', '武强县', '131100', 'W', '0', '0'), ('131124', '饶阳县', '131100', 'R', '0', '0'), ('131125', '安平县', '131100', 'A', '0', '0'), ('131126', '故城县', '131100', 'G', '0', '0'), ('131127', '景县', '131100', 'J', '0', '0'), ('131128', '阜城县', '131100', 'F', '0', '0'), ('131181', '冀州市', '131100', 'J', '0', '0'), ('131182', '深州市', '131100', 'S', '0', '0'), ('140101', '市辖区', '140100', 'S', '0', '0'), ('140105', '小店区', '140100', 'X', '0', '0'), ('140106', '迎泽区', '140100', 'Y', '0', '0'), ('140107', '杏花岭区', '140100', 'X', '0', '0'), ('140108', '尖草坪区', '140100', 'J', '0', '0'), ('140109', '万柏林区', '140100', 'W', '0', '0'), ('140110', '晋源区', '140100', 'J', '0', '0'), ('140121', '清徐县', '140100', 'Q', '0', '0'), ('140122', '阳曲县', '140100', 'Y', '0', '0'), ('140123', '娄烦县', '140100', 'L', '0', '0'), ('140181', '古交市', '140100', 'G', '0', '0'), ('140201', '市辖区', '140200', 'S', '0', '0'), ('140202', '城区', '140200', 'C', '0', '0'), ('140203', '矿区', '140200', 'K', '0', '0'), ('140211', '南郊区', '140200', 'N', '0', '0'), ('140212', '新荣区', '140200', 'X', '0', '0'), ('140221', '阳高县', '140200', 'Y', '0', '0'), ('140222', '天镇县', '140200', 'T', '0', '0'), ('140223', '广灵县', '140200', 'G', '0', '0'), ('140224', '灵丘县', '140200', 'L', '0', '0'), ('140225', '浑源县', '140200', 'H', '0', '0'), ('140226', '左云县', '140200', 'Z', '0', '0'), ('140227', '大同县', '140200', 'D', '0', '0'), ('140301', '市辖区', '140300', 'S', '0', '0'), ('140302', '城区', '140300', 'C', '0', '0'), ('140303', '矿区', '140300', 'K', '0', '0'), ('140311', '郊区', '140300', 'J', '0', '0'), ('140321', '平定县', '140300', 'P', '0', '0'), ('140322', '盂县', '140300', 'Y', '0', '0'), ('140401', '市辖区', '140400', 'S', '0', '0'), ('140402', '城区', '140400', 'C', '0', '0'), ('140411', '郊区', '140400', 'J', '0', '0'), ('140421', '长治县', '140400', 'C', '0', '0'), ('140423', '襄垣县', '140400', 'X', '0', '0'), ('140424', '屯留县', '140400', 'T', '0', '0'), ('140425', '平顺县', '140400', 'P', '0', '0'), ('140426', '黎城县', '140400', 'L', '0', '0'), ('140427', '壶关县', '140400', 'H', '0', '0'), ('140428', '长子县', '140400', 'C', '0', '0'), ('140429', '武乡县', '140400', 'W', '0', '0'), ('140430', '沁县', '140400', 'Q', '0', '0'), ('140431', '沁源县', '140400', 'Q', '0', '0'), ('140481', '潞城市', '140400', 'L', '0', '0'), ('140501', '市辖区', '140500', 'S', '0', '0'), ('140502', '城区', '140500', 'C', '0', '0'), ('140521', '沁水县', '140500', 'Q', '0', '0'), ('140522', '阳城县', '140500', 'Y', '0', '0'), ('140524', '陵川县', '140500', 'L', '0', '0'), ('140525', '泽州县', '140500', 'Z', '0', '0'), ('140581', '高平市', '140500', 'G', '0', '0'), ('140601', '市辖区', '140600', 'S', '0', '0'), ('140602', '朔城区', '140600', 'S', '0', '0'), ('140603', '平鲁区', '140600', 'P', '0', '0'), ('140621', '山阴县', '140600', 'S', '0', '0'), ('140622', '应县', '140600', 'Y', '0', '0'), ('140623', '右玉县', '140600', 'Y', '0', '0'), ('140624', '怀仁县', '140600', 'H', '0', '0'), ('140701', '市辖区', '140700', 'S', '0', '0'), ('140702', '榆次区', '140700', 'Y', '0', '0'), ('140721', '榆社县', '140700', 'Y', '0', '0'), ('140722', '左权县', '140700', 'Z', '0', '0'), ('140723', '和顺县', '140700', 'H', '0', '0'), ('140724', '昔阳县', '140700', 'X', '0', '0'), ('140725', '寿阳县', '140700', 'S', '0', '0'), ('140726', '太谷县', '140700', 'T', '0', '0'), ('140727', '祁县', '140700', 'Q', '0', '0'), ('140728', '平遥县', '140700', 'P', '0', '0'), ('140729', '灵石县', '140700', 'L', '0', '0'), ('140781', '介休市', '140700', 'J', '0', '0'), ('140801', '市辖区', '140800', 'S', '0', '0'), ('140802', '盐湖区', '140800', 'Y', '0', '0'), ('140821', '临猗县', '140800', 'L', '0', '0'), ('140822', '万荣县', '140800', 'W', '0', '0'), ('140823', '闻喜县', '140800', 'W', '0', '0'), ('140824', '稷山县', '140800', '', '0', '0'), ('140825', '新绛县', '140800', 'X', '0', '0'), ('140826', '绛县', '140800', '', '0', '0'), ('140827', '垣曲县', '140800', 'Y', '0', '0'), ('140828', '夏县', '140800', 'X', '0', '0'), ('140829', '平陆县', '140800', 'P', '0', '0'), ('140830', '芮城县', '140800', '', '0', '0'), ('140881', '永济市', '140800', 'Y', '0', '0'), ('140882', '河津市', '140800', 'H', '0', '0'), ('140901', '市辖区', '140900', 'S', '0', '0'), ('140902', '忻府区', '140900', 'X', '0', '0'), ('140921', '定襄县', '140900', 'D', '0', '0'), ('140922', '五台县', '140900', 'W', '0', '0'), ('140923', '代县', '140900', 'D', '0', '0'), ('140924', '繁峙县', '140900', 'F', '0', '0'), ('140925', '宁武县', '140900', 'N', '0', '0'), ('140926', '静乐县', '140900', 'J', '0', '0'), ('140927', '神池县', '140900', 'S', '0', '0'), ('140928', '五寨县', '140900', 'W', '0', '0'), ('140929', '岢岚县', '140900', '', '0', '0'), ('140930', '河曲县', '140900', 'H', '0', '0'), ('140931', '保德县', '140900', 'B', '0', '0'), ('140932', '偏关县', '140900', 'P', '0', '0'), ('140981', '原平市', '140900', 'Y', '0', '0'), ('141001', '市辖区', '141000', 'S', '0', '0'), ('141002', '尧都区', '141000', 'Y', '0', '0'), ('141021', '曲沃县', '141000', 'Q', '0', '0'), ('141022', '翼城县', '141000', 'Y', '0', '0'), ('141023', '襄汾县', '141000', 'X', '0', '0'), ('141024', '洪洞县', '141000', 'H', '0', '0'), ('141025', '古县', '141000', 'G', '0', '0'), ('141026', '安泽县', '141000', 'A', '0', '0'), ('141027', '浮山县', '141000', 'F', '0', '0'), ('141028', '吉县', '141000', 'J', '0', '0'), ('141029', '乡宁县', '141000', 'X', '0', '0'), ('141030', '大宁县', '141000', 'D', '0', '0'), ('141031', '隰县', '141000', '', '0', '0'), ('141032', '永和县', '141000', 'Y', '0', '0'), ('141033', '蒲县', '141000', 'P', '0', '0'), ('141034', '汾西县', '141000', 'F', '0', '0'), ('141081', '侯马市', '141000', 'H', '0', '0'), ('141082', '霍州市', '141000', 'H', '0', '0'), ('141101', '市辖区', '141100', 'S', '0', '0'), ('141102', '离石区', '141100', 'L', '0', '0'), ('141121', '文水县', '141100', 'W', '0', '0'), ('141122', '交城县', '141100', 'J', '0', '0'), ('141123', '兴县', '141100', 'X', '0', '0'), ('141124', '临县', '141100', 'L', '0', '0'), ('141125', '柳林县', '141100', 'L', '0', '0'), ('141126', '石楼县', '141100', 'S', '0', '0'), ('141127', '岚县', '141100', '', '0', '0'), ('141128', '方山县', '141100', 'F', '0', '0'), ('141129', '中阳县', '141100', 'Z', '0', '0'), ('141130', '交口县', '141100', 'J', '0', '0'), ('141181', '孝义市', '141100', 'X', '0', '0'), ('141182', '汾阳市', '141100', 'F', '0', '0'), ('150101', '市辖区', '150100', 'S', '0', '0'), ('150102', '新城区', '150100', 'X', '0', '0'), ('150103', '回民区', '150100', 'H', '0', '0'), ('150104', '玉泉区', '150100', 'Y', '0', '0'), ('150105', '赛罕区', '150100', 'S', '0', '0'), ('150121', '土默特左旗', '150100', 'T', '0', '0'), ('150122', '托克托县', '150100', 'T', '0', '0'), ('150123', '和林格尔县', '150100', 'H', '0', '0'), ('150124', '清水河县', '150100', 'Q', '0', '0'), ('150125', '武川县', '150100', 'W', '0', '0'), ('150201', '市辖区', '150200', 'S', '0', '0'), ('150202', '东河区', '150200', 'D', '0', '0'), ('150203', '昆都仑区', '150200', 'K', '0', '0'), ('150204', '青山区', '150200', 'Q', '0', '0'), ('150205', '石拐区', '150200', 'S', '0', '0'), ('150206', '白云鄂博矿区', '150200', 'B', '0', '0'), ('150207', '九原区', '150200', 'J', '0', '0'), ('150221', '土默特右旗', '150200', 'T', '0', '0'), ('150222', '固阳县', '150200', 'G', '0', '0'), ('150223', '达尔罕茂明安联合旗', '150200', 'D', '0', '0'), ('150301', '市辖区', '150300', 'S', '0', '0'), ('150302', '海勃湾区', '150300', 'H', '0', '0'), ('150303', '海南区', '150300', 'H', '0', '0'), ('150304', '乌达区', '150300', 'W', '0', '0'), ('150401', '市辖区', '150400', 'S', '0', '0'), ('150402', '红山区', '150400', 'H', '0', '0'), ('150403', '元宝山区', '150400', 'Y', '0', '0'), ('150404', '松山区', '150400', 'S', '0', '0'), ('150421', '阿鲁科尔沁旗', '150400', 'A', '0', '0'), ('150422', '巴林左旗', '150400', 'B', '0', '0'), ('150423', '巴林右旗', '150400', 'B', '0', '0'), ('150424', '林西县', '150400', 'L', '0', '0'), ('150425', '克什克腾旗', '150400', 'K', '0', '0'), ('150426', '翁牛特旗', '150400', 'W', '0', '0'), ('150428', '喀喇沁旗', '150400', 'K', '0', '0'), ('150429', '宁城县', '150400', 'N', '0', '0'), ('150430', '敖汉旗', '150400', 'A', '0', '0'), ('150501', '市辖区', '150500', 'S', '0', '0'), ('150502', '科尔沁区', '150500', 'K', '0', '0'), ('150521', '科尔沁左翼中旗', '150500', 'K', '0', '0'), ('150522', '科尔沁左翼后旗', '150500', 'K', '0', '0'), ('150523', '开鲁县', '150500', 'K', '0', '0'), ('150524', '库伦旗', '150500', 'K', '0', '0'), ('150525', '奈曼旗', '150500', 'N', '0', '0'), ('150526', '扎鲁特旗', '150500', 'Z', '0', '0'), ('150581', '霍林郭勒市', '150500', 'H', '0', '0'), ('150601', '市辖区', '150600', 'S', '0', '0'), ('150602', '东胜区', '150600', 'D', '0', '0'), ('150621', '达拉特旗', '150600', 'D', '0', '0'), ('150622', '准格尔旗', '150600', 'Z', '0', '0'), ('150623', '鄂托克前旗', '150600', 'E', '0', '0'), ('150624', '鄂托克旗', '150600', 'E', '0', '0'), ('150625', '杭锦旗', '150600', 'H', '0', '0'), ('150626', '乌审旗', '150600', 'W', '0', '0'), ('150627', '伊金霍洛旗', '150600', 'Y', '0', '0'), ('150701', '市辖区', '150700', 'S', '0', '0'), ('150702', '海拉尔区', '150700', 'H', '0', '0'), ('150703', '扎赉诺尔区', '150700', 'Z', '0', '0'), ('150721', '阿荣旗', '150700', 'A', '0', '0'), ('150722', '莫力达瓦达斡尔族自治旗', '150700', 'M', '0', '0'), ('150723', '鄂伦春自治旗', '150700', 'E', '0', '0'), ('150724', '鄂温克族自治旗', '150700', 'E', '0', '0'), ('150725', '陈巴尔虎旗', '150700', 'C', '0', '0'), ('150726', '新巴尔虎左旗', '150700', 'X', '0', '0'), ('150727', '新巴尔虎右旗', '150700', 'X', '0', '0'), ('150781', '满洲里市', '150700', 'M', '0', '0'), ('150782', '牙克石市', '150700', 'Y', '0', '0'), ('150783', '扎兰屯市', '150700', 'Z', '0', '0'), ('150784', '额尔古纳市', '150700', 'E', '0', '0'), ('150785', '根河市', '150700', 'G', '0', '0'), ('150801', '市辖区', '150800', 'S', '0', '0'), ('150802', '临河区', '150800', 'L', '0', '0'), ('150821', '五原县', '150800', 'W', '0', '0'), ('150822', '磴口县', '150800', '', '0', '0'), ('150823', '乌拉特前旗', '150800', 'W', '0', '0'), ('150824', '乌拉特中旗', '150800', 'W', '0', '0'), ('150825', '乌拉特后旗', '150800', 'W', '0', '0'), ('150826', '杭锦后旗', '150800', 'H', '0', '0'), ('150901', '市辖区', '150900', 'S', '0', '0'), ('150902', '集宁区', '150900', 'J', '0', '0'), ('150921', '卓资县', '150900', 'Z', '0', '0'), ('150922', '化德县', '150900', 'H', '0', '0'), ('150923', '商都县', '150900', 'S', '0', '0'), ('150924', '兴和县', '150900', 'X', '0', '0'), ('150925', '凉城县', '150900', 'L', '0', '0'), ('150926', '察哈尔右翼前旗', '150900', 'C', '0', '0'), ('150927', '察哈尔右翼中旗', '150900', 'C', '0', '0'), ('150928', '察哈尔右翼后旗', '150900', 'C', '0', '0'), ('150929', '四子王旗', '150900', 'S', '0', '0'), ('150981', '丰镇市', '150900', 'F', '0', '0'), ('152201', '乌兰浩特市', '152200', 'W', '0', '0'), ('152202', '阿尔山市', '152200', 'A', '0', '0'), ('152221', '科尔沁右翼前旗', '152200', 'K', '0', '0'), ('152222', '科尔沁右翼中旗', '152200', 'K', '0', '0'), ('152223', '扎赉特旗', '152200', 'Z', '0', '0'), ('152224', '突泉县', '152200', 'T', '0', '0'), ('152501', '二连浩特市', '152500', 'E', '0', '0'), ('152502', '锡林浩特市', '152500', 'X', '0', '0'), ('152522', '阿巴嘎旗', '152500', 'A', '0', '0'), ('152523', '苏尼特左旗', '152500', 'S', '0', '0'), ('152524', '苏尼特右旗', '152500', 'S', '0', '0'), ('152525', '东乌珠穆沁旗', '152500', 'D', '0', '0'), ('152526', '西乌珠穆沁旗', '152500', 'X', '0', '0'), ('152527', '太仆寺旗', '152500', 'T', '0', '0'), ('152528', '镶黄旗', '152500', 'X', '0', '0'), ('152529', '正镶白旗', '152500', 'Z', '0', '0'), ('152530', '正蓝旗', '152500', 'Z', '0', '0'), ('152531', '多伦县', '152500', 'D', '0', '0'), ('152921', '阿拉善左旗', '152900', 'A', '0', '0'), ('152922', '阿拉善右旗', '152900', 'A', '0', '0'), ('152923', '额济纳旗', '152900', 'E', '0', '0'), ('210101', '市辖区', '210100', 'S', '0', '0'), ('210102', '和平区', '210100', 'H', '0', '0'), ('210103', '沈河区', '210100', 'S', '0', '0'), ('210104', '大东区', '210100', 'D', '0', '0'), ('210105', '皇姑区', '210100', 'H', '0', '0'), ('210106', '铁西区', '210100', 'T', '0', '0'), ('210111', '苏家屯区', '210100', 'S', '0', '0'), ('210112', '东陵区', '210100', 'D', '0', '0'), ('210113', '沈北新区', '210100', 'S', '0', '0'), ('210114', '于洪区', '210100', 'Y', '0', '0'), ('210122', '辽中县', '210100', 'L', '0', '0'), ('210123', '康平县', '210100', 'K', '0', '0'), ('210124', '法库县', '210100', 'F', '0', '0'), ('210181', '新民市', '210100', 'X', '0', '0'), ('210201', '市辖区', '210200', 'S', '0', '0'), ('210202', '中山区', '210200', 'Z', '0', '0'), ('210203', '西岗区', '210200', 'X', '0', '0'), ('210204', '沙河口区', '210200', 'S', '0', '0'), ('210211', '甘井子区', '210200', 'G', '0', '0'), ('210212', '旅顺口区', '210200', 'L', '0', '0'), ('210213', '金州区', '210200', 'J', '0', '0'), ('210224', '长海县', '210200', 'C', '0', '0'), ('210281', '瓦房店市', '210200', 'W', '0', '0'), ('210282', '普兰店市', '210200', 'P', '0', '0'), ('210283', '庄河市', '210200', 'Z', '0', '0'), ('210301', '市辖区', '210300', 'S', '0', '0'), ('210302', '铁东区', '210300', 'T', '0', '0'), ('210303', '铁西区', '210300', 'T', '0', '0'), ('210304', '立山区', '210300', 'L', '0', '0'), ('210311', '千山区', '210300', 'Q', '0', '0'), ('210321', '台安县', '210300', 'T', '0', '0'), ('210323', '岫岩满族自治县', '210300', '', '0', '0'), ('210381', '海城市', '210300', 'H', '0', '0'), ('210401', '市辖区', '210400', 'S', '0', '0'), ('210402', '新抚区', '210400', 'X', '0', '0'), ('210403', '东洲区', '210400', 'D', '0', '0'), ('210404', '望花区', '210400', 'W', '0', '0'), ('210411', '顺城区', '210400', 'S', '0', '0'), ('210421', '抚顺县', '210400', 'F', '0', '0'), ('210422', '新宾满族自治县', '210400', 'X', '0', '0'), ('210423', '清原满族自治县', '210400', 'Q', '0', '0'), ('210501', '市辖区', '210500', 'S', '0', '0'), ('210502', '平山区', '210500', 'P', '0', '0'), ('210503', '溪湖区', '210500', 'X', '0', '0'), ('210504', '明山区', '210500', 'M', '0', '0'), ('210505', '南芬区', '210500', 'N', '0', '0'), ('210521', '本溪满族自治县', '210500', 'B', '0', '0'), ('210522', '桓仁满族自治县', '210500', 'H', '0', '0'), ('210601', '市辖区', '210600', 'S', '0', '0'), ('210602', '元宝区', '210600', 'Y', '0', '0'), ('210603', '振兴区', '210600', 'Z', '0', '0'), ('210604', '振安区', '210600', 'Z', '0', '0'), ('210624', '宽甸满族自治县', '210600', 'K', '0', '0'), ('210681', '东港市', '210600', 'D', '0', '0'), ('210682', '凤城市', '210600', 'F', '0', '0'), ('210701', '市辖区', '210700', 'S', '0', '0'), ('210702', '古塔区', '210700', 'G', '0', '0'), ('210703', '凌河区', '210700', 'L', '0', '0'), ('210711', '太和区', '210700', 'T', '0', '0'), ('210726', '黑山县', '210700', 'H', '0', '0'), ('210727', '义县', '210700', 'Y', '0', '0'), ('210781', '凌海市', '210700', 'L', '0', '0'), ('210782', '北镇市', '210700', 'B', '0', '0'), ('210801', '市辖区', '210800', 'S', '0', '0'), ('210802', '站前区', '210800', 'Z', '0', '0'), ('210803', '西市区', '210800', 'X', '0', '0'), ('210804', '鲅鱼圈区', '210800', '', '0', '0'), ('210811', '老边区', '210800', 'L', '0', '0'), ('210881', '盖州市', '210800', 'G', '0', '0'), ('210882', '大石桥市', '210800', 'D', '0', '0'), ('210901', '市辖区', '210900', 'S', '0', '0'), ('210902', '海州区', '210900', 'H', '0', '0'), ('210903', '新邱区', '210900', 'X', '0', '0'), ('210904', '太平区', '210900', 'T', '0', '0'), ('210905', '清河门区', '210900', 'Q', '0', '0'), ('210911', '细河区', '210900', 'X', '0', '0'), ('210921', '阜新蒙古族自治县', '210900', 'F', '0', '0'), ('210922', '彰武县', '210900', 'Z', '0', '0'), ('211001', '市辖区', '211000', 'S', '0', '0'), ('211002', '白塔区', '211000', 'B', '0', '0'), ('211003', '文圣区', '211000', 'W', '0', '0'), ('211004', '宏伟区', '211000', 'H', '0', '0'), ('211005', '弓长岭区', '211000', 'G', '0', '0'), ('211011', '太子河区', '211000', 'T', '0', '0'), ('211021', '辽阳县', '211000', 'L', '0', '0'), ('211081', '灯塔市', '211000', 'D', '0', '0'), ('211101', '市辖区', '211100', 'S', '0', '0'), ('211102', '双台子区', '211100', 'S', '0', '0'), ('211103', '兴隆台区', '211100', 'X', '0', '0'), ('211121', '大洼县', '211100', 'D', '0', '0'), ('211122', '盘山县', '211100', 'P', '0', '0'), ('211201', '市辖区', '211200', 'S', '0', '0'), ('211202', '银州区', '211200', 'Y', '0', '0'), ('211204', '清河区', '211200', 'Q', '0', '0'), ('211221', '铁岭县', '211200', 'T', '0', '0'), ('211223', '西丰县', '211200', 'X', '0', '0'), ('211224', '昌图县', '211200', 'C', '0', '0'), ('211281', '调兵山市', '211200', 'D', '0', '0'), ('211282', '开原市', '211200', 'K', '0', '0'), ('211301', '市辖区', '211300', 'S', '0', '0'), ('211302', '双塔区', '211300', 'S', '0', '0'), ('211303', '龙城区', '211300', 'L', '0', '0'), ('211321', '朝阳县', '211300', 'C', '0', '0'), ('211322', '建平县', '211300', 'J', '0', '0'), ('211324', '喀喇沁左翼蒙古族自治县', '211300', 'K', '0', '0'), ('211381', '北票市', '211300', 'B', '0', '0'), ('211382', '凌源市', '211300', 'L', '0', '0'), ('211401', '市辖区', '211400', 'S', '0', '0'), ('211402', '连山区', '211400', 'L', '0', '0'), ('211403', '龙港区', '211400', 'L', '0', '0'), ('211404', '南票区', '211400', 'N', '0', '0'), ('211421', '绥中县', '211400', 'S', '0', '0'), ('211422', '建昌县', '211400', 'J', '0', '0'), ('211481', '兴城市', '211400', 'X', '0', '0'), ('220101', '市辖区', '220100', 'S', '0', '0'), ('220102', '南关区', '220100', 'N', '0', '0'), ('220103', '宽城区', '220100', 'K', '0', '0'), ('220104', '朝阳区', '220100', 'C', '0', '0'), ('220105', '二道区', '220100', 'E', '0', '0'), ('220106', '绿园区', '220100', 'L', '0', '0'), ('220112', '双阳区', '220100', 'S', '0', '0'), ('220122', '农安县', '220100', 'N', '0', '0'), ('220181', '九台市', '220100', 'J', '0', '0'), ('220182', '榆树市', '220100', 'Y', '0', '0'), ('220183', '德惠市', '220100', 'D', '0', '0'), ('220201', '市辖区', '220200', 'S', '0', '0'), ('220202', '昌邑区', '220200', 'C', '0', '0'), ('220203', '龙潭区', '220200', 'L', '0', '0'), ('220204', '船营区', '220200', 'C', '0', '0'), ('220211', '丰满区', '220200', 'F', '0', '0'), ('220221', '永吉县', '220200', 'Y', '0', '0'), ('220281', '蛟河市', '220200', '', '0', '0'), ('220282', '桦甸市', '220200', '', '0', '0'), ('220283', '舒兰市', '220200', 'S', '0', '0'), ('220284', '磐石市', '220200', 'P', '0', '0'), ('220301', '市辖区', '220300', 'S', '0', '0'), ('220302', '铁西区', '220300', 'T', '0', '0'), ('220303', '铁东区', '220300', 'T', '0', '0'), ('220322', '梨树县', '220300', 'L', '0', '0'), ('220323', '伊通满族自治县', '220300', 'Y', '0', '0'), ('220381', '公主岭市', '220300', 'G', '0', '0'), ('220382', '双辽市', '220300', 'S', '0', '0'), ('220401', '市辖区', '220400', 'S', '0', '0'), ('220402', '龙山区', '220400', 'L', '0', '0'), ('220403', '西安区', '220400', 'X', '0', '0'), ('220421', '东丰县', '220400', 'D', '0', '0'), ('220422', '东辽县', '220400', 'D', '0', '0'), ('220501', '市辖区', '220500', 'S', '0', '0'), ('220502', '东昌区', '220500', 'D', '0', '0'), ('220503', '二道江区', '220500', 'E', '0', '0'), ('220521', '通化县', '220500', 'T', '0', '0'), ('220523', '辉南县', '220500', 'H', '0', '0'), ('220524', '柳河县', '220500', 'L', '0', '0'), ('220581', '梅河口市', '220500', 'M', '0', '0'), ('220582', '集安市', '220500', 'J', '0', '0'), ('220601', '市辖区', '220600', 'S', '0', '0'), ('220602', '浑江区', '220600', 'H', '0', '0'), ('220605', '江源区', '220600', 'J', '0', '0'), ('220621', '抚松县', '220600', 'F', '0', '0'), ('220622', '靖宇县', '220600', 'J', '0', '0'), ('220623', '长白朝鲜族自治县', '220600', 'C', '0', '0'), ('220681', '临江市', '220600', 'L', '0', '0'), ('220701', '市辖区', '220700', 'S', '0', '0'), ('220702', '宁江区', '220700', 'N', '0', '0'), ('220721', '前郭尔罗斯蒙古族自治县', '220700', 'Q', '0', '0'), ('220722', '长岭县', '220700', 'C', '0', '0'), ('220723', '乾安县', '220700', 'Q', '0', '0'), ('220781', '扶余市', '220700', 'F', '0', '0'), ('220801', '市辖区', '220800', 'S', '0', '0'), ('220802', '洮北区', '220800', '', '0', '0'), ('220821', '镇赉县', '220800', 'Z', '0', '0'), ('220822', '通榆县', '220800', 'T', '0', '0'), ('220881', '洮南市', '220800', '', '0', '0'), ('220882', '大安市', '220800', 'D', '0', '0'), ('222401', '延吉市', '222400', 'Y', '0', '0'), ('222402', '图们市', '222400', 'T', '0', '0'), ('222403', '敦化市', '222400', 'D', '0', '0'), ('222404', '珲春市', '222400', '', '0', '0'), ('222405', '龙井市', '222400', 'L', '0', '0'), ('222406', '和龙市', '222400', 'H', '0', '0'), ('222424', '汪清县', '222400', 'W', '0', '0'), ('222426', '安图县', '222400', 'A', '0', '0'), ('230101', '市辖区', '230100', 'S', '0', '0'), ('230102', '道里区', '230100', 'D', '0', '0'), ('230103', '南岗区', '230100', 'N', '0', '0'), ('230104', '道外区', '230100', 'D', '0', '0'), ('230108', '平房区', '230100', 'P', '0', '0'), ('230109', '松北区', '230100', 'S', '0', '0'), ('230110', '香坊区', '230100', 'X', '0', '0'), ('230111', '呼兰区', '230100', 'H', '0', '0'), ('230112', '阿城区', '230100', 'A', '0', '0'), ('230123', '依兰县', '230100', 'Y', '0', '0'), ('230124', '方正县', '230100', 'F', '0', '0'), ('230125', '宾县', '230100', 'B', '0', '0'), ('230126', '巴彦县', '230100', 'B', '0', '0'), ('230127', '木兰县', '230100', 'M', '0', '0'), ('230128', '通河县', '230100', 'T', '0', '0'), ('230129', '延寿县', '230100', 'Y', '0', '0'), ('230182', '双城市', '230100', 'S', '0', '0'), ('230183', '尚志市', '230100', 'S', '0', '0'), ('230184', '五常市', '230100', 'W', '0', '0'), ('230201', '市辖区', '230200', 'S', '0', '0'), ('230202', '龙沙区', '230200', 'L', '0', '0'), ('230203', '建华区', '230200', 'J', '0', '0'), ('230204', '铁锋区', '230200', 'T', '0', '0'), ('230205', '昂昂溪区', '230200', 'A', '0', '0'), ('230206', '富拉尔基区', '230200', 'F', '0', '0'), ('230207', '碾子山区', '230200', 'N', '0', '0'), ('230208', '梅里斯达斡尔族区', '230200', 'M', '0', '0'), ('230221', '龙江县', '230200', 'L', '0', '0'), ('230223', '依安县', '230200', 'Y', '0', '0'), ('230224', '泰来县', '230200', 'T', '0', '0'), ('230225', '甘南县', '230200', 'G', '0', '0'), ('230227', '富裕县', '230200', 'F', '0', '0'), ('230229', '克山县', '230200', 'K', '0', '0'), ('230230', '克东县', '230200', 'K', '0', '0'), ('230231', '拜泉县', '230200', 'B', '0', '0'), ('230281', '讷河市', '230200', '', '0', '0'), ('230301', '市辖区', '230300', 'S', '0', '0'), ('230302', '鸡冠区', '230300', 'J', '0', '0'), ('230303', '恒山区', '230300', 'H', '0', '0'), ('230304', '滴道区', '230300', 'D', '0', '0'), ('230305', '梨树区', '230300', 'L', '0', '0'), ('230306', '城子河区', '230300', 'C', '0', '0'), ('230307', '麻山区', '230300', 'M', '0', '0'), ('230321', '鸡东县', '230300', 'J', '0', '0'), ('230381', '虎林市', '230300', 'H', '0', '0'), ('230382', '密山市', '230300', 'M', '0', '0'), ('230401', '市辖区', '230400', 'S', '0', '0'), ('230402', '向阳区', '230400', 'X', '0', '0'), ('230403', '工农区', '230400', 'G', '0', '0'), ('230404', '南山区', '230400', 'N', '0', '0'), ('230405', '兴安区', '230400', 'X', '0', '0'), ('230406', '东山区', '230400', 'D', '0', '0'), ('230407', '兴山区', '230400', 'X', '0', '0'), ('230421', '萝北县', '230400', 'L', '0', '0'), ('230422', '绥滨县', '230400', 'S', '0', '0'), ('230501', '市辖区', '230500', 'S', '0', '0'), ('230502', '尖山区', '230500', 'J', '0', '0'), ('230503', '岭东区', '230500', 'L', '0', '0'), ('230505', '四方台区', '230500', 'S', '0', '0'), ('230506', '宝山区', '230500', 'B', '0', '0'), ('230521', '集贤县', '230500', 'J', '0', '0'), ('230522', '友谊县', '230500', 'Y', '0', '0'), ('230523', '宝清县', '230500', 'B', '0', '0'), ('230524', '饶河县', '230500', 'R', '0', '0'), ('230601', '市辖区', '230600', 'S', '0', '0'), ('230602', '萨尔图区', '230600', 'S', '0', '0'), ('230603', '龙凤区', '230600', 'L', '0', '0'), ('230604', '让胡路区', '230600', 'R', '0', '0'), ('230605', '红岗区', '230600', 'H', '0', '0'), ('230606', '大同区', '230600', 'D', '0', '0'), ('230621', '肇州县', '230600', 'Z', '0', '0'), ('230622', '肇源县', '230600', 'Z', '0', '0'), ('230623', '林甸县', '230600', 'L', '0', '0'), ('230624', '杜尔伯特蒙古族自治县', '230600', 'D', '0', '0'), ('230701', '市辖区', '230700', 'S', '0', '0'), ('230702', '伊春区', '230700', 'Y', '0', '0'), ('230703', '南岔区', '230700', 'N', '0', '0'), ('230704', '友好区', '230700', 'Y', '0', '0'), ('230705', '西林区', '230700', 'X', '0', '0'), ('230706', '翠峦区', '230700', 'C', '0', '0'), ('230707', '新青区', '230700', 'X', '0', '0'), ('230708', '美溪区', '230700', 'M', '0', '0'), ('230709', '金山屯区', '230700', 'J', '0', '0'), ('230710', '五营区', '230700', 'W', '0', '0'), ('230711', '乌马河区', '230700', 'W', '0', '0'), ('230712', '汤旺河区', '230700', 'T', '0', '0'), ('230713', '带岭区', '230700', 'D', '0', '0'), ('230714', '乌伊岭区', '230700', 'W', '0', '0'), ('230715', '红星区', '230700', 'H', '0', '0'), ('230716', '上甘岭区', '230700', 'S', '0', '0'), ('230722', '嘉荫县', '230700', 'J', '0', '0'), ('230781', '铁力市', '230700', 'T', '0', '0'), ('230801', '市辖区', '230800', 'S', '0', '0'), ('230803', '向阳区', '230800', 'X', '0', '0'), ('230804', '前进区', '230800', 'Q', '0', '0'), ('230805', '东风区', '230800', 'D', '0', '0'), ('230811', '郊区', '230800', 'J', '0', '0'), ('230822', '桦南县', '230800', '', '0', '0'), ('230826', '桦川县', '230800', '', '0', '0'), ('230828', '汤原县', '230800', 'T', '0', '0'), ('230833', '抚远县', '230800', 'F', '0', '0'), ('230881', '同江市', '230800', 'T', '0', '0'), ('230882', '富锦市', '230800', 'F', '0', '0'), ('230901', '市辖区', '230900', 'S', '0', '0'), ('230902', '新兴区', '230900', 'X', '0', '0'), ('230903', '桃山区', '230900', 'T', '0', '0'), ('230904', '茄子河区', '230900', 'Q', '0', '0'), ('230921', '勃利县', '230900', 'B', '0', '0'), ('231001', '市辖区', '231000', 'S', '0', '0'), ('231002', '东安区', '231000', 'D', '0', '0'), ('231003', '阳明区', '231000', 'Y', '0', '0'), ('231004', '爱民区', '231000', 'A', '0', '0'), ('231005', '西安区', '231000', 'X', '0', '0'), ('231024', '东宁县', '231000', 'D', '0', '0'), ('231025', '林口县', '231000', 'L', '0', '0'), ('231081', '绥芬河市', '231000', 'S', '0', '0'), ('231083', '海林市', '231000', 'H', '0', '0'), ('231084', '宁安市', '231000', 'N', '0', '0'), ('231085', '穆棱市', '231000', 'M', '0', '0'), ('231101', '市辖区', '231100', 'S', '0', '0'), ('231102', '爱辉区', '231100', 'A', '0', '0'), ('231121', '嫩江县', '231100', 'N', '0', '0'), ('231123', '逊克县', '231100', 'X', '0', '0'), ('231124', '孙吴县', '231100', 'S', '0', '0'), ('231181', '北安市', '231100', 'B', '0', '0'), ('231182', '五大连池市', '231100', 'W', '0', '0'), ('231201', '市辖区', '231200', 'S', '0', '0'), ('231202', '北林区', '231200', 'B', '0', '0'), ('231221', '望奎县', '231200', 'W', '0', '0'), ('231222', '兰西县', '231200', 'L', '0', '0'), ('231223', '青冈县', '231200', 'Q', '0', '0'), ('231224', '庆安县', '231200', 'Q', '0', '0'), ('231225', '明水县', '231200', 'M', '0', '0'), ('231226', '绥棱县', '231200', 'S', '0', '0'), ('231281', '安达市', '231200', 'A', '0', '0'), ('231282', '肇东市', '231200', 'Z', '0', '0'), ('231283', '海伦市', '231200', 'H', '0', '0'), ('232721', '呼玛县', '232700', 'H', '0', '0'), ('232722', '塔河县', '232700', 'T', '0', '0'), ('232723', '漠河县', '232700', 'M', '0', '0'), ('320101', '市辖区', '320100', 'S', '0', '0'), ('320102', '玄武区', '320100', 'X', '0', '0'), ('320104', '秦淮区', '320100', 'Q', '0', '0'), ('320105', '建邺区', '320100', 'J', '0', '0'), ('320106', '鼓楼区', '320100', 'G', '0', '0'), ('320111', '浦口区', '320100', 'P', '0', '0'), ('320113', '栖霞区', '320100', 'Q', '0', '0'), ('320114', '雨花台区', '320100', 'Y', '0', '0'), ('320115', '江宁区', '320100', 'J', '0', '0'), ('320116', '六合区', '320100', 'L', '0', '0'), ('320117', '溧水区', '320100', '', '0', '0'), ('320118', '高淳区', '320100', 'G', '0', '0'), ('320201', '市辖区', '320200', 'S', '0', '0'), ('320202', '崇安区', '320200', 'C', '0', '0'), ('320203', '南长区', '320200', 'N', '0', '0'), ('320204', '北塘区', '320200', 'B', '0', '0'), ('320205', '锡山区', '320200', 'X', '0', '0'), ('320206', '惠山区', '320200', 'H', '0', '0'), ('320211', '滨湖区', '320200', 'B', '0', '0'), ('320281', '江阴市', '320200', 'J', '0', '0'), ('320282', '宜兴市', '320200', 'Y', '0', '0'), ('320301', '市辖区', '320300', 'S', '0', '0'), ('320302', '鼓楼区', '320300', 'G', '0', '0'), ('320303', '云龙区', '320300', 'Y', '0', '0'), ('320305', '贾汪区', '320300', 'J', '0', '0'), ('320311', '泉山区', '320300', 'Q', '0', '0'), ('320312', '铜山区', '320300', 'T', '0', '0'), ('320321', '丰县', '320300', 'F', '0', '0'), ('320322', '沛县', '320300', 'P', '0', '0'), ('320324', '睢宁县', '320300', '', '0', '0'), ('320381', '新沂市', '320300', 'X', '0', '0'), ('320382', '邳州市', '320300', '', '0', '0'), ('320401', '市辖区', '320400', 'S', '0', '0'), ('320402', '天宁区', '320400', 'T', '0', '0'), ('320404', '钟楼区', '320400', 'Z', '0', '0'), ('320405', '戚墅堰区', '320400', 'Q', '0', '0'), ('320411', '新北区', '320400', 'X', '0', '0'), ('320412', '武进区', '320400', 'W', '0', '0'), ('320481', '溧阳市', '320400', '', '0', '0'), ('320482', '金坛市', '320400', 'J', '0', '0'), ('320501', '市辖区', '320500', 'S', '0', '0'), ('320505', '虎丘区', '320500', 'H', '0', '0'), ('320506', '吴中区', '320500', 'W', '0', '0'), ('320507', '相城区', '320500', 'X', '0', '0'), ('320508', '姑苏区', '320500', 'G', '0', '0'), ('320509', '吴江区', '320500', 'W', '0', '0'), ('320581', '常熟市', '320500', 'C', '0', '0'), ('320582', '张家港市', '320500', 'Z', '0', '0'), ('320583', '昆山市', '320500', 'K', '0', '0'), ('320585', '太仓市', '320500', 'T', '0', '0'), ('320601', '市辖区', '320600', 'S', '0', '0'), ('320602', '崇川区', '320600', 'C', '0', '0'), ('320611', '港闸区', '320600', 'G', '0', '0'), ('320612', '通州区', '320600', 'T', '0', '0'), ('320621', '海安县', '320600', 'H', '0', '0'), ('320623', '如东县', '320600', 'R', '0', '0'), ('320681', '启东市', '320600', 'Q', '0', '0'), ('320682', '如皋市', '320600', 'R', '0', '0'), ('320684', '海门市', '320600', 'H', '0', '0'), ('320701', '市辖区', '320700', 'S', '0', '0'), ('320703', '连云区', '320700', 'L', '0', '0'), ('320705', '新浦区', '320700', 'X', '0', '0'), ('320706', '海州区', '320700', 'H', '0', '0'), ('320721', '赣榆县', '320700', 'G', '0', '0'), ('320722', '东海县', '320700', 'D', '0', '0'), ('320723', '灌云县', '320700', 'G', '0', '0'), ('320724', '灌南县', '320700', 'G', '0', '0'), ('320801', '市辖区', '320800', 'S', '0', '0'), ('320802', '清河区', '320800', 'Q', '0', '0'), ('320803', '淮安区', '320800', 'H', '0', '0'), ('320804', '淮阴区', '320800', 'H', '0', '0'), ('320811', '清浦区', '320800', 'Q', '0', '0'), ('320826', '涟水县', '320800', 'L', '0', '0'), ('320829', '洪泽县', '320800', 'H', '0', '0'), ('320830', '盱眙县', '320800', '', '0', '0'), ('320831', '金湖县', '320800', 'J', '0', '0'), ('320901', '市辖区', '320900', 'S', '0', '0'), ('320902', '亭湖区', '320900', 'T', '0', '0'), ('320903', '盐都区', '320900', 'Y', '0', '0'), ('320921', '响水县', '320900', 'X', '0', '0'), ('320922', '滨海县', '320900', 'B', '0', '0'), ('320923', '阜宁县', '320900', 'F', '0', '0'), ('320924', '射阳县', '320900', 'S', '0', '0'), ('320925', '建湖县', '320900', 'J', '0', '0'), ('320981', '东台市', '320900', 'D', '0', '0'), ('320982', '大丰市', '320900', 'D', '0', '0'), ('321001', '市辖区', '321000', 'S', '0', '0'), ('321002', '广陵区', '321000', 'G', '0', '0'), ('321003', '邗江区', '321000', '', '0', '0'), ('321012', '江都区', '321000', 'J', '0', '0'), ('321023', '宝应县', '321000', 'B', '0', '0'), ('321081', '仪征市', '321000', 'Y', '0', '0'), ('321084', '高邮市', '321000', 'G', '0', '0'), ('321101', '市辖区', '321100', 'S', '0', '0'), ('321102', '京口区', '321100', 'J', '0', '0'), ('321111', '润州区', '321100', 'R', '0', '0'), ('321112', '丹徒区', '321100', 'D', '0', '0'), ('321181', '丹阳市', '321100', 'D', '0', '0'), ('321182', '扬中市', '321100', 'Y', '0', '0'), ('321183', '句容市', '321100', 'J', '0', '0'), ('321201', '市辖区', '321200', 'S', '0', '0'), ('321202', '海陵区', '321200', 'H', '0', '0'), ('321203', '高港区', '321200', 'G', '0', '0'), ('321204', '姜堰区', '321200', 'J', '0', '0'), ('321281', '兴化市', '321200', 'X', '0', '0'), ('321282', '靖江市', '321200', 'J', '0', '0'), ('321283', '泰兴市', '321200', 'T', '0', '0'), ('321301', '市辖区', '321300', 'S', '0', '0'), ('321302', '宿城区', '321300', 'S', '0', '0'), ('321311', '宿豫区', '321300', 'S', '0', '0'), ('321322', '沭阳县', '321300', '', '0', '0'), ('321323', '泗阳县', '321300', '', '0', '0'), ('321324', '泗洪县', '321300', '', '0', '0'), ('330101', '市辖区', '330100', 'S', '0', '0'), ('330102', '上城区', '330100', 'S', '0', '0'), ('330103', '下城区', '330100', 'X', '0', '0'), ('330104', '江干区', '330100', 'J', '0', '0'), ('330105', '拱墅区', '330100', 'G', '0', '0'), ('330106', '西湖区', '330100', 'X', '0', '0'), ('330108', '滨江区', '330100', 'B', '0', '0'), ('330109', '萧山区', '330100', 'X', '0', '0'), ('330110', '余杭区', '330100', 'Y', '1', '1427955993'), ('330122', '桐庐县', '330100', 'T', '0', '0'), ('330127', '淳安县', '330100', 'C', '0', '0'), ('330182', '建德市', '330100', 'J', '0', '0'), ('330183', '富阳市', '330100', 'F', '0', '0'), ('330185', '临安市', '330100', 'L', '1', '0'), ('330201', '市辖区', '330200', 'S', '0', '0'), ('330203', '海曙区', '330200', 'H', '0', '0'), ('330204', '江东区', '330200', 'J', '0', '0'), ('330205', '江北区', '330200', 'J', '0', '0'), ('330206', '北仑区', '330200', 'B', '0', '0'), ('330211', '镇海区', '330200', 'Z', '0', '0'), ('330212', '鄞州区', '330200', '', '0', '0'), ('330225', '象山县', '330200', 'X', '0', '0'), ('330226', '宁海县', '330200', 'N', '0', '0'), ('330281', '余姚市', '330200', 'Y', '0', '0'), ('330282', '慈溪市', '330200', 'C', '0', '0'), ('330283', '奉化市', '330200', 'F', '0', '0'), ('330301', '市辖区', '330300', 'S', '0', '0'), ('330302', '鹿城区', '330300', 'L', '0', '0'), ('330303', '龙湾区', '330300', 'L', '0', '0'), ('330304', '瓯海区', '330300', '', '0', '0'), ('330322', '洞头县', '330300', 'D', '0', '0'), ('330324', '永嘉县', '330300', 'Y', '0', '0'), ('330326', '平阳县', '330300', 'P', '0', '0'), ('330327', '苍南县', '330300', 'C', '0', '0'), ('330328', '文成县', '330300', 'W', '0', '0'), ('330329', '泰顺县', '330300', 'T', '0', '0'), ('330381', '瑞安市', '330300', 'R', '0', '0'), ('330382', '乐清市', '330300', 'L', '1', '0'), ('330401', '市辖区', '330400', 'S', '0', '0'), ('330402', '南湖区', '330400', 'N', '0', '0'), ('330411', '秀洲区', '330400', 'X', '0', '0'), ('330421', '嘉善县', '330400', 'J', '0', '0'), ('330424', '海盐县', '330400', 'H', '0', '0'), ('330481', '海宁市', '330400', 'H', '0', '0'), ('330482', '平湖市', '330400', 'P', '0', '0'), ('330483', '桐乡市', '330400', 'T', '0', '0'), ('330501', '市辖区', '330500', 'S', '0', '0'), ('330502', '吴兴区', '330500', 'W', '0', '0'), ('330503', '南浔区', '330500', 'N', '0', '0'), ('330521', '德清县', '330500', 'D', '0', '0'), ('330522', '长兴县', '330500', 'C', '0', '0'), ('330523', '安吉县', '330500', 'A', '0', '0'), ('330601', '市辖区', '330600', 'S', '0', '0'), ('330602', '越城区', '330600', 'Y', '0', '0'), ('330621', '绍兴县', '330600', 'S', '0', '0'), ('330624', '新昌县', '330600', 'X', '0', '0'), ('330681', '诸暨市', '330600', 'Z', '0', '0'), ('330682', '上虞市', '330600', 'S', '0', '0'), ('330683', '嵊州市', '330600', '', '0', '0'), ('330701', '市辖区', '330700', 'S', '0', '0'), ('330702', '婺城区', '330700', '', '0', '0'), ('330703', '金东区', '330700', 'J', '0', '0'), ('330723', '武义县', '330700', 'W', '0', '0'), ('330726', '浦江县', '330700', 'P', '0', '0'), ('330727', '磐安县', '330700', 'P', '0', '0'), ('330781', '兰溪市', '330700', 'L', '0', '0'), ('330782', '义乌市', '330700', 'Y', '0', '0'), ('330783', '东阳市', '330700', 'D', '0', '0'), ('330784', '永康市', '330700', 'Y', '0', '0'), ('330801', '市辖区', '330800', 'S', '0', '0'), ('330802', '柯城区', '330800', 'K', '0', '0'), ('330803', '衢江区', '330800', '', '0', '0'), ('330822', '常山县', '330800', 'C', '0', '0'), ('330824', '开化县', '330800', 'K', '0', '0'), ('330825', '龙游县', '330800', 'L', '0', '0'), ('330881', '江山市', '330800', 'J', '0', '0'), ('330901', '市辖区', '330900', 'S', '0', '0'), ('330902', '定海区', '330900', 'D', '0', '0'), ('330903', '普陀区', '330900', 'P', '0', '0'), ('330921', '岱山县', '330900', '', '0', '0'), ('330922', '嵊泗县', '330900', '', '0', '0'), ('331001', '市辖区', '331000', 'S', '0', '0'), ('331002', '椒江区', '331000', 'J', '0', '0'), ('331003', '黄岩区', '331000', 'H', '0', '0'), ('331004', '路桥区', '331000', 'L', '0', '0'), ('331021', '玉环县', '331000', 'Y', '0', '0'), ('331022', '三门县', '331000', 'S', '0', '0'), ('331023', '天台县', '331000', 'T', '0', '0'), ('331024', '仙居县', '331000', 'X', '0', '0'), ('331081', '温岭市', '331000', 'W', '0', '0'), ('331082', '临海市', '331000', 'L', '0', '0'), ('331101', '市辖区', '331100', 'S', '0', '0'), ('331102', '莲都区', '331100', 'L', '0', '0'), ('331121', '青田县', '331100', 'Q', '0', '0'), ('331122', '缙云县', '331100', '', '0', '0'), ('331123', '遂昌县', '331100', 'S', '0', '0'), ('331124', '松阳县', '331100', 'S', '0', '0'), ('331125', '云和县', '331100', 'Y', '0', '0'), ('331126', '庆元县', '331100', 'Q', '0', '0'), ('331127', '景宁畲族自治县', '331100', 'J', '0', '0'), ('331181', '龙泉市', '331100', 'L', '0', '0'), ('340101', '市辖区', '340100', 'S', '0', '0'), ('340102', '瑶海区', '340100', 'Y', '0', '0'), ('340103', '庐阳区', '340100', 'L', '0', '0'), ('340104', '蜀山区', '340100', 'S', '0', '0'), ('340111', '包河区', '340100', 'B', '0', '0'), ('340121', '长丰县', '340100', 'C', '0', '0'), ('340122', '肥东县', '340100', 'F', '0', '0'), ('340123', '肥西县', '340100', 'F', '0', '0'), ('340124', '庐江县', '340100', 'L', '0', '0'), ('340181', '巢湖市', '340100', 'C', '0', '0'), ('340201', '市辖区', '340200', 'S', '0', '0'), ('340202', '镜湖区', '340200', 'J', '0', '0'), ('340203', '弋江区', '340200', '', '0', '0'), ('340207', '鸠江区', '340200', '', '0', '0'), ('340208', '三山区', '340200', 'S', '0', '0'), ('340221', '芜湖县', '340200', 'W', '0', '0'), ('340222', '繁昌县', '340200', 'F', '0', '0'), ('340223', '南陵县', '340200', 'N', '0', '0'), ('340225', '无为县', '340200', 'W', '0', '0'), ('340301', '市辖区', '340300', 'S', '0', '0'), ('340302', '龙子湖区', '340300', 'L', '0', '0'), ('340303', '蚌山区', '340300', 'B', '0', '0'), ('340304', '禹会区', '340300', 'Y', '0', '0'), ('340311', '淮上区', '340300', 'H', '0', '0'), ('340321', '怀远县', '340300', 'H', '0', '0'), ('340322', '五河县', '340300', 'W', '0', '0'), ('340323', '固镇县', '340300', 'G', '0', '0'), ('340401', '市辖区', '340400', 'S', '0', '0'), ('340402', '大通区', '340400', 'D', '0', '0'), ('340403', '田家庵区', '340400', 'T', '0', '0'), ('340404', '谢家集区', '340400', 'X', '0', '0'), ('340405', '八公山区', '340400', 'B', '0', '0'), ('340406', '潘集区', '340400', 'P', '0', '0'), ('340421', '凤台县', '340400', 'F', '0', '0'), ('340501', '市辖区', '340500', 'S', '0', '0'), ('340503', '花山区', '340500', 'H', '0', '0'), ('340504', '雨山区', '340500', 'Y', '0', '0'), ('340506', '博望区', '340500', 'B', '0', '0'), ('340521', '当涂县', '340500', 'D', '0', '0'), ('340522', '含山县', '340500', 'H', '0', '0'), ('340523', '和县', '340500', 'H', '0', '0'), ('340601', '市辖区', '340600', 'S', '0', '0'), ('340602', '杜集区', '340600', 'D', '0', '0'), ('340603', '相山区', '340600', 'X', '0', '0'), ('340604', '烈山区', '340600', 'L', '0', '0'), ('340621', '濉溪县', '340600', '', '0', '0'), ('340701', '市辖区', '340700', 'S', '0', '0'), ('340702', '铜官山区', '340700', 'T', '0', '0'), ('340703', '狮子山区', '340700', 'S', '0', '0'), ('340711', '郊区', '340700', 'J', '0', '0'), ('340721', '铜陵县', '340700', 'T', '0', '0'), ('340801', '市辖区', '340800', 'S', '0', '0'), ('340802', '迎江区', '340800', 'Y', '0', '0'), ('340803', '大观区', '340800', 'D', '0', '0'), ('340811', '宜秀区', '340800', 'Y', '0', '0'), ('340822', '怀宁县', '340800', 'H', '0', '0'), ('340823', '枞阳县', '340800', '', '0', '0'), ('340824', '潜山县', '340800', 'Q', '0', '0'), ('340825', '太湖县', '340800', 'T', '0', '0'), ('340826', '宿松县', '340800', 'S', '0', '0'), ('340827', '望江县', '340800', 'W', '0', '0'), ('340828', '岳西县', '340800', 'Y', '0', '0'), ('340881', '桐城市', '340800', 'T', '0', '0'), ('341001', '市辖区', '341000', 'S', '0', '0'), ('341002', '屯溪区', '341000', 'T', '0', '0'), ('341003', '黄山区', '341000', 'H', '0', '0'), ('341004', '徽州区', '341000', 'H', '0', '0'), ('341021', '歙县', '341000', '', '0', '0'), ('341022', '休宁县', '341000', 'X', '0', '0'), ('341023', '黟县', '341000', '', '0', '0'), ('341024', '祁门县', '341000', 'Q', '0', '0'), ('341101', '市辖区', '341100', 'S', '0', '0'), ('341102', '琅琊区', '341100', 'L', '0', '0'), ('341103', '南谯区', '341100', 'N', '0', '0'), ('341122', '来安县', '341100', 'L', '0', '0'), ('341124', '全椒县', '341100', 'Q', '0', '0'), ('341125', '定远县', '341100', 'D', '0', '0'), ('341126', '凤阳县', '341100', 'F', '0', '0'), ('341181', '天长市', '341100', 'T', '0', '0'), ('341182', '明光市', '341100', 'M', '0', '0'), ('341201', '市辖区', '341200', 'S', '0', '0'), ('341202', '颍州区', '341200', '', '0', '0'), ('341203', '颍东区', '341200', '', '0', '0'), ('341204', '颍泉区', '341200', '', '0', '0'), ('341221', '临泉县', '341200', 'L', '0', '0'), ('341222', '太和县', '341200', 'T', '0', '0'), ('341225', '阜南县', '341200', 'F', '0', '0'), ('341226', '颍上县', '341200', '', '0', '0'), ('341282', '界首市', '341200', 'J', '0', '0'), ('341301', '市辖区', '341300', 'S', '0', '0'), ('341302', '埇桥区', '341300', '', '0', '0'), ('341321', '砀山县', '341300', '', '0', '0'), ('341322', '萧县', '341300', 'X', '0', '0'), ('341323', '灵璧县', '341300', 'L', '0', '0'), ('341324', '泗县', '341300', '', '0', '0'), ('341501', '市辖区', '341500', 'S', '0', '0'), ('341502', '金安区', '341500', 'J', '0', '0'), ('341503', '裕安区', '341500', 'Y', '0', '0'), ('341521', '寿县', '341500', 'S', '0', '0'), ('341522', '霍邱县', '341500', 'H', '0', '0'), ('341523', '舒城县', '341500', 'S', '0', '0'), ('341524', '金寨县', '341500', 'J', '0', '0'), ('341525', '霍山县', '341500', 'H', '0', '0'), ('341601', '市辖区', '341600', 'S', '0', '0'), ('341602', '谯城区', '341600', '', '0', '0'), ('341621', '涡阳县', '341600', 'W', '0', '0'), ('341622', '蒙城县', '341600', 'M', '0', '0'), ('341623', '利辛县', '341600', 'L', '0', '0'), ('341701', '市辖区', '341700', 'S', '0', '0'), ('341702', '贵池区', '341700', 'G', '0', '0'), ('341721', '东至县', '341700', 'D', '0', '0'), ('341722', '石台县', '341700', 'S', '0', '0'), ('341723', '青阳县', '341700', 'Q', '0', '0'), ('341801', '市辖区', '341800', 'S', '0', '0'), ('341802', '宣州区', '341800', 'X', '0', '0'), ('341821', '郎溪县', '341800', 'L', '0', '0'), ('341822', '广德县', '341800', 'G', '0', '0'), ('341823', '泾县', '341800', '', '0', '0'), ('341824', '绩溪县', '341800', 'J', '0', '0'), ('341825', '旌德县', '341800', '', '0', '0'), ('341881', '宁国市', '341800', 'N', '0', '0'), ('350101', '市辖区', '350100', 'S', '0', '0'), ('350102', '鼓楼区', '350100', 'G', '0', '0'), ('350103', '台江区', '350100', 'T', '0', '0'), ('350104', '仓山区', '350100', 'C', '0', '0'), ('350105', '马尾区', '350100', 'M', '0', '0'), ('350111', '晋安区', '350100', 'J', '0', '0'), ('350121', '闽侯县', '350100', 'M', '0', '0'), ('350122', '连江县', '350100', 'L', '0', '0'), ('350123', '罗源县', '350100', 'L', '0', '0'), ('350124', '闽清县', '350100', 'M', '0', '0'), ('350125', '永泰县', '350100', 'Y', '0', '0'), ('350128', '平潭县', '350100', 'P', '0', '0'), ('350181', '福清市', '350100', 'F', '0', '0'), ('350182', '长乐市', '350100', 'C', '0', '0'), ('350201', '市辖区', '350200', 'S', '0', '0'), ('350203', '思明区', '350200', 'S', '0', '0'), ('350205', '海沧区', '350200', 'H', '0', '0'), ('350206', '湖里区', '350200', 'H', '0', '0'), ('350211', '集美区', '350200', 'J', '0', '0'), ('350212', '同安区', '350200', 'T', '0', '0'), ('350213', '翔安区', '350200', 'X', '0', '0'), ('350301', '市辖区', '350300', 'S', '0', '0'), ('350302', '城厢区', '350300', 'C', '0', '0'), ('350303', '涵江区', '350300', 'H', '0', '0'), ('350304', '荔城区', '350300', 'L', '0', '0'), ('350305', '秀屿区', '350300', 'X', '0', '0'), ('350322', '仙游县', '350300', 'X', '0', '0'), ('350401', '市辖区', '350400', 'S', '0', '0'), ('350402', '梅列区', '350400', 'M', '0', '0'), ('350403', '三元区', '350400', 'S', '0', '0'), ('350421', '明溪县', '350400', 'M', '0', '0'), ('350423', '清流县', '350400', 'Q', '0', '0'), ('350424', '宁化县', '350400', 'N', '0', '0'), ('350425', '大田县', '350400', 'D', '0', '0'), ('350426', '尤溪县', '350400', 'Y', '0', '0'), ('350427', '沙县', '350400', 'S', '0', '0'), ('350428', '将乐县', '350400', 'J', '0', '0'), ('350429', '泰宁县', '350400', 'T', '0', '0'), ('350430', '建宁县', '350400', 'J', '0', '0'), ('350481', '永安市', '350400', 'Y', '0', '0'), ('350501', '市辖区', '350500', 'S', '0', '0'), ('350502', '鲤城区', '350500', 'L', '0', '0'), ('350503', '丰泽区', '350500', 'F', '0', '0'), ('350504', '洛江区', '350500', 'L', '0', '0'), ('350505', '泉港区', '350500', 'Q', '0', '0'), ('350521', '惠安县', '350500', 'H', '0', '0'), ('350524', '安溪县', '350500', 'A', '0', '0'), ('350525', '永春县', '350500', 'Y', '0', '0'), ('350526', '德化县', '350500', 'D', '0', '0'), ('350527', '金门县', '350500', 'J', '0', '0'), ('350581', '石狮市', '350500', 'S', '0', '0'), ('350582', '晋江市', '350500', 'J', '0', '0'), ('350583', '南安市', '350500', 'N', '0', '0'), ('350601', '市辖区', '350600', 'S', '0', '0'), ('350602', '芗城区', '350600', '', '0', '0'), ('350603', '龙文区', '350600', 'L', '0', '0'), ('350622', '云霄县', '350600', 'Y', '0', '0'), ('350623', '漳浦县', '350600', 'Z', '0', '0'), ('350624', '诏安县', '350600', '', '0', '0'), ('350625', '长泰县', '350600', 'C', '0', '0'), ('350626', '东山县', '350600', 'D', '0', '0'), ('350627', '南靖县', '350600', 'N', '0', '0'), ('350628', '平和县', '350600', 'P', '0', '0'), ('350629', '华安县', '350600', 'H', '0', '0'), ('350681', '龙海市', '350600', 'L', '0', '0'), ('350701', '市辖区', '350700', 'S', '0', '0'), ('350702', '延平区', '350700', 'Y', '0', '0'), ('350721', '顺昌县', '350700', 'S', '0', '0'), ('350722', '浦城县', '350700', 'P', '0', '0'), ('350723', '光泽县', '350700', 'G', '0', '0'), ('350724', '松溪县', '350700', 'S', '0', '0'), ('350725', '政和县', '350700', 'Z', '0', '0'), ('350781', '邵武市', '350700', 'S', '0', '0'), ('350782', '武夷山市', '350700', 'W', '0', '0'), ('350783', '建瓯市', '350700', 'J', '0', '0'), ('350784', '建阳市', '350700', 'J', '0', '0'), ('350801', '市辖区', '350800', 'S', '0', '0'), ('350802', '新罗区', '350800', 'X', '0', '0'), ('350821', '长汀县', '350800', 'C', '0', '0'), ('350822', '永定县', '350800', 'Y', '0', '0'), ('350823', '上杭县', '350800', 'S', '0', '0'), ('350824', '武平县', '350800', 'W', '0', '0'), ('350825', '连城县', '350800', 'L', '0', '0'), ('350881', '漳平市', '350800', 'Z', '0', '0'), ('350901', '市辖区', '350900', 'S', '0', '0'), ('350902', '蕉城区', '350900', 'J', '0', '0'), ('350921', '霞浦县', '350900', 'X', '0', '0'), ('350922', '古田县', '350900', 'G', '0', '0'), ('350923', '屏南县', '350900', 'P', '0', '0'), ('350924', '寿宁县', '350900', 'S', '0', '0'), ('350925', '周宁县', '350900', 'Z', '0', '0'), ('350926', '柘荣县', '350900', '', '0', '0'), ('350981', '福安市', '350900', 'F', '0', '0'), ('350982', '福鼎市', '350900', 'F', '0', '0'), ('360101', '市辖区', '360100', 'S', '0', '0'), ('360102', '东湖区', '360100', 'D', '0', '0'), ('360103', '西湖区', '360100', 'X', '0', '0'), ('360104', '青云谱区', '360100', 'Q', '0', '0'), ('360105', '湾里区', '360100', 'W', '0', '0'), ('360111', '青山湖区', '360100', 'Q', '0', '0'), ('360121', '南昌县', '360100', 'N', '0', '0'), ('360122', '新建县', '360100', 'X', '0', '0'), ('360123', '安义县', '360100', 'A', '0', '0'), ('360124', '进贤县', '360100', 'J', '0', '0'), ('360201', '市辖区', '360200', 'S', '0', '0'), ('360202', '昌江区', '360200', 'C', '0', '0'), ('360203', '珠山区', '360200', 'Z', '0', '0'), ('360222', '浮梁县', '360200', 'F', '0', '0'), ('360281', '乐平市', '360200', 'L', '0', '0'), ('360301', '市辖区', '360300', 'S', '0', '0'), ('360302', '安源区', '360300', 'A', '0', '0'), ('360313', '湘东区', '360300', 'X', '0', '0'), ('360321', '莲花县', '360300', 'L', '0', '0'), ('360322', '上栗县', '360300', 'S', '0', '0'), ('360323', '芦溪县', '360300', 'L', '0', '0'), ('360401', '市辖区', '360400', 'S', '0', '0'), ('360402', '庐山区', '360400', 'L', '0', '0'), ('360403', '浔阳区', '360400', '', '0', '0'), ('360421', '九江县', '360400', 'J', '0', '0'), ('360423', '武宁县', '360400', 'W', '0', '0'), ('360424', '修水县', '360400', 'X', '0', '0'), ('360425', '永修县', '360400', 'Y', '0', '0'), ('360426', '德安县', '360400', 'D', '0', '0'), ('360427', '星子县', '360400', 'X', '0', '0'), ('360428', '都昌县', '360400', 'D', '0', '0'), ('360429', '湖口县', '360400', 'H', '0', '0'), ('360430', '彭泽县', '360400', 'P', '0', '0'), ('360481', '瑞昌市', '360400', 'R', '0', '0'), ('360482', '共青城市', '360400', 'G', '0', '0'), ('360501', '市辖区', '360500', 'S', '0', '0'), ('360502', '渝水区', '360500', 'Y', '0', '0'), ('360521', '分宜县', '360500', 'F', '0', '0'), ('360601', '市辖区', '360600', 'S', '0', '0'), ('360602', '月湖区', '360600', 'Y', '0', '0'), ('360622', '余江县', '360600', 'Y', '0', '0'), ('360681', '贵溪市', '360600', 'G', '0', '0'), ('360701', '市辖区', '360700', 'S', '0', '0'), ('360702', '章贡区', '360700', 'Z', '0', '0'), ('360721', '赣县', '360700', 'G', '0', '0'), ('360722', '信丰县', '360700', 'X', '0', '0'), ('360723', '大余县', '360700', 'D', '0', '0'), ('360724', '上犹县', '360700', 'S', '0', '0'), ('360725', '崇义县', '360700', 'C', '0', '0'), ('360726', '安远县', '360700', 'A', '0', '0'), ('360727', '龙南县', '360700', 'L', '0', '0'), ('360728', '定南县', '360700', 'D', '0', '0'), ('360729', '全南县', '360700', 'Q', '0', '0'), ('360730', '宁都县', '360700', 'N', '0', '0'), ('360731', '于都县', '360700', 'Y', '0', '0'), ('360732', '兴国县', '360700', 'X', '0', '0'), ('360733', '会昌县', '360700', 'H', '0', '0'), ('360734', '寻乌县', '360700', 'X', '0', '0'), ('360735', '石城县', '360700', 'S', '0', '0'), ('360781', '瑞金市', '360700', 'R', '0', '0'), ('360782', '南康市', '360700', 'N', '0', '0'), ('360801', '市辖区', '360800', 'S', '0', '0'), ('360802', '吉州区', '360800', 'J', '0', '0'), ('360803', '青原区', '360800', 'Q', '0', '0'), ('360821', '吉安县', '360800', 'J', '0', '0'), ('360822', '吉水县', '360800', 'J', '0', '0'), ('360823', '峡江县', '360800', 'X', '0', '0'), ('360824', '新干县', '360800', 'X', '0', '0'), ('360825', '永丰县', '360800', 'Y', '0', '0'), ('360826', '泰和县', '360800', 'T', '0', '0'), ('360827', '遂川县', '360800', 'S', '0', '0'), ('360828', '万安县', '360800', 'W', '0', '0'), ('360829', '安福县', '360800', 'A', '0', '0'), ('360830', '永新县', '360800', 'Y', '0', '0'), ('360881', '井冈山市', '360800', 'J', '0', '0'), ('360901', '市辖区', '360900', 'S', '0', '0'), ('360902', '袁州区', '360900', 'Y', '0', '0'), ('360921', '奉新县', '360900', 'F', '0', '0'), ('360922', '万载县', '360900', 'W', '0', '0'), ('360923', '上高县', '360900', 'S', '0', '0'), ('360924', '宜丰县', '360900', 'Y', '0', '0'), ('360925', '靖安县', '360900', 'J', '0', '0'), ('360926', '铜鼓县', '360900', 'T', '0', '0'), ('360981', '丰城市', '360900', 'F', '0', '0'), ('360982', '樟树市', '360900', 'Z', '0', '0'), ('360983', '高安市', '360900', 'G', '0', '0'), ('361001', '市辖区', '361000', 'S', '0', '0'), ('361002', '临川区', '361000', 'L', '0', '0'), ('361021', '南城县', '361000', 'N', '0', '0'), ('361022', '黎川县', '361000', 'L', '0', '0'), ('361023', '南丰县', '361000', 'N', '0', '0'), ('361024', '崇仁县', '361000', 'C', '0', '0'), ('361025', '乐安县', '361000', 'L', '0', '0'), ('361026', '宜黄县', '361000', 'Y', '0', '0'), ('361027', '金溪县', '361000', 'J', '0', '0'), ('361028', '资溪县', '361000', 'Z', '0', '0'), ('361029', '东乡县', '361000', 'D', '0', '0'), ('361030', '广昌县', '361000', 'G', '0', '0'), ('361101', '市辖区', '361100', 'S', '0', '0'), ('361102', '信州区', '361100', 'X', '0', '0'), ('361121', '上饶县', '361100', 'S', '0', '0'), ('361122', '广丰县', '361100', 'G', '0', '0'), ('361123', '玉山县', '361100', 'Y', '0', '0'), ('361124', '铅山县', '361100', 'Q', '0', '0'), ('361125', '横峰县', '361100', 'H', '0', '0'), ('361126', '弋阳县', '361100', '', '0', '0'), ('361127', '余干县', '361100', 'Y', '0', '0'), ('361128', '鄱阳县', '361100', '', '0', '0'), ('361129', '万年县', '361100', 'W', '0', '0'), ('361130', '婺源县', '361100', '', '0', '0'), ('361181', '德兴市', '361100', 'D', '0', '0'), ('370101', '市辖区', '370100', 'S', '0', '0'), ('370102', '历下区', '370100', 'L', '0', '0'), ('370103', '市中区', '370100', 'S', '0', '0'), ('370104', '槐荫区', '370100', 'H', '0', '0'), ('370105', '天桥区', '370100', 'T', '0', '0'), ('370112', '历城区', '370100', 'L', '0', '0'), ('370113', '长清区', '370100', 'C', '0', '0'), ('370124', '平阴县', '370100', 'P', '0', '0'), ('370125', '济阳县', '370100', 'J', '0', '0'), ('370126', '商河县', '370100', 'S', '0', '0'), ('370181', '章丘市', '370100', 'Z', '0', '0'), ('370201', '市辖区', '370200', 'S', '0', '0'), ('370202', '市南区', '370200', 'S', '0', '0'), ('370203', '市北区', '370200', 'S', '0', '0'), ('370211', '黄岛区', '370200', 'H', '0', '0'), ('370212', '崂山区', '370200', '', '0', '0'), ('370213', '李沧区', '370200', 'L', '0', '0'), ('370214', '城阳区', '370200', 'C', '0', '0'), ('370281', '胶州市', '370200', 'J', '0', '0'), ('370282', '即墨市', '370200', 'J', '0', '0'), ('370283', '平度市', '370200', 'P', '0', '0'), ('370285', '莱西市', '370200', 'L', '0', '0'), ('370301', '市辖区', '370300', 'S', '0', '0'), ('370302', '淄川区', '370300', 'Z', '0', '0'), ('370303', '张店区', '370300', 'Z', '0', '0'), ('370304', '博山区', '370300', 'B', '0', '0'), ('370305', '临淄区', '370300', 'L', '0', '0'), ('370306', '周村区', '370300', 'Z', '0', '0'), ('370321', '桓台县', '370300', 'H', '0', '0'), ('370322', '高青县', '370300', 'G', '0', '0'), ('370323', '沂源县', '370300', 'Y', '0', '0'), ('370401', '市辖区', '370400', 'S', '0', '0'), ('370402', '市中区', '370400', 'S', '0', '0'), ('370403', '薛城区', '370400', 'X', '0', '0'), ('370404', '峄城区', '370400', '', '0', '0'), ('370405', '台儿庄区', '370400', 'T', '0', '0'), ('370406', '山亭区', '370400', 'S', '0', '0'), ('370481', '滕州市', '370400', '', '0', '0'), ('370501', '市辖区', '370500', 'S', '0', '0'), ('370502', '东营区', '370500', 'D', '0', '0'), ('370503', '河口区', '370500', 'H', '0', '0'), ('370521', '垦利县', '370500', 'K', '0', '0'), ('370522', '利津县', '370500', 'L', '0', '0'), ('370523', '广饶县', '370500', 'G', '0', '0'), ('370601', '市辖区', '370600', 'S', '0', '0'), ('370602', '芝罘区', '370600', 'Z', '0', '0'), ('370611', '福山区', '370600', 'F', '0', '0'), ('370612', '牟平区', '370600', 'M', '0', '0'), ('370613', '莱山区', '370600', 'L', '0', '0'), ('370634', '长岛县', '370600', 'C', '0', '0'), ('370681', '龙口市', '370600', 'L', '0', '0'), ('370682', '莱阳市', '370600', 'L', '0', '0'), ('370683', '莱州市', '370600', 'L', '0', '0'), ('370684', '蓬莱市', '370600', 'P', '0', '0'), ('370685', '招远市', '370600', 'Z', '0', '0'), ('370686', '栖霞市', '370600', 'Q', '0', '0'), ('370687', '海阳市', '370600', 'H', '0', '0'), ('370701', '市辖区', '370700', 'S', '0', '0'), ('370702', '潍城区', '370700', 'W', '0', '0'), ('370703', '寒亭区', '370700', 'H', '0', '0'), ('370704', '坊子区', '370700', 'F', '0', '0'), ('370705', '奎文区', '370700', 'K', '0', '0'), ('370724', '临朐县', '370700', 'L', '0', '0'), ('370725', '昌乐县', '370700', 'C', '0', '0'), ('370781', '青州市', '370700', 'Q', '0', '0'), ('370782', '诸城市', '370700', 'Z', '0', '0'), ('370783', '寿光市', '370700', 'S', '0', '0'), ('370784', '安丘市', '370700', 'A', '0', '0'), ('370785', '高密市', '370700', 'G', '0', '0'), ('370786', '昌邑市', '370700', 'C', '0', '0'), ('370801', '市辖区', '370800', 'S', '0', '0'), ('370802', '市中区', '370800', 'S', '0', '0'), ('370811', '任城区', '370800', 'R', '0', '0'), ('370826', '微山县', '370800', 'W', '0', '0'), ('370827', '鱼台县', '370800', 'Y', '0', '0'), ('370828', '金乡县', '370800', 'J', '0', '0'), ('370829', '嘉祥县', '370800', 'J', '0', '0'), ('370830', '汶上县', '370800', '', '0', '0'), ('370831', '泗水县', '370800', '', '0', '0'), ('370832', '梁山县', '370800', 'L', '0', '0'), ('370881', '曲阜市', '370800', 'Q', '0', '0'), ('370882', '兖州市', '370800', '', '0', '0'), ('370883', '邹城市', '370800', 'Z', '0', '0'), ('370901', '市辖区', '370900', 'S', '0', '0'), ('370902', '泰山区', '370900', 'T', '0', '0'), ('370911', '岱岳区', '370900', '', '0', '0'), ('370921', '宁阳县', '370900', 'N', '0', '0'), ('370923', '东平县', '370900', 'D', '0', '0'), ('370982', '新泰市', '370900', 'X', '0', '0'), ('370983', '肥城市', '370900', 'F', '0', '0'), ('371001', '市辖区', '371000', 'S', '0', '0'), ('371002', '环翠区', '371000', 'H', '0', '0'), ('371081', '文登市', '371000', 'W', '0', '0'), ('371082', '荣成市', '371000', 'R', '0', '0'), ('371083', '乳山市', '371000', 'R', '0', '0'), ('371101', '市辖区', '371100', 'S', '0', '0'), ('371102', '东港区', '371100', 'D', '0', '0'), ('371103', '岚山区', '371100', '', '0', '0'), ('371121', '五莲县', '371100', 'W', '0', '0'), ('371122', '莒县', '371100', '', '0', '0'), ('371201', '市辖区', '371200', 'S', '0', '0'), ('371202', '莱城区', '371200', 'L', '0', '0'), ('371203', '钢城区', '371200', 'G', '0', '0'), ('371301', '市辖区', '371300', 'S', '0', '0'), ('371302', '兰山区', '371300', 'L', '0', '0'), ('371311', '罗庄区', '371300', 'L', '0', '0'), ('371312', '河东区', '371300', 'H', '0', '0'), ('371321', '沂南县', '371300', 'Y', '0', '0'), ('371322', '郯城县', '371300', '', '0', '0'), ('371323', '沂水县', '371300', 'Y', '0', '0'), ('371324', '苍山县', '371300', 'C', '0', '0'), ('371325', '费县', '371300', 'F', '0', '0'), ('371326', '平邑县', '371300', 'P', '0', '0'), ('371327', '莒南县', '371300', '', '0', '0'), ('371328', '蒙阴县', '371300', 'M', '0', '0'), ('371329', '临沭县', '371300', 'L', '0', '0'), ('371401', '市辖区', '371400', 'S', '0', '0'), ('371402', '德城区', '371400', 'D', '0', '0'), ('371421', '陵县', '371400', 'L', '0', '0'), ('371422', '宁津县', '371400', 'N', '0', '0'), ('371423', '庆云县', '371400', 'Q', '0', '0'), ('371424', '临邑县', '371400', 'L', '0', '0'), ('371425', '齐河县', '371400', 'Q', '0', '0'), ('371426', '平原县', '371400', 'P', '0', '0'), ('371427', '夏津县', '371400', 'X', '0', '0'), ('371428', '武城县', '371400', 'W', '0', '0'), ('371481', '乐陵市', '371400', 'L', '0', '0'), ('371482', '禹城市', '371400', 'Y', '0', '0'), ('371501', '市辖区', '371500', 'S', '0', '0'), ('371502', '东昌府区', '371500', 'D', '0', '0'), ('371521', '阳谷县', '371500', 'Y', '0', '0'), ('371522', '莘县', '371500', '', '0', '0'), ('371523', '茌平县', '371500', '', '0', '0'), ('371524', '东阿县', '371500', 'D', '0', '0'), ('371525', '冠县', '371500', 'G', '0', '0'), ('371526', '高唐县', '371500', 'G', '0', '0'), ('371581', '临清市', '371500', 'L', '0', '0'), ('371601', '市辖区', '371600', 'S', '0', '0'), ('371602', '滨城区', '371600', 'B', '0', '0'), ('371621', '惠民县', '371600', 'H', '0', '0'), ('371622', '阳信县', '371600', 'Y', '0', '0'), ('371623', '无棣县', '371600', 'W', '0', '0'), ('371624', '沾化县', '371600', 'Z', '0', '0'), ('371625', '博兴县', '371600', 'B', '0', '0'), ('371626', '邹平县', '371600', 'Z', '0', '0'), ('371701', '市辖区', '371700', 'S', '0', '0'), ('371702', '牡丹区', '371700', 'M', '0', '0'), ('371721', '曹县', '371700', 'C', '0', '0'), ('371722', '单县', '371700', 'D', '0', '0'), ('371723', '成武县', '371700', 'C', '0', '0'), ('371724', '巨野县', '371700', 'J', '0', '0'), ('371725', '郓城县', '371700', '', '0', '0'), ('371726', '鄄城县', '371700', '', '0', '0'), ('371727', '定陶县', '371700', 'D', '0', '0'), ('371728', '东明县', '371700', 'D', '0', '0'), ('410101', '市辖区', '410100', 'S', '0', '0'), ('410102', '中原区', '410100', 'Z', '0', '0'), ('410103', '二七区', '410100', 'E', '0', '0'), ('410104', '管城回族区', '410100', 'G', '0', '0'), ('410105', '金水区', '410100', 'J', '0', '0'), ('410106', '上街区', '410100', 'S', '0', '0'), ('410108', '惠济区', '410100', 'H', '0', '0'), ('410122', '中牟县', '410100', 'Z', '0', '0'), ('410181', '巩义市', '410100', 'G', '0', '0'), ('410182', '荥阳市', '410100', '', '0', '0'), ('410183', '新密市', '410100', 'X', '0', '0'), ('410184', '新郑市', '410100', 'X', '0', '0'), ('410185', '登封市', '410100', 'D', '0', '0'), ('410201', '市辖区', '410200', 'S', '0', '0'), ('410202', '龙亭区', '410200', 'L', '0', '0'), ('410203', '顺河回族区', '410200', 'S', '0', '0'), ('410204', '鼓楼区', '410200', 'G', '0', '0'), ('410205', '禹王台区', '410200', 'Y', '0', '0'), ('410211', '金明区', '410200', 'J', '0', '0'), ('410221', '杞县', '410200', '', '0', '0'), ('410222', '通许县', '410200', 'T', '0', '0'), ('410223', '尉氏县', '410200', 'W', '0', '0'), ('410224', '开封县', '410200', 'K', '0', '0'), ('410225', '兰考县', '410200', 'L', '0', '0'), ('410301', '市辖区', '410300', 'S', '0', '0'), ('410302', '老城区', '410300', 'L', '0', '0'), ('410303', '西工区', '410300', 'X', '0', '0'), ('410304', '瀍河回族区', '410300', '', '0', '0'), ('410305', '涧西区', '410300', 'J', '0', '0'), ('410306', '吉利区', '410300', 'J', '0', '0'), ('410311', '洛龙区', '410300', 'L', '0', '0'), ('410322', '孟津县', '410300', 'M', '0', '0'), ('410323', '新安县', '410300', 'X', '0', '0'), ('410324', '栾川县', '410300', '', '0', '0'), ('410325', '嵩县', '410300', '', '0', '0'), ('410326', '汝阳县', '410300', 'R', '0', '0'), ('410327', '宜阳县', '410300', 'Y', '0', '0'), ('410328', '洛宁县', '410300', 'L', '0', '0'), ('410329', '伊川县', '410300', 'Y', '0', '0'), ('410381', '偃师市', '410300', '', '0', '0'), ('410401', '市辖区', '410400', 'S', '0', '0'), ('410402', '新华区', '410400', 'X', '0', '0'), ('410403', '卫东区', '410400', 'W', '0', '0'), ('410404', '石龙区', '410400', 'S', '0', '0'), ('410411', '湛河区', '410400', 'Z', '0', '0');
INSERT INTO `tp_address_area` VALUES ('410421', '宝丰县', '410400', 'B', '0', '0'), ('410422', '叶县', '410400', 'Y', '0', '0'), ('410423', '鲁山县', '410400', 'L', '0', '0'), ('410425', '郏县', '410400', '', '0', '0'), ('410481', '舞钢市', '410400', 'W', '0', '0'), ('410482', '汝州市', '410400', 'R', '0', '0'), ('410501', '市辖区', '410500', 'S', '0', '0'), ('410502', '文峰区', '410500', 'W', '0', '0'), ('410503', '北关区', '410500', 'B', '0', '0'), ('410505', '殷都区', '410500', 'Y', '0', '0'), ('410506', '龙安区', '410500', 'L', '0', '0'), ('410522', '安阳县', '410500', 'A', '0', '0'), ('410523', '汤阴县', '410500', 'T', '0', '0'), ('410526', '滑县', '410500', 'H', '0', '0'), ('410527', '内黄县', '410500', 'N', '0', '0'), ('410581', '林州市', '410500', 'L', '0', '0'), ('410601', '市辖区', '410600', 'S', '0', '0'), ('410602', '鹤山区', '410600', 'H', '0', '0'), ('410603', '山城区', '410600', 'S', '0', '0'), ('410611', '淇滨区', '410600', '', '0', '0'), ('410621', '浚县', '410600', 'J', '0', '0'), ('410622', '淇县', '410600', '', '0', '0'), ('410701', '市辖区', '410700', 'S', '0', '0'), ('410702', '红旗区', '410700', 'H', '0', '0'), ('410703', '卫滨区', '410700', 'W', '0', '0'), ('410704', '凤泉区', '410700', 'F', '0', '0'), ('410711', '牧野区', '410700', 'M', '0', '0'), ('410721', '新乡县', '410700', 'X', '0', '0'), ('410724', '获嘉县', '410700', 'H', '0', '0'), ('410725', '原阳县', '410700', 'Y', '0', '0'), ('410726', '延津县', '410700', 'Y', '0', '0'), ('410727', '封丘县', '410700', 'F', '0', '0'), ('410728', '长垣县', '410700', 'C', '0', '0'), ('410781', '卫辉市', '410700', 'W', '0', '0'), ('410782', '辉县市', '410700', 'H', '0', '0'), ('410801', '市辖区', '410800', 'S', '0', '0'), ('410802', '解放区', '410800', 'J', '0', '0'), ('410803', '中站区', '410800', 'Z', '0', '0'), ('410804', '马村区', '410800', 'M', '0', '0'), ('410811', '山阳区', '410800', 'S', '0', '0'), ('410821', '修武县', '410800', 'X', '0', '0'), ('410822', '博爱县', '410800', 'B', '0', '0'), ('410823', '武陟县', '410800', 'W', '0', '0'), ('410825', '温县', '410800', 'W', '0', '0'), ('410882', '沁阳市', '410800', 'Q', '0', '0'), ('410883', '孟州市', '410800', 'M', '0', '0'), ('410901', '市辖区', '410900', 'S', '0', '0'), ('410902', '华龙区', '410900', 'H', '0', '0'), ('410922', '清丰县', '410900', 'Q', '0', '0'), ('410923', '南乐县', '410900', 'N', '0', '0'), ('410926', '范县', '410900', 'F', '0', '0'), ('410927', '台前县', '410900', 'T', '0', '0'), ('410928', '濮阳县', '410900', '', '0', '0'), ('411001', '市辖区', '411000', 'S', '0', '0'), ('411002', '魏都区', '411000', 'W', '0', '0'), ('411023', '许昌县', '411000', 'X', '0', '0'), ('411024', '鄢陵县', '411000', '', '0', '0'), ('411025', '襄城县', '411000', 'X', '0', '0'), ('411081', '禹州市', '411000', 'Y', '0', '0'), ('411082', '长葛市', '411000', 'C', '0', '0'), ('411101', '市辖区', '411100', 'S', '0', '0'), ('411102', '源汇区', '411100', 'Y', '0', '0'), ('411103', '郾城区', '411100', '', '0', '0'), ('411104', '召陵区', '411100', 'Z', '0', '0'), ('411121', '舞阳县', '411100', 'W', '0', '0'), ('411122', '临颍县', '411100', 'L', '0', '0'), ('411201', '市辖区', '411200', 'S', '0', '0'), ('411202', '湖滨区', '411200', 'H', '0', '0'), ('411221', '渑池县', '411200', '', '0', '0'), ('411222', '陕县', '411200', 'S', '0', '0'), ('411224', '卢氏县', '411200', 'L', '0', '0'), ('411281', '义马市', '411200', 'Y', '0', '0'), ('411282', '灵宝市', '411200', 'L', '0', '0'), ('411301', '市辖区', '411300', 'S', '0', '0'), ('411302', '宛城区', '411300', 'W', '0', '0'), ('411303', '卧龙区', '411300', 'W', '0', '0'), ('411321', '南召县', '411300', 'N', '0', '0'), ('411322', '方城县', '411300', 'F', '0', '0'), ('411323', '西峡县', '411300', 'X', '0', '0'), ('411324', '镇平县', '411300', 'Z', '0', '0'), ('411325', '内乡县', '411300', 'N', '0', '0'), ('411326', '淅川县', '411300', '', '0', '0'), ('411327', '社旗县', '411300', 'S', '0', '0'), ('411328', '唐河县', '411300', 'T', '0', '0'), ('411329', '新野县', '411300', 'X', '0', '0'), ('411330', '桐柏县', '411300', 'T', '0', '0'), ('411381', '邓州市', '411300', 'D', '0', '0'), ('411401', '市辖区', '411400', 'S', '0', '0'), ('411402', '梁园区', '411400', 'L', '0', '0'), ('411403', '睢阳区', '411400', '', '0', '0'), ('411421', '民权县', '411400', 'M', '0', '0'), ('411422', '睢县', '411400', '', '0', '0'), ('411423', '宁陵县', '411400', 'N', '0', '0'), ('411424', '柘城县', '411400', '', '0', '0'), ('411425', '虞城县', '411400', 'Y', '0', '0'), ('411426', '夏邑县', '411400', 'X', '0', '0'), ('411481', '永城市', '411400', 'Y', '0', '0'), ('411501', '市辖区', '411500', 'S', '0', '0'), ('411502', '浉河区', '411500', '', '0', '0'), ('411503', '平桥区', '411500', 'P', '0', '0'), ('411521', '罗山县', '411500', 'L', '0', '0'), ('411522', '光山县', '411500', 'G', '0', '0'), ('411523', '新县', '411500', 'X', '0', '0'), ('411524', '商城县', '411500', 'S', '0', '0'), ('411525', '固始县', '411500', 'G', '0', '0'), ('411526', '潢川县', '411500', '', '0', '0'), ('411527', '淮滨县', '411500', 'H', '0', '0'), ('411528', '息县', '411500', 'X', '0', '0'), ('411601', '市辖区', '411600', 'S', '0', '0'), ('411602', '川汇区', '411600', 'C', '0', '0'), ('411621', '扶沟县', '411600', 'F', '0', '0'), ('411622', '西华县', '411600', 'X', '0', '0'), ('411623', '商水县', '411600', 'S', '0', '0'), ('411624', '沈丘县', '411600', 'S', '0', '0'), ('411625', '郸城县', '411600', 'D', '0', '0'), ('411626', '淮阳县', '411600', 'H', '0', '0'), ('411627', '太康县', '411600', 'T', '0', '0'), ('411628', '鹿邑县', '411600', 'L', '0', '0'), ('411681', '项城市', '411600', 'X', '0', '0'), ('411701', '市辖区', '411700', 'S', '0', '0'), ('411702', '驿城区', '411700', '', '0', '0'), ('411721', '西平县', '411700', 'X', '0', '0'), ('411722', '上蔡县', '411700', 'S', '0', '0'), ('411723', '平舆县', '411700', 'P', '0', '0'), ('411724', '正阳县', '411700', 'Z', '0', '0'), ('411725', '确山县', '411700', 'Q', '0', '0'), ('411726', '泌阳县', '411700', 'M', '0', '0'), ('411727', '汝南县', '411700', 'R', '0', '0'), ('411728', '遂平县', '411700', 'S', '0', '0'), ('411729', '新蔡县', '411700', 'X', '0', '0'), ('419001', '济源市', '419000', 'J', '0', '0'), ('420101', '市辖区', '420100', 'S', '0', '0'), ('420102', '江岸区', '420100', 'J', '0', '0'), ('420103', '江汉区', '420100', 'J', '0', '0'), ('420104', '硚口区', '420100', '', '0', '0'), ('420105', '汉阳区', '420100', 'H', '0', '0'), ('420106', '武昌区', '420100', 'W', '0', '0'), ('420107', '青山区', '420100', 'Q', '0', '0'), ('420111', '洪山区', '420100', 'H', '0', '0'), ('420112', '东西湖区', '420100', 'D', '0', '0'), ('420113', '汉南区', '420100', 'H', '0', '0'), ('420114', '蔡甸区', '420100', 'C', '0', '0'), ('420115', '江夏区', '420100', 'J', '0', '0'), ('420116', '黄陂区', '420100', 'H', '0', '0'), ('420117', '新洲区', '420100', 'X', '0', '0'), ('420201', '市辖区', '420200', 'S', '0', '0'), ('420202', '黄石港区', '420200', 'H', '0', '0'), ('420203', '西塞山区', '420200', 'X', '0', '0'), ('420204', '下陆区', '420200', 'X', '0', '0'), ('420205', '铁山区', '420200', 'T', '0', '0'), ('420222', '阳新县', '420200', 'Y', '0', '0'), ('420281', '大冶市', '420200', 'D', '0', '0'), ('420301', '市辖区', '420300', 'S', '0', '0'), ('420302', '茅箭区', '420300', 'M', '0', '0'), ('420303', '张湾区', '420300', 'Z', '0', '0'), ('420321', '郧县', '420300', 'Y', '0', '0'), ('420322', '郧西县', '420300', 'Y', '0', '0'), ('420323', '竹山县', '420300', 'Z', '0', '0'), ('420324', '竹溪县', '420300', 'Z', '0', '0'), ('420325', '房县', '420300', 'F', '0', '0'), ('420381', '丹江口市', '420300', 'D', '0', '0'), ('420501', '市辖区', '420500', 'S', '0', '0'), ('420502', '西陵区', '420500', 'X', '0', '0'), ('420503', '伍家岗区', '420500', 'W', '0', '0'), ('420504', '点军区', '420500', 'D', '0', '0'), ('420505', '猇亭区', '420500', '', '0', '0'), ('420506', '夷陵区', '420500', 'Y', '0', '0'), ('420525', '远安县', '420500', 'Y', '0', '0'), ('420526', '兴山县', '420500', 'X', '0', '0'), ('420527', '秭归县', '420500', '', '0', '0'), ('420528', '长阳土家族自治县', '420500', 'C', '0', '0'), ('420529', '五峰土家族自治县', '420500', 'W', '0', '0'), ('420581', '宜都市', '420500', 'Y', '0', '0'), ('420582', '当阳市', '420500', 'D', '0', '0'), ('420583', '枝江市', '420500', 'Z', '0', '0'), ('420601', '市辖区', '420600', 'S', '0', '0'), ('420602', '襄城区', '420600', 'X', '0', '0'), ('420606', '樊城区', '420600', 'F', '0', '0'), ('420607', '襄州区', '420600', 'X', '0', '0'), ('420624', '南漳县', '420600', 'N', '0', '0'), ('420625', '谷城县', '420600', 'G', '0', '0'), ('420626', '保康县', '420600', 'B', '0', '0'), ('420682', '老河口市', '420600', 'L', '0', '0'), ('420683', '枣阳市', '420600', 'Z', '0', '0'), ('420684', '宜城市', '420600', 'Y', '0', '0'), ('420701', '市辖区', '420700', 'S', '0', '0'), ('420702', '梁子湖区', '420700', 'L', '0', '0'), ('420703', '华容区', '420700', 'H', '0', '0'), ('420704', '鄂城区', '420700', 'E', '0', '0'), ('420801', '市辖区', '420800', 'S', '0', '0'), ('420802', '东宝区', '420800', 'D', '0', '0'), ('420804', '掇刀区', '420800', 'D', '0', '0'), ('420821', '京山县', '420800', 'J', '0', '0'), ('420822', '沙洋县', '420800', 'S', '0', '0'), ('420881', '钟祥市', '420800', 'Z', '0', '0'), ('420901', '市辖区', '420900', 'S', '0', '0'), ('420902', '孝南区', '420900', 'X', '0', '0'), ('420921', '孝昌县', '420900', 'X', '0', '0'), ('420922', '大悟县', '420900', 'D', '0', '0'), ('420923', '云梦县', '420900', 'Y', '0', '0'), ('420981', '应城市', '420900', 'Y', '0', '0'), ('420982', '安陆市', '420900', 'A', '0', '0'), ('420984', '汉川市', '420900', 'H', '0', '0'), ('421001', '市辖区', '421000', 'S', '0', '0'), ('421002', '沙市区', '421000', 'S', '0', '0'), ('421003', '荆州区', '421000', 'J', '0', '0'), ('421022', '公安县', '421000', 'G', '0', '0'), ('421023', '监利县', '421000', 'J', '0', '0'), ('421024', '江陵县', '421000', 'J', '0', '0'), ('421081', '石首市', '421000', 'S', '0', '0'), ('421083', '洪湖市', '421000', 'H', '0', '0'), ('421087', '松滋市', '421000', 'S', '0', '0'), ('421101', '市辖区', '421100', 'S', '0', '0'), ('421102', '黄州区', '421100', 'H', '0', '0'), ('421121', '团风县', '421100', 'T', '0', '0'), ('421122', '红安县', '421100', 'H', '0', '0'), ('421123', '罗田县', '421100', 'L', '0', '0'), ('421124', '英山县', '421100', 'Y', '0', '0'), ('421125', '浠水县', '421100', '', '0', '0'), ('421126', '蕲春县', '421100', '', '0', '0'), ('421127', '黄梅县', '421100', 'H', '0', '0'), ('421181', '麻城市', '421100', 'M', '0', '0'), ('421182', '武穴市', '421100', 'W', '0', '0'), ('421201', '市辖区', '421200', 'S', '0', '0'), ('421202', '咸安区', '421200', 'X', '0', '0'), ('421221', '嘉鱼县', '421200', 'J', '0', '0'), ('421222', '通城县', '421200', 'T', '0', '0'), ('421223', '崇阳县', '421200', 'C', '0', '0'), ('421224', '通山县', '421200', 'T', '0', '0'), ('421281', '赤壁市', '421200', 'C', '0', '0'), ('421301', '市辖区', '421300', 'S', '0', '0'), ('421303', '曾都区', '421300', 'Z', '0', '0'), ('421321', '随县', '421300', 'S', '0', '0'), ('421381', '广水市', '421300', 'G', '0', '0'), ('422801', '恩施市', '422800', 'E', '0', '0'), ('422802', '利川市', '422800', 'L', '0', '0'), ('422822', '建始县', '422800', 'J', '0', '0'), ('422823', '巴东县', '422800', 'B', '0', '0'), ('422825', '宣恩县', '422800', 'X', '0', '0'), ('422826', '咸丰县', '422800', 'X', '0', '0'), ('422827', '来凤县', '422800', 'L', '0', '0'), ('422828', '鹤峰县', '422800', 'H', '0', '0'), ('429004', '仙桃市', '429000', 'X', '0', '0'), ('429005', '潜江市', '429000', 'Q', '0', '0'), ('429006', '天门市', '429000', 'T', '0', '0'), ('429021', '神农架林区', '429000', 'S', '0', '0'), ('430101', '市辖区', '430100', 'S', '0', '0'), ('430102', '芙蓉区', '430100', '', '0', '0'), ('430103', '天心区', '430100', 'T', '0', '0'), ('430104', '岳麓区', '430100', 'Y', '0', '0'), ('430105', '开福区', '430100', 'K', '0', '0'), ('430111', '雨花区', '430100', 'Y', '0', '0'), ('430112', '望城区', '430100', 'W', '0', '0'), ('430121', '长沙县', '430100', 'C', '0', '0'), ('430124', '宁乡县', '430100', 'N', '0', '0'), ('430181', '浏阳市', '430100', '', '0', '0'), ('430201', '市辖区', '430200', 'S', '0', '0'), ('430202', '荷塘区', '430200', 'H', '0', '0'), ('430203', '芦淞区', '430200', 'L', '0', '0'), ('430204', '石峰区', '430200', 'S', '0', '0'), ('430211', '天元区', '430200', 'T', '0', '0'), ('430221', '株洲县', '430200', 'Z', '0', '0'), ('430223', '攸县', '430200', '', '0', '0'), ('430224', '茶陵县', '430200', 'C', '0', '0'), ('430225', '炎陵县', '430200', 'Y', '0', '0'), ('430281', '醴陵市', '430200', '', '0', '0'), ('430301', '市辖区', '430300', 'S', '0', '0'), ('430302', '雨湖区', '430300', 'Y', '0', '0'), ('430304', '岳塘区', '430300', 'Y', '0', '0'), ('430321', '湘潭县', '430300', 'X', '0', '0'), ('430381', '湘乡市', '430300', 'X', '0', '0'), ('430382', '韶山市', '430300', 'S', '0', '0'), ('430401', '市辖区', '430400', 'S', '0', '0'), ('430405', '珠晖区', '430400', 'Z', '0', '0'), ('430406', '雁峰区', '430400', 'Y', '0', '0'), ('430407', '石鼓区', '430400', 'S', '0', '0'), ('430408', '蒸湘区', '430400', 'Z', '0', '0'), ('430412', '南岳区', '430400', 'N', '0', '0'), ('430421', '衡阳县', '430400', 'H', '0', '0'), ('430422', '衡南县', '430400', 'H', '0', '0'), ('430423', '衡山县', '430400', 'H', '0', '0'), ('430424', '衡东县', '430400', 'H', '0', '0'), ('430426', '祁东县', '430400', 'Q', '0', '0'), ('430481', '耒阳市', '430400', '', '0', '0'), ('430482', '常宁市', '430400', 'C', '0', '0'), ('430501', '市辖区', '430500', 'S', '0', '0'), ('430502', '双清区', '430500', 'S', '0', '0'), ('430503', '大祥区', '430500', 'D', '0', '0'), ('430511', '北塔区', '430500', 'B', '0', '0'), ('430521', '邵东县', '430500', 'S', '0', '0'), ('430522', '新邵县', '430500', 'X', '0', '0'), ('430523', '邵阳县', '430500', 'S', '0', '0'), ('430524', '隆回县', '430500', 'L', '0', '0'), ('430525', '洞口县', '430500', 'D', '0', '0'), ('430527', '绥宁县', '430500', 'S', '0', '0'), ('430528', '新宁县', '430500', 'X', '0', '0'), ('430529', '城步苗族自治县', '430500', 'C', '0', '0'), ('430581', '武冈市', '430500', 'W', '0', '0'), ('430601', '市辖区', '430600', 'S', '0', '0'), ('430602', '岳阳楼区', '430600', 'Y', '0', '0'), ('430603', '云溪区', '430600', 'Y', '0', '0'), ('430611', '君山区', '430600', 'J', '0', '0'), ('430621', '岳阳县', '430600', 'Y', '0', '0'), ('430623', '华容县', '430600', 'H', '0', '0'), ('430624', '湘阴县', '430600', 'X', '0', '0'), ('430626', '平江县', '430600', 'P', '0', '0'), ('430681', '汨罗市', '430600', '', '0', '0'), ('430682', '临湘市', '430600', 'L', '0', '0'), ('430701', '市辖区', '430700', 'S', '0', '0'), ('430702', '武陵区', '430700', 'W', '0', '0'), ('430703', '鼎城区', '430700', 'D', '0', '0'), ('430721', '安乡县', '430700', 'A', '0', '0'), ('430722', '汉寿县', '430700', 'H', '0', '0'), ('430723', '澧县', '430700', '', '0', '0'), ('430724', '临澧县', '430700', 'L', '0', '0'), ('430725', '桃源县', '430700', 'T', '0', '0'), ('430726', '石门县', '430700', 'S', '0', '0'), ('430781', '津市市', '430700', 'J', '0', '0'), ('430801', '市辖区', '430800', 'S', '0', '0'), ('430802', '永定区', '430800', 'Y', '0', '0'), ('430811', '武陵源区', '430800', 'W', '0', '0'), ('430821', '慈利县', '430800', 'C', '0', '0'), ('430822', '桑植县', '430800', 'S', '0', '0'), ('430901', '市辖区', '430900', 'S', '0', '0'), ('430902', '资阳区', '430900', 'Z', '0', '0'), ('430903', '赫山区', '430900', 'H', '0', '0'), ('430921', '南县', '430900', 'N', '0', '0'), ('430922', '桃江县', '430900', 'T', '0', '0'), ('430923', '安化县', '430900', 'A', '0', '0'), ('430981', '沅江市', '430900', '', '0', '0'), ('431001', '市辖区', '431000', 'S', '0', '0'), ('431002', '北湖区', '431000', 'B', '0', '0'), ('431003', '苏仙区', '431000', 'S', '0', '0'), ('431021', '桂阳县', '431000', 'G', '0', '0'), ('431022', '宜章县', '431000', 'Y', '0', '0'), ('431023', '永兴县', '431000', 'Y', '0', '0'), ('431024', '嘉禾县', '431000', 'J', '0', '0'), ('431025', '临武县', '431000', 'L', '0', '0'), ('431026', '汝城县', '431000', 'R', '0', '0'), ('431027', '桂东县', '431000', 'G', '0', '0'), ('431028', '安仁县', '431000', 'A', '0', '0'), ('431081', '资兴市', '431000', 'Z', '0', '0'), ('431101', '市辖区', '431100', 'S', '0', '0'), ('431102', '零陵区', '431100', 'L', '0', '0'), ('431103', '冷水滩区', '431100', 'L', '0', '0'), ('431121', '祁阳县', '431100', 'Q', '0', '0'), ('431122', '东安县', '431100', 'D', '0', '0'), ('431123', '双牌县', '431100', 'S', '0', '0'), ('431124', '道县', '431100', 'D', '0', '0'), ('431125', '江永县', '431100', 'J', '0', '0'), ('431126', '宁远县', '431100', 'N', '0', '0'), ('431127', '蓝山县', '431100', 'L', '0', '0'), ('431128', '新田县', '431100', 'X', '0', '0'), ('431129', '江华瑶族自治县', '431100', 'J', '0', '0'), ('431201', '市辖区', '431200', 'S', '0', '0'), ('431202', '鹤城区', '431200', 'H', '0', '0'), ('431221', '中方县', '431200', 'Z', '0', '0'), ('431222', '沅陵县', '431200', '', '0', '0'), ('431223', '辰溪县', '431200', 'C', '0', '0'), ('431224', '溆浦县', '431200', '', '0', '0'), ('431225', '会同县', '431200', 'H', '0', '0'), ('431226', '麻阳苗族自治县', '431200', 'M', '0', '0'), ('431227', '新晃侗族自治县', '431200', 'X', '0', '0'), ('431228', '芷江侗族自治县', '431200', '', '0', '0'), ('431229', '靖州苗族侗族自治县', '431200', 'J', '0', '0'), ('431230', '通道侗族自治县', '431200', 'T', '0', '0'), ('431281', '洪江市', '431200', 'H', '0', '0'), ('431301', '市辖区', '431300', 'S', '0', '0'), ('431302', '娄星区', '431300', 'L', '0', '0'), ('431321', '双峰县', '431300', 'S', '0', '0'), ('431322', '新化县', '431300', 'X', '0', '0'), ('431381', '冷水江市', '431300', 'L', '0', '0'), ('431382', '涟源市', '431300', 'L', '0', '0'), ('433101', '吉首市', '433100', 'J', '0', '0'), ('433122', '泸溪县', '433100', '', '0', '0'), ('433123', '凤凰县', '433100', 'F', '0', '0'), ('433124', '花垣县', '433100', 'H', '0', '0'), ('433125', '保靖县', '433100', 'B', '0', '0'), ('433126', '古丈县', '433100', 'G', '0', '0'), ('433127', '永顺县', '433100', 'Y', '0', '0'), ('433130', '龙山县', '433100', 'L', '0', '0'), ('440101', '市辖区', '440100', 'S', '0', '0'), ('440103', '荔湾区', '440100', 'L', '0', '0'), ('440104', '越秀区', '440100', 'Y', '0', '0'), ('440105', '海珠区', '440100', 'H', '0', '0'), ('440106', '天河区', '440100', 'T', '0', '0'), ('440111', '白云区', '440100', 'B', '0', '0'), ('440112', '黄埔区', '440100', 'H', '0', '0'), ('440113', '番禺区', '440100', 'F', '0', '0'), ('440114', '花都区', '440100', 'H', '0', '0'), ('440115', '南沙区', '440100', 'N', '0', '0'), ('440116', '萝岗区', '440100', 'L', '0', '0'), ('440183', '增城市', '440100', 'Z', '0', '0'), ('440184', '从化市', '440100', 'C', '0', '0'), ('440201', '市辖区', '440200', 'S', '0', '0'), ('440203', '武江区', '440200', 'W', '0', '0'), ('440204', '浈江区', '440200', '', '0', '0'), ('440205', '曲江区', '440200', 'Q', '0', '0'), ('440222', '始兴县', '440200', 'S', '0', '0'), ('440224', '仁化县', '440200', 'R', '0', '0'), ('440229', '翁源县', '440200', 'W', '0', '0'), ('440232', '乳源瑶族自治县', '440200', 'R', '0', '0'), ('440233', '新丰县', '440200', 'X', '0', '0'), ('440281', '乐昌市', '440200', 'L', '0', '0'), ('440282', '南雄市', '440200', 'N', '0', '0'), ('440301', '市辖区', '440300', 'S', '0', '0'), ('440303', '罗湖区', '440300', 'L', '0', '0'), ('440304', '福田区', '440300', 'F', '0', '0'), ('440305', '南山区', '440300', 'N', '0', '0'), ('440306', '宝安区', '440300', 'B', '0', '0'), ('440307', '龙岗区', '440300', 'L', '0', '0'), ('440308', '盐田区', '440300', 'Y', '0', '0'), ('440401', '市辖区', '440400', 'S', '0', '0'), ('440402', '香洲区', '440400', 'X', '0', '0'), ('440403', '斗门区', '440400', 'D', '0', '0'), ('440404', '金湾区', '440400', 'J', '0', '0'), ('440501', '市辖区', '440500', 'S', '0', '0'), ('440507', '龙湖区', '440500', 'L', '0', '0'), ('440511', '金平区', '440500', 'J', '0', '0'), ('440512', '濠江区', '440500', '', '0', '0'), ('440513', '潮阳区', '440500', 'C', '0', '0'), ('440514', '潮南区', '440500', 'C', '0', '0'), ('440515', '澄海区', '440500', 'C', '0', '0'), ('440523', '南澳县', '440500', 'N', '0', '0'), ('440601', '市辖区', '440600', 'S', '0', '0'), ('440604', '禅城区', '440600', '', '0', '0'), ('440605', '南海区', '440600', 'N', '0', '0'), ('440606', '顺德区', '440600', 'S', '0', '0'), ('440607', '三水区', '440600', 'S', '0', '0'), ('440608', '高明区', '440600', 'G', '0', '0'), ('440701', '市辖区', '440700', 'S', '0', '0'), ('440703', '蓬江区', '440700', 'P', '0', '0'), ('440704', '江海区', '440700', 'J', '0', '0'), ('440705', '新会区', '440700', 'X', '0', '0'), ('440781', '台山市', '440700', 'T', '0', '0'), ('440783', '开平市', '440700', 'K', '0', '0'), ('440784', '鹤山市', '440700', 'H', '0', '0'), ('440785', '恩平市', '440700', 'E', '0', '0'), ('440801', '市辖区', '440800', 'S', '0', '0'), ('440802', '赤坎区', '440800', 'C', '0', '0'), ('440803', '霞山区', '440800', 'X', '0', '0'), ('440804', '坡头区', '440800', 'P', '0', '0'), ('440811', '麻章区', '440800', 'M', '0', '0'), ('440823', '遂溪县', '440800', 'S', '0', '0'), ('440825', '徐闻县', '440800', 'X', '0', '0'), ('440881', '廉江市', '440800', 'L', '0', '0'), ('440882', '雷州市', '440800', 'L', '0', '0'), ('440883', '吴川市', '440800', 'W', '0', '0'), ('440901', '市辖区', '440900', 'S', '0', '0'), ('440902', '茂南区', '440900', 'M', '0', '0'), ('440903', '茂港区', '440900', 'M', '0', '0'), ('440923', '电白县', '440900', 'D', '0', '0'), ('440981', '高州市', '440900', 'G', '0', '0'), ('440982', '化州市', '440900', 'H', '0', '0'), ('440983', '信宜市', '440900', 'X', '0', '0'), ('441201', '市辖区', '441200', 'S', '0', '0'), ('441202', '端州区', '441200', 'D', '0', '0'), ('441203', '鼎湖区', '441200', 'D', '0', '0'), ('441223', '广宁县', '441200', 'G', '0', '0'), ('441224', '怀集县', '441200', 'H', '0', '0'), ('441225', '封开县', '441200', 'F', '0', '0'), ('441226', '德庆县', '441200', 'D', '0', '0'), ('441283', '高要市', '441200', 'G', '0', '0'), ('441284', '四会市', '441200', 'S', '0', '0'), ('441301', '市辖区', '441300', 'S', '0', '0'), ('441302', '惠城区', '441300', 'H', '0', '0'), ('441303', '惠阳区', '441300', 'H', '0', '0'), ('441322', '博罗县', '441300', 'B', '0', '0'), ('441323', '惠东县', '441300', 'H', '0', '0'), ('441324', '龙门县', '441300', 'L', '0', '0'), ('441401', '市辖区', '441400', 'S', '0', '0'), ('441402', '梅江区', '441400', 'M', '0', '0'), ('441421', '梅县', '441400', 'M', '0', '0'), ('441422', '大埔县', '441400', 'D', '0', '0'), ('441423', '丰顺县', '441400', 'F', '0', '0'), ('441424', '五华县', '441400', 'W', '0', '0'), ('441426', '平远县', '441400', 'P', '0', '0'), ('441427', '蕉岭县', '441400', 'J', '0', '0'), ('441481', '兴宁市', '441400', 'X', '0', '0'), ('441501', '市辖区', '441500', 'S', '0', '0'), ('441502', '城区', '441500', 'C', '0', '0'), ('441521', '海丰县', '441500', 'H', '0', '0'), ('441523', '陆河县', '441500', 'L', '0', '0'), ('441581', '陆丰市', '441500', 'L', '0', '0'), ('441601', '市辖区', '441600', 'S', '0', '0'), ('441602', '源城区', '441600', 'Y', '0', '0'), ('441621', '紫金县', '441600', 'Z', '0', '0'), ('441622', '龙川县', '441600', 'L', '0', '0'), ('441623', '连平县', '441600', 'L', '0', '0'), ('441624', '和平县', '441600', 'H', '0', '0'), ('441625', '东源县', '441600', 'D', '0', '0'), ('441701', '市辖区', '441700', 'S', '0', '0'), ('441702', '江城区', '441700', 'J', '0', '0'), ('441721', '阳西县', '441700', 'Y', '0', '0'), ('441723', '阳东县', '441700', 'Y', '0', '0'), ('441781', '阳春市', '441700', 'Y', '0', '0'), ('441801', '市辖区', '441800', 'S', '0', '0'), ('441802', '清城区', '441800', 'Q', '0', '0'), ('441803', '清新区', '441800', 'Q', '0', '0'), ('441821', '佛冈县', '441800', 'F', '0', '0'), ('441823', '阳山县', '441800', 'Y', '0', '0'), ('441825', '连山壮族瑶族自治县', '441800', 'L', '0', '0'), ('441826', '连南瑶族自治县', '441800', 'L', '0', '0'), ('441881', '英德市', '441800', 'Y', '0', '0'), ('441882', '连州市', '441800', 'L', '0', '0'), ('445101', '市辖区', '445100', 'S', '0', '0'), ('445102', '湘桥区', '445100', 'X', '0', '0'), ('445103', '潮安区', '445100', 'C', '0', '0'), ('445122', '饶平县', '445100', 'R', '0', '0'), ('445201', '市辖区', '445200', 'S', '0', '0'), ('445202', '榕城区', '445200', '', '0', '0'), ('445203', '揭东区', '445200', 'J', '0', '0'), ('445222', '揭西县', '445200', 'J', '0', '0'), ('445224', '惠来县', '445200', 'H', '0', '0'), ('445281', '普宁市', '445200', 'P', '0', '0'), ('445301', '市辖区', '445300', 'S', '0', '0'), ('445302', '云城区', '445300', 'Y', '0', '0'), ('445321', '新兴县', '445300', 'X', '0', '0'), ('445322', '郁南县', '445300', 'Y', '0', '0'), ('445323', '云安县', '445300', 'Y', '0', '0'), ('445381', '罗定市', '445300', 'L', '0', '0'), ('450101', '市辖区', '450100', 'S', '0', '0'), ('450102', '兴宁区', '450100', 'X', '0', '0'), ('450103', '青秀区', '450100', 'Q', '0', '0'), ('450105', '江南区', '450100', 'J', '0', '0'), ('450107', '西乡塘区', '450100', 'X', '0', '0'), ('450108', '良庆区', '450100', 'L', '0', '0'), ('450109', '邕宁区', '450100', '', '0', '0'), ('450122', '武鸣县', '450100', 'W', '0', '0'), ('450123', '隆安县', '450100', 'L', '0', '0'), ('450124', '马山县', '450100', 'M', '0', '0'), ('450125', '上林县', '450100', 'S', '0', '0'), ('450126', '宾阳县', '450100', 'B', '0', '0'), ('450127', '横县', '450100', 'H', '0', '0'), ('450201', '市辖区', '450200', 'S', '0', '0'), ('450202', '城中区', '450200', 'C', '0', '0'), ('450203', '鱼峰区', '450200', 'Y', '0', '0'), ('450204', '柳南区', '450200', 'L', '0', '0'), ('450205', '柳北区', '450200', 'L', '0', '0'), ('450221', '柳江县', '450200', 'L', '0', '0'), ('450222', '柳城县', '450200', 'L', '0', '0'), ('450223', '鹿寨县', '450200', 'L', '0', '0'), ('450224', '融安县', '450200', 'R', '0', '0'), ('450225', '融水苗族自治县', '450200', 'R', '0', '0'), ('450226', '三江侗族自治县', '450200', 'S', '0', '0'), ('450301', '市辖区', '450300', 'S', '0', '0'), ('450302', '秀峰区', '450300', 'X', '0', '0'), ('450303', '叠彩区', '450300', 'D', '0', '0'), ('450304', '象山区', '450300', 'X', '0', '0'), ('450305', '七星区', '450300', 'Q', '0', '0'), ('450311', '雁山区', '450300', 'Y', '0', '0'), ('450312', '临桂区', '450300', 'L', '0', '0'), ('450321', '阳朔县', '450300', 'Y', '0', '0'), ('450323', '灵川县', '450300', 'L', '0', '0'), ('450324', '全州县', '450300', 'Q', '0', '0'), ('450325', '兴安县', '450300', 'X', '0', '0'), ('450326', '永福县', '450300', 'Y', '0', '0'), ('450327', '灌阳县', '450300', 'G', '0', '0'), ('450328', '龙胜各族自治县', '450300', 'L', '0', '0'), ('450329', '资源县', '450300', 'Z', '0', '0'), ('450330', '平乐县', '450300', 'P', '0', '0'), ('450331', '荔浦县', '450300', 'L', '0', '0'), ('450332', '恭城瑶族自治县', '450300', 'G', '0', '0'), ('450401', '市辖区', '450400', 'S', '0', '0'), ('450403', '万秀区', '450400', 'W', '0', '0'), ('450405', '长洲区', '450400', 'C', '0', '0'), ('450406', '龙圩区', '450400', 'L', '0', '0'), ('450421', '苍梧县', '450400', 'C', '0', '0'), ('450422', '藤县', '450400', 'T', '0', '0'), ('450423', '蒙山县', '450400', 'M', '0', '0'), ('450481', '岑溪市', '450400', '', '0', '0'), ('450501', '市辖区', '450500', 'S', '0', '0'), ('450502', '海城区', '450500', 'H', '0', '0'), ('450503', '银海区', '450500', 'Y', '0', '0'), ('450512', '铁山港区', '450500', 'T', '0', '0'), ('450521', '合浦县', '450500', 'H', '0', '0'), ('450601', '市辖区', '450600', 'S', '0', '0'), ('450602', '港口区', '450600', 'G', '0', '0'), ('450603', '防城区', '450600', 'F', '0', '0'), ('450621', '上思县', '450600', 'S', '0', '0'), ('450681', '东兴市', '450600', 'D', '0', '0'), ('450701', '市辖区', '450700', 'S', '0', '0'), ('450702', '钦南区', '450700', 'Q', '0', '0'), ('450703', '钦北区', '450700', 'Q', '0', '0'), ('450721', '灵山县', '450700', 'L', '0', '0'), ('450722', '浦北县', '450700', 'P', '0', '0'), ('450801', '市辖区', '450800', 'S', '0', '0'), ('450802', '港北区', '450800', 'G', '0', '0'), ('450803', '港南区', '450800', 'G', '0', '0'), ('450804', '覃塘区', '450800', '', '0', '0'), ('450821', '平南县', '450800', 'P', '0', '0'), ('450881', '桂平市', '450800', 'G', '0', '0'), ('450901', '市辖区', '450900', 'S', '0', '0'), ('450902', '玉州区', '450900', 'Y', '0', '0'), ('450903', '福绵区', '450900', 'F', '0', '0'), ('450921', '容县', '450900', 'R', '0', '0'), ('450922', '陆川县', '450900', 'L', '0', '0'), ('450923', '博白县', '450900', 'B', '0', '0'), ('450924', '兴业县', '450900', 'X', '0', '0'), ('450981', '北流市', '450900', 'B', '0', '0'), ('451001', '市辖区', '451000', 'S', '0', '0'), ('451002', '右江区', '451000', 'Y', '0', '0'), ('451021', '田阳县', '451000', 'T', '0', '0'), ('451022', '田东县', '451000', 'T', '0', '0'), ('451023', '平果县', '451000', 'P', '0', '0'), ('451024', '德保县', '451000', 'D', '0', '0'), ('451025', '靖西县', '451000', 'J', '0', '0'), ('451026', '那坡县', '451000', 'N', '0', '0'), ('451027', '凌云县', '451000', 'L', '0', '0'), ('451028', '乐业县', '451000', 'L', '0', '0'), ('451029', '田林县', '451000', 'T', '0', '0'), ('451030', '西林县', '451000', 'X', '0', '0'), ('451031', '隆林各族自治县', '451000', 'L', '0', '0'), ('451101', '市辖区', '451100', 'S', '0', '0'), ('451102', '八步区', '451100', 'B', '0', '0'), ('451121', '昭平县', '451100', 'Z', '0', '0'), ('451122', '钟山县', '451100', 'Z', '0', '0'), ('451123', '富川瑶族自治县', '451100', 'F', '0', '0'), ('451201', '市辖区', '451200', 'S', '0', '0'), ('451202', '金城江区', '451200', 'J', '0', '0'), ('451221', '南丹县', '451200', 'N', '0', '0'), ('451222', '天峨县', '451200', 'T', '0', '0'), ('451223', '凤山县', '451200', 'F', '0', '0'), ('451224', '东兰县', '451200', 'D', '0', '0'), ('451225', '罗城仫佬族自治县', '451200', 'L', '0', '0'), ('451226', '环江毛南族自治县', '451200', 'H', '0', '0'), ('451227', '巴马瑶族自治县', '451200', 'B', '0', '0'), ('451228', '都安瑶族自治县', '451200', 'D', '0', '0'), ('451229', '大化瑶族自治县', '451200', 'D', '0', '0'), ('451281', '宜州市', '451200', 'Y', '0', '0'), ('451301', '市辖区', '451300', 'S', '0', '0'), ('451302', '兴宾区', '451300', 'X', '0', '0'), ('451321', '忻城县', '451300', 'X', '0', '0'), ('451322', '象州县', '451300', 'X', '0', '0'), ('451323', '武宣县', '451300', 'W', '0', '0'), ('451324', '金秀瑶族自治县', '451300', 'J', '0', '0'), ('451381', '合山市', '451300', 'H', '0', '0'), ('451401', '市辖区', '451400', 'S', '0', '0'), ('451402', '江州区', '451400', 'J', '0', '0'), ('451421', '扶绥县', '451400', 'F', '0', '0'), ('451422', '宁明县', '451400', 'N', '0', '0'), ('451423', '龙州县', '451400', 'L', '0', '0'), ('451424', '大新县', '451400', 'D', '0', '0'), ('451425', '天等县', '451400', 'T', '0', '0'), ('451481', '凭祥市', '451400', 'P', '0', '0'), ('460101', '市辖区', '460100', 'S', '0', '0'), ('460105', '秀英区', '460100', 'X', '0', '0'), ('460106', '龙华区', '460100', 'L', '0', '0'), ('460107', '琼山区', '460100', 'Q', '0', '0'), ('460108', '美兰区', '460100', 'M', '0', '0'), ('460201', '市辖区', '460200', 'S', '0', '0'), ('460321', '西沙群岛', '460300', 'X', '0', '0'), ('460322', '南沙群岛', '460300', 'N', '0', '0'), ('460323', '中沙群岛的岛礁及其海域', '460300', 'Z', '0', '0'), ('469001', '五指山市', '469000', 'W', '0', '0'), ('469002', '琼海市', '469000', 'Q', '0', '0'), ('469003', '儋州市', '469000', '', '0', '0'), ('469005', '文昌市', '469000', 'W', '0', '0'), ('469006', '万宁市', '469000', 'W', '0', '0'), ('469007', '东方市', '469000', 'D', '0', '0'), ('469021', '定安县', '469000', 'D', '0', '0'), ('469022', '屯昌县', '469000', 'T', '0', '0'), ('469023', '澄迈县', '469000', 'C', '0', '0'), ('469024', '临高县', '469000', 'L', '0', '0'), ('469025', '白沙黎族自治县', '469000', 'B', '0', '0'), ('469026', '昌江黎族自治县', '469000', 'C', '0', '0'), ('469027', '乐东黎族自治县', '469000', 'L', '0', '0'), ('469028', '陵水黎族自治县', '469000', 'L', '0', '0'), ('469029', '保亭黎族苗族自治县', '469000', 'B', '0', '0'), ('469030', '琼中黎族苗族自治县', '469000', 'Q', '0', '0'), ('510101', '市辖区', '510100', 'S', '0', '0'), ('510104', '锦江区', '510100', 'J', '0', '0'), ('510105', '青羊区', '510100', 'Q', '0', '0'), ('510106', '金牛区', '510100', 'J', '0', '0'), ('510107', '武侯区', '510100', 'W', '0', '0'), ('510108', '成华区', '510100', 'C', '0', '0'), ('510112', '龙泉驿区', '510100', 'L', '0', '0'), ('510113', '青白江区', '510100', 'Q', '0', '0'), ('510114', '新都区', '510100', 'X', '0', '0'), ('510115', '温江区', '510100', 'W', '0', '0'), ('510121', '金堂县', '510100', 'J', '0', '0'), ('510122', '双流县', '510100', 'S', '0', '0'), ('510124', '郫县', '510100', '', '0', '0'), ('510129', '大邑县', '510100', 'D', '0', '0'), ('510131', '蒲江县', '510100', 'P', '0', '0'), ('510132', '新津县', '510100', 'X', '0', '0'), ('510181', '都江堰市', '510100', 'D', '0', '0'), ('510182', '彭州市', '510100', 'P', '0', '0'), ('510183', '邛崃市', '510100', '', '0', '0'), ('510184', '崇州市', '510100', 'C', '0', '0'), ('510301', '市辖区', '510300', 'S', '0', '0'), ('510302', '自流井区', '510300', 'Z', '0', '0'), ('510303', '贡井区', '510300', 'G', '0', '0'), ('510304', '大安区', '510300', 'D', '0', '0'), ('510311', '沿滩区', '510300', 'Y', '0', '0'), ('510321', '荣县', '510300', 'R', '0', '0'), ('510322', '富顺县', '510300', 'F', '0', '0'), ('510401', '市辖区', '510400', 'S', '0', '0'), ('510402', '东区', '510400', 'D', '0', '0'), ('510403', '西区', '510400', 'X', '0', '0'), ('510411', '仁和区', '510400', 'R', '0', '0'), ('510421', '米易县', '510400', 'M', '0', '0'), ('510422', '盐边县', '510400', 'Y', '0', '0'), ('510501', '市辖区', '510500', 'S', '0', '0'), ('510502', '江阳区', '510500', 'J', '0', '0'), ('510503', '纳溪区', '510500', 'N', '0', '0'), ('510504', '龙马潭区', '510500', 'L', '0', '0'), ('510521', '泸县', '510500', '', '0', '0'), ('510522', '合江县', '510500', 'H', '0', '0'), ('510524', '叙永县', '510500', 'X', '0', '0'), ('510525', '古蔺县', '510500', 'G', '0', '0'), ('510601', '市辖区', '510600', 'S', '0', '0'), ('510603', '旌阳区', '510600', '', '0', '0'), ('510623', '中江县', '510600', 'Z', '0', '0'), ('510626', '罗江县', '510600', 'L', '0', '0'), ('510681', '广汉市', '510600', 'G', '0', '0'), ('510682', '什邡市', '510600', 'S', '0', '0'), ('510683', '绵竹市', '510600', 'M', '0', '0'), ('510701', '市辖区', '510700', 'S', '0', '0'), ('510703', '涪城区', '510700', 'F', '0', '0'), ('510704', '游仙区', '510700', 'Y', '0', '0'), ('510722', '三台县', '510700', 'S', '0', '0'), ('510723', '盐亭县', '510700', 'Y', '0', '0'), ('510724', '安县', '510700', 'A', '0', '0'), ('510725', '梓潼县', '510700', '', '0', '0'), ('510726', '北川羌族自治县', '510700', 'B', '0', '0'), ('510727', '平武县', '510700', 'P', '0', '0'), ('510781', '江油市', '510700', 'J', '0', '0'), ('510801', '市辖区', '510800', 'S', '0', '0'), ('510802', '利州区', '510800', 'L', '0', '0'), ('510811', '元坝区', '510800', 'Y', '0', '0'), ('510812', '朝天区', '510800', 'C', '0', '0'), ('510821', '旺苍县', '510800', 'W', '0', '0'), ('510822', '青川县', '510800', 'Q', '0', '0'), ('510823', '剑阁县', '510800', 'J', '0', '0'), ('510824', '苍溪县', '510800', 'C', '0', '0'), ('510901', '市辖区', '510900', 'S', '0', '0'), ('510903', '船山区', '510900', 'C', '0', '0'), ('510904', '安居区', '510900', 'A', '0', '0'), ('510921', '蓬溪县', '510900', 'P', '0', '0'), ('510922', '射洪县', '510900', 'S', '0', '0'), ('510923', '大英县', '510900', 'D', '0', '0'), ('511001', '市辖区', '511000', 'S', '0', '0'), ('511002', '市中区', '511000', 'S', '0', '0'), ('511011', '东兴区', '511000', 'D', '0', '0'), ('511024', '威远县', '511000', 'W', '0', '0'), ('511025', '资中县', '511000', 'Z', '0', '0'), ('511028', '隆昌县', '511000', 'L', '0', '0'), ('511101', '市辖区', '511100', 'S', '0', '0'), ('511102', '市中区', '511100', 'S', '0', '0'), ('511111', '沙湾区', '511100', 'S', '0', '0'), ('511112', '五通桥区', '511100', 'W', '0', '0'), ('511113', '金口河区', '511100', 'J', '0', '0'), ('511123', '犍为县', '511100', '', '0', '0'), ('511124', '井研县', '511100', 'J', '0', '0'), ('511126', '夹江县', '511100', 'J', '0', '0'), ('511129', '沐川县', '511100', '', '0', '0'), ('511132', '峨边彝族自治县', '511100', 'E', '0', '0'), ('511133', '马边彝族自治县', '511100', 'M', '0', '0'), ('511181', '峨眉山市', '511100', 'E', '0', '0'), ('511301', '市辖区', '511300', 'S', '0', '0'), ('511302', '顺庆区', '511300', 'S', '0', '0'), ('511303', '高坪区', '511300', 'G', '0', '0'), ('511304', '嘉陵区', '511300', 'J', '0', '0'), ('511321', '南部县', '511300', 'N', '0', '0'), ('511322', '营山县', '511300', 'Y', '0', '0'), ('511323', '蓬安县', '511300', 'P', '0', '0'), ('511324', '仪陇县', '511300', 'Y', '0', '0'), ('511325', '西充县', '511300', 'X', '0', '0'), ('511381', '阆中市', '511300', '', '0', '0'), ('511401', '市辖区', '511400', 'S', '0', '0'), ('511402', '东坡区', '511400', 'D', '0', '0'), ('511421', '仁寿县', '511400', 'R', '0', '0'), ('511422', '彭山县', '511400', 'P', '0', '0'), ('511423', '洪雅县', '511400', 'H', '0', '0'), ('511424', '丹棱县', '511400', 'D', '0', '0'), ('511425', '青神县', '511400', 'Q', '0', '0'), ('511501', '市辖区', '511500', 'S', '0', '0'), ('511502', '翠屏区', '511500', 'C', '0', '0'), ('511503', '南溪区', '511500', 'N', '0', '0'), ('511521', '宜宾县', '511500', 'Y', '0', '0'), ('511523', '江安县', '511500', 'J', '0', '0'), ('511524', '长宁县', '511500', 'C', '0', '0'), ('511525', '高县', '511500', 'G', '0', '0'), ('511526', '珙县', '511500', '', '0', '0'), ('511527', '筠连县', '511500', '', '0', '0'), ('511528', '兴文县', '511500', 'X', '0', '0'), ('511529', '屏山县', '511500', 'P', '0', '0'), ('511601', '市辖区', '511600', 'S', '0', '0'), ('511602', '广安区', '511600', 'G', '0', '0'), ('511603', '前锋区', '511600', 'Q', '0', '0'), ('511621', '岳池县', '511600', 'Y', '0', '0'), ('511622', '武胜县', '511600', 'W', '0', '0'), ('511623', '邻水县', '511600', 'L', '0', '0'), ('511681', '华蓥市', '511600', 'H', '0', '0'), ('511701', '市辖区', '511700', 'S', '0', '0'), ('511702', '通川区', '511700', 'T', '0', '0'), ('511703', '达川区', '511700', 'D', '0', '0'), ('511722', '宣汉县', '511700', 'X', '0', '0'), ('511723', '开江县', '511700', 'K', '0', '0'), ('511724', '大竹县', '511700', 'D', '0', '0'), ('511725', '渠县', '511700', 'Q', '0', '0'), ('511781', '万源市', '511700', 'W', '0', '0'), ('511801', '市辖区', '511800', 'S', '0', '0'), ('511802', '雨城区', '511800', 'Y', '0', '0'), ('511803', '名山区', '511800', 'M', '0', '0'), ('511822', '荥经县', '511800', '', '0', '0'), ('511823', '汉源县', '511800', 'H', '0', '0'), ('511824', '石棉县', '511800', 'S', '0', '0'), ('511825', '天全县', '511800', 'T', '0', '0'), ('511826', '芦山县', '511800', 'L', '0', '0'), ('511827', '宝兴县', '511800', 'B', '0', '0'), ('511901', '市辖区', '511900', 'S', '0', '0'), ('511902', '巴州区', '511900', 'B', '0', '0'), ('511903', '恩阳区', '511900', 'E', '0', '0'), ('511921', '通江县', '511900', 'T', '0', '0'), ('511922', '南江县', '511900', 'N', '0', '0'), ('511923', '平昌县', '511900', 'P', '0', '0'), ('512001', '市辖区', '512000', 'S', '0', '0'), ('512002', '雁江区', '512000', 'Y', '0', '0'), ('512021', '安岳县', '512000', 'A', '0', '0'), ('512022', '乐至县', '512000', 'L', '0', '0'), ('512081', '简阳市', '512000', 'J', '0', '0'), ('513221', '汶川县', '513200', '', '0', '0'), ('513222', '理县', '513200', 'L', '0', '0'), ('513223', '茂县', '513200', 'M', '0', '0'), ('513224', '松潘县', '513200', 'S', '0', '0'), ('513225', '九寨沟县', '513200', 'J', '0', '0'), ('513226', '金川县', '513200', 'J', '0', '0'), ('513227', '小金县', '513200', 'X', '0', '0'), ('513228', '黑水县', '513200', 'H', '0', '0'), ('513229', '马尔康县', '513200', 'M', '0', '0'), ('513230', '壤塘县', '513200', 'R', '0', '0'), ('513231', '阿坝县', '513200', 'A', '0', '0'), ('513232', '若尔盖县', '513200', 'R', '0', '0'), ('513233', '红原县', '513200', 'H', '0', '0'), ('513321', '康定县', '513300', 'K', '0', '0'), ('513322', '泸定县', '513300', '', '0', '0'), ('513323', '丹巴县', '513300', 'D', '0', '0'), ('513324', '九龙县', '513300', 'J', '0', '0'), ('513325', '雅江县', '513300', 'Y', '0', '0'), ('513326', '道孚县', '513300', 'D', '0', '0'), ('513327', '炉霍县', '513300', 'L', '0', '0'), ('513328', '甘孜县', '513300', 'G', '0', '0'), ('513329', '新龙县', '513300', 'X', '0', '0'), ('513330', '德格县', '513300', 'D', '0', '0'), ('513331', '白玉县', '513300', 'B', '0', '0'), ('513332', '石渠县', '513300', 'S', '0', '0'), ('513333', '色达县', '513300', 'S', '0', '0'), ('513334', '理塘县', '513300', 'L', '0', '0'), ('513335', '巴塘县', '513300', 'B', '0', '0'), ('513336', '乡城县', '513300', 'X', '0', '0'), ('513337', '稻城县', '513300', 'D', '0', '0'), ('513338', '得荣县', '513300', 'D', '0', '0'), ('513401', '西昌市', '513400', 'X', '0', '0'), ('513422', '木里藏族自治县', '513400', 'M', '0', '0'), ('513423', '盐源县', '513400', 'Y', '0', '0'), ('513424', '德昌县', '513400', 'D', '0', '0'), ('513425', '会理县', '513400', 'H', '0', '0'), ('513426', '会东县', '513400', 'H', '0', '0'), ('513427', '宁南县', '513400', 'N', '0', '0'), ('513428', '普格县', '513400', 'P', '0', '0'), ('513429', '布拖县', '513400', 'B', '0', '0'), ('513430', '金阳县', '513400', 'J', '0', '0'), ('513431', '昭觉县', '513400', 'Z', '0', '0'), ('513432', '喜德县', '513400', 'X', '0', '0'), ('513433', '冕宁县', '513400', 'M', '0', '0'), ('513434', '越西县', '513400', 'Y', '0', '0'), ('513435', '甘洛县', '513400', 'G', '0', '0'), ('513436', '美姑县', '513400', 'M', '0', '0'), ('513437', '雷波县', '513400', 'L', '0', '0'), ('520101', '市辖区', '520100', 'S', '0', '0'), ('520102', '南明区', '520100', 'N', '0', '0'), ('520103', '云岩区', '520100', 'Y', '0', '0'), ('520111', '花溪区', '520100', 'H', '0', '0'), ('520112', '乌当区', '520100', 'W', '0', '0'), ('520113', '白云区', '520100', 'B', '0', '0'), ('520115', '观山湖区', '520100', 'G', '0', '0'), ('520121', '开阳县', '520100', 'K', '0', '0'), ('520122', '息烽县', '520100', 'X', '0', '0'), ('520123', '修文县', '520100', 'X', '0', '0'), ('520181', '清镇市', '520100', 'Q', '0', '0'), ('520201', '钟山区', '520200', 'Z', '0', '0'), ('520203', '六枝特区', '520200', 'L', '0', '0'), ('520221', '水城县', '520200', 'S', '0', '0'), ('520222', '盘县', '520200', 'P', '0', '0'), ('520301', '市辖区', '520300', 'S', '0', '0'), ('520302', '红花岗区', '520300', 'H', '0', '0'), ('520303', '汇川区', '520300', 'H', '0', '0'), ('520321', '遵义县', '520300', 'Z', '0', '0'), ('520322', '桐梓县', '520300', 'T', '0', '0'), ('520323', '绥阳县', '520300', 'S', '0', '0'), ('520324', '正安县', '520300', 'Z', '0', '0'), ('520325', '道真仡佬族苗族自治县', '520300', 'D', '0', '0'), ('520326', '务川仡佬族苗族自治县', '520300', 'W', '0', '0'), ('520327', '凤冈县', '520300', 'F', '0', '0'), ('520328', '湄潭县', '520300', '', '0', '0'), ('520329', '余庆县', '520300', 'Y', '0', '0'), ('520330', '习水县', '520300', 'X', '0', '0'), ('520381', '赤水市', '520300', 'C', '0', '0'), ('520382', '仁怀市', '520300', 'R', '0', '0'), ('520401', '市辖区', '520400', 'S', '0', '0'), ('520402', '西秀区', '520400', 'X', '0', '0'), ('520421', '平坝县', '520400', 'P', '0', '0'), ('520422', '普定县', '520400', 'P', '0', '0'), ('520423', '镇宁布依族苗族自治县', '520400', 'Z', '0', '0'), ('520424', '关岭布依族苗族自治县', '520400', 'G', '0', '0'), ('520425', '紫云苗族布依族自治县', '520400', 'Z', '0', '0'), ('520501', '市辖区', '520500', 'S', '0', '0'), ('520502', '七星关区', '520500', 'Q', '0', '0'), ('520521', '大方县', '520500', 'D', '0', '0'), ('520522', '黔西县', '520500', 'Q', '0', '0'), ('520523', '金沙县', '520500', 'J', '0', '0'), ('520524', '织金县', '520500', 'Z', '0', '0'), ('520525', '纳雍县', '520500', 'N', '0', '0'), ('520526', '威宁彝族回族苗族自治县', '520500', 'W', '0', '0'), ('520527', '赫章县', '520500', 'H', '0', '0'), ('520601', '市辖区', '520600', 'S', '0', '0'), ('520602', '碧江区', '520600', 'B', '0', '0'), ('520603', '万山区', '520600', 'W', '0', '0'), ('520621', '江口县', '520600', 'J', '0', '0'), ('520622', '玉屏侗族自治县', '520600', 'Y', '0', '0'), ('520623', '石阡县', '520600', 'S', '0', '0'), ('520624', '思南县', '520600', 'S', '0', '0'), ('520625', '印江土家族苗族自治县', '520600', 'Y', '0', '0'), ('520626', '德江县', '520600', 'D', '0', '0'), ('520627', '沿河土家族自治县', '520600', 'Y', '0', '0'), ('520628', '松桃苗族自治县', '520600', 'S', '0', '0'), ('522301', '兴义市', '522300', 'X', '0', '0'), ('522322', '兴仁县', '522300', 'X', '0', '0'), ('522323', '普安县', '522300', 'P', '0', '0'), ('522324', '晴隆县', '522300', 'Q', '0', '0'), ('522325', '贞丰县', '522300', 'Z', '0', '0'), ('522326', '望谟县', '522300', 'W', '0', '0'), ('522327', '册亨县', '522300', 'C', '0', '0'), ('522328', '安龙县', '522300', 'A', '0', '0'), ('522601', '凯里市', '522600', 'K', '0', '0'), ('522622', '黄平县', '522600', 'H', '0', '0'), ('522623', '施秉县', '522600', 'S', '0', '0'), ('522624', '三穗县', '522600', 'S', '0', '0'), ('522625', '镇远县', '522600', 'Z', '0', '0'), ('522626', '岑巩县', '522600', '', '0', '0'), ('522627', '天柱县', '522600', 'T', '0', '0'), ('522628', '锦屏县', '522600', 'J', '0', '0'), ('522629', '剑河县', '522600', 'J', '0', '0'), ('522630', '台江县', '522600', 'T', '0', '0'), ('522631', '黎平县', '522600', 'L', '0', '0'), ('522632', '榕江县', '522600', '', '0', '0'), ('522633', '从江县', '522600', 'C', '0', '0'), ('522634', '雷山县', '522600', 'L', '0', '0'), ('522635', '麻江县', '522600', 'M', '0', '0'), ('522636', '丹寨县', '522600', 'D', '0', '0'), ('522701', '都匀市', '522700', 'D', '0', '0'), ('522702', '福泉市', '522700', 'F', '0', '0'), ('522722', '荔波县', '522700', 'L', '0', '0'), ('522723', '贵定县', '522700', 'G', '0', '0'), ('522725', '瓮安县', '522700', 'W', '0', '0'), ('522726', '独山县', '522700', 'D', '0', '0'), ('522727', '平塘县', '522700', 'P', '0', '0'), ('522728', '罗甸县', '522700', 'L', '0', '0'), ('522729', '长顺县', '522700', 'C', '0', '0'), ('522730', '龙里县', '522700', 'L', '0', '0'), ('522731', '惠水县', '522700', 'H', '0', '0'), ('522732', '三都水族自治县', '522700', 'S', '0', '0'), ('530101', '市辖区', '530100', 'S', '0', '0'), ('530102', '五华区', '530100', 'W', '0', '0'), ('530103', '盘龙区', '530100', 'P', '0', '0'), ('530111', '官渡区', '530100', 'G', '0', '0'), ('530112', '西山区', '530100', 'X', '0', '0'), ('530113', '东川区', '530100', 'D', '0', '0'), ('530114', '呈贡区', '530100', 'C', '0', '0'), ('530122', '晋宁县', '530100', 'J', '0', '0'), ('530124', '富民县', '530100', 'F', '0', '0'), ('530125', '宜良县', '530100', 'Y', '0', '0'), ('530126', '石林彝族自治县', '530100', 'S', '0', '0'), ('530127', '嵩明县', '530100', '', '0', '0'), ('530128', '禄劝彝族苗族自治县', '530100', 'L', '0', '0'), ('530129', '寻甸回族彝族自治县', '530100', 'X', '0', '0'), ('530181', '安宁市', '530100', 'A', '0', '0'), ('530301', '市辖区', '530300', 'S', '0', '0'), ('530302', '麒麟区', '530300', '', '0', '0'), ('530321', '马龙县', '530300', 'M', '0', '0'), ('530322', '陆良县', '530300', 'L', '0', '0'), ('530323', '师宗县', '530300', 'S', '0', '0'), ('530324', '罗平县', '530300', 'L', '0', '0'), ('530325', '富源县', '530300', 'F', '0', '0'), ('530326', '会泽县', '530300', 'H', '0', '0'), ('530328', '沾益县', '530300', 'Z', '0', '0'), ('530381', '宣威市', '530300', 'X', '0', '0'), ('530401', '市辖区', '530400', 'S', '0', '0'), ('530402', '红塔区', '530400', 'H', '0', '0'), ('530421', '江川县', '530400', 'J', '0', '0'), ('530422', '澄江县', '530400', 'C', '0', '0'), ('530423', '通海县', '530400', 'T', '0', '0'), ('530424', '华宁县', '530400', 'H', '0', '0'), ('530425', '易门县', '530400', 'Y', '0', '0'), ('530426', '峨山彝族自治县', '530400', 'E', '0', '0'), ('530427', '新平彝族傣族自治县', '530400', 'X', '0', '0'), ('530428', '元江哈尼族彝族傣族自治县', '530400', 'Y', '0', '0'), ('530501', '市辖区', '530500', 'S', '0', '0'), ('530502', '隆阳区', '530500', 'L', '0', '0'), ('530521', '施甸县', '530500', 'S', '0', '0'), ('530522', '腾冲县', '530500', 'T', '0', '0'), ('530523', '龙陵县', '530500', 'L', '0', '0'), ('530524', '昌宁县', '530500', 'C', '0', '0'), ('530601', '市辖区', '530600', 'S', '0', '0'), ('530602', '昭阳区', '530600', 'Z', '0', '0'), ('530621', '鲁甸县', '530600', 'L', '0', '0'), ('530622', '巧家县', '530600', 'Q', '0', '0'), ('530623', '盐津县', '530600', 'Y', '0', '0'), ('530624', '大关县', '530600', 'D', '0', '0'), ('530625', '永善县', '530600', 'Y', '0', '0'), ('530626', '绥江县', '530600', 'S', '0', '0'), ('530627', '镇雄县', '530600', 'Z', '0', '0'), ('530628', '彝良县', '530600', 'Y', '0', '0'), ('530629', '威信县', '530600', 'W', '0', '0'), ('530630', '水富县', '530600', 'S', '0', '0'), ('530701', '市辖区', '530700', 'S', '0', '0'), ('530702', '古城区', '530700', 'G', '0', '0'), ('530721', '玉龙纳西族自治县', '530700', 'Y', '0', '0'), ('530722', '永胜县', '530700', 'Y', '0', '0'), ('530723', '华坪县', '530700', 'H', '0', '0'), ('530724', '宁蒗彝族自治县', '530700', 'N', '0', '0'), ('530801', '市辖区', '530800', 'S', '0', '0'), ('530802', '思茅区', '530800', 'S', '0', '0'), ('530821', '宁洱哈尼族彝族自治县', '530800', 'N', '0', '0'), ('530822', '墨江哈尼族自治县', '530800', 'M', '0', '0'), ('530823', '景东彝族自治县', '530800', 'J', '0', '0'), ('530824', '景谷傣族彝族自治县', '530800', 'J', '0', '0'), ('530825', '镇沅彝族哈尼族拉祜族自治县', '530800', 'Z', '0', '0'), ('530826', '江城哈尼族彝族自治县', '530800', 'J', '0', '0'), ('530827', '孟连傣族拉祜族佤族自治县', '530800', 'M', '0', '0'), ('530828', '澜沧拉祜族自治县', '530800', 'L', '0', '0'), ('530829', '西盟佤族自治县', '530800', 'X', '0', '0'), ('530901', '市辖区', '530900', 'S', '0', '0'), ('530902', '临翔区', '530900', 'L', '0', '0'), ('530921', '凤庆县', '530900', 'F', '0', '0'), ('530922', '云县', '530900', 'Y', '0', '0'), ('530923', '永德县', '530900', 'Y', '0', '0'), ('530924', '镇康县', '530900', 'Z', '0', '0'), ('530925', '双江拉祜族佤族布朗族傣族自治县', '530900', 'S', '0', '0'), ('530926', '耿马傣族佤族自治县', '530900', 'G', '0', '0'), ('530927', '沧源佤族自治县', '530900', 'C', '0', '0'), ('532301', '楚雄市', '532300', 'C', '0', '0'), ('532322', '双柏县', '532300', 'S', '0', '0'), ('532323', '牟定县', '532300', 'M', '0', '0'), ('532324', '南华县', '532300', 'N', '0', '0'), ('532325', '姚安县', '532300', 'Y', '0', '0'), ('532326', '大姚县', '532300', 'D', '0', '0'), ('532327', '永仁县', '532300', 'Y', '0', '0'), ('532328', '元谋县', '532300', 'Y', '0', '0'), ('532329', '武定县', '532300', 'W', '0', '0'), ('532331', '禄丰县', '532300', 'L', '0', '0'), ('532501', '个旧市', '532500', 'G', '0', '0'), ('532502', '开远市', '532500', 'K', '0', '0'), ('532503', '蒙自市', '532500', 'M', '0', '0'), ('532504', '弥勒市', '532500', 'M', '0', '0'), ('532523', '屏边苗族自治县', '532500', 'P', '0', '0'), ('532524', '建水县', '532500', 'J', '0', '0'), ('532525', '石屏县', '532500', 'S', '0', '0'), ('532527', '泸西县', '532500', '', '0', '0'), ('532528', '元阳县', '532500', 'Y', '0', '0'), ('532529', '红河县', '532500', 'H', '0', '0'), ('532530', '金平苗族瑶族傣族自治县', '532500', 'J', '0', '0'), ('532531', '绿春县', '532500', 'L', '0', '0'), ('532532', '河口瑶族自治县', '532500', 'H', '0', '0'), ('532601', '文山市', '532600', 'W', '0', '0'), ('532622', '砚山县', '532600', 'Y', '0', '0'), ('532623', '西畴县', '532600', 'X', '0', '0'), ('532624', '麻栗坡县', '532600', 'M', '0', '0'), ('532625', '马关县', '532600', 'M', '0', '0'), ('532626', '丘北县', '532600', 'Q', '0', '0'), ('532627', '广南县', '532600', 'G', '0', '0'), ('532628', '富宁县', '532600', 'F', '0', '0'), ('532801', '景洪市', '532800', 'J', '0', '0'), ('532822', '勐海县', '532800', '', '0', '0'), ('532823', '勐腊县', '532800', '', '0', '0'), ('532901', '大理市', '532900', 'D', '0', '0'), ('532922', '漾濞彝族自治县', '532900', 'Y', '0', '0'), ('532923', '祥云县', '532900', 'X', '0', '0'), ('532924', '宾川县', '532900', 'B', '0', '0'), ('532925', '弥渡县', '532900', 'M', '0', '0'), ('532926', '南涧彝族自治县', '532900', 'N', '0', '0'), ('532927', '巍山彝族回族自治县', '532900', 'W', '0', '0'), ('532928', '永平县', '532900', 'Y', '0', '0'), ('532929', '云龙县', '532900', 'Y', '0', '0'), ('532930', '洱源县', '532900', 'E', '0', '0'), ('532931', '剑川县', '532900', 'J', '0', '0'), ('532932', '鹤庆县', '532900', 'H', '0', '0'), ('533102', '瑞丽市', '533100', 'R', '0', '0'), ('533103', '芒市', '533100', 'M', '0', '0'), ('533122', '梁河县', '533100', 'L', '0', '0'), ('533123', '盈江县', '533100', 'Y', '0', '0'), ('533124', '陇川县', '533100', 'L', '0', '0'), ('533321', '泸水县', '533300', '', '0', '0'), ('533323', '福贡县', '533300', 'F', '0', '0'), ('533324', '贡山独龙族怒族自治县', '533300', 'G', '0', '0'), ('533325', '兰坪白族普米族自治县', '533300', 'L', '0', '0'), ('533421', '香格里拉县', '533400', 'X', '0', '0'), ('533422', '德钦县', '533400', 'D', '0', '0'), ('533423', '维西傈僳族自治县', '533400', 'W', '0', '0'), ('540101', '市辖区', '540100', 'S', '0', '0'), ('540102', '城关区', '540100', 'C', '0', '0'), ('540121', '林周县', '540100', 'L', '0', '0'), ('540122', '当雄县', '540100', 'D', '0', '0'), ('540123', '尼木县', '540100', 'N', '0', '0'), ('540124', '曲水县', '540100', 'Q', '0', '0'), ('540125', '堆龙德庆县', '540100', 'D', '0', '0'), ('540126', '达孜县', '540100', 'D', '0', '0'), ('540127', '墨竹工卡县', '540100', 'M', '0', '0'), ('542121', '昌都县', '542100', 'C', '0', '0'), ('542122', '江达县', '542100', 'J', '0', '0'), ('542123', '贡觉县', '542100', 'G', '0', '0'), ('542124', '类乌齐县', '542100', 'L', '0', '0'), ('542125', '丁青县', '542100', 'D', '0', '0'), ('542126', '察雅县', '542100', 'C', '0', '0'), ('542127', '八宿县', '542100', 'B', '0', '0'), ('542128', '左贡县', '542100', 'Z', '0', '0'), ('542129', '芒康县', '542100', 'M', '0', '0'), ('542132', '洛隆县', '542100', 'L', '0', '0'), ('542133', '边坝县', '542100', 'B', '0', '0'), ('542221', '乃东县', '542200', 'N', '0', '0'), ('542222', '扎囊县', '542200', 'Z', '0', '0'), ('542223', '贡嘎县', '542200', 'G', '0', '0'), ('542224', '桑日县', '542200', 'S', '0', '0'), ('542225', '琼结县', '542200', 'Q', '0', '0'), ('542226', '曲松县', '542200', 'Q', '0', '0'), ('542227', '措美县', '542200', 'C', '0', '0'), ('542228', '洛扎县', '542200', 'L', '0', '0'), ('542229', '加查县', '542200', 'J', '0', '0'), ('542231', '隆子县', '542200', 'L', '0', '0'), ('542232', '错那县', '542200', 'C', '0', '0'), ('542233', '浪卡子县', '542200', 'L', '0', '0'), ('542301', '日喀则市', '542300', 'R', '0', '0'), ('542322', '南木林县', '542300', 'N', '0', '0'), ('542323', '江孜县', '542300', 'J', '0', '0'), ('542324', '定日县', '542300', 'D', '0', '0'), ('542325', '萨迦县', '542300', 'S', '0', '0'), ('542326', '拉孜县', '542300', 'L', '0', '0'), ('542327', '昂仁县', '542300', 'A', '0', '0'), ('542328', '谢通门县', '542300', 'X', '0', '0'), ('542329', '白朗县', '542300', 'B', '0', '0'), ('542330', '仁布县', '542300', 'R', '0', '0'), ('542331', '康马县', '542300', 'K', '0', '0'), ('542332', '定结县', '542300', 'D', '0', '0'), ('542333', '仲巴县', '542300', 'Z', '0', '0'), ('542334', '亚东县', '542300', 'Y', '0', '0'), ('542335', '吉隆县', '542300', 'J', '0', '0'), ('542336', '聂拉木县', '542300', 'N', '0', '0'), ('542337', '萨嘎县', '542300', 'S', '0', '0'), ('542338', '岗巴县', '542300', 'G', '0', '0'), ('542421', '那曲县', '542400', 'N', '0', '0'), ('542422', '嘉黎县', '542400', 'J', '0', '0'), ('542423', '比如县', '542400', 'B', '0', '0'), ('542424', '聂荣县', '542400', 'N', '0', '0'), ('542425', '安多县', '542400', 'A', '0', '0'), ('542426', '申扎县', '542400', 'S', '0', '0'), ('542427', '索县', '542400', 'S', '0', '0'), ('542428', '班戈县', '542400', 'B', '0', '0'), ('542429', '巴青县', '542400', 'B', '0', '0'), ('542430', '尼玛县', '542400', 'N', '0', '0'), ('542431', '双湖县', '542400', 'S', '0', '0'), ('542521', '普兰县', '542500', 'P', '0', '0'), ('542522', '札达县', '542500', 'Z', '0', '0'), ('542523', '噶尔县', '542500', 'G', '0', '0'), ('542524', '日土县', '542500', 'R', '0', '0'), ('542525', '革吉县', '542500', 'G', '0', '0'), ('542526', '改则县', '542500', 'G', '0', '0'), ('542527', '措勤县', '542500', 'C', '0', '0'), ('542621', '林芝县', '542600', 'L', '0', '0'), ('542622', '工布江达县', '542600', 'G', '0', '0'), ('542623', '米林县', '542600', 'M', '0', '0'), ('542624', '墨脱县', '542600', 'M', '0', '0'), ('542625', '波密县', '542600', 'B', '0', '0'), ('542626', '察隅县', '542600', 'C', '0', '0'), ('542627', '朗县', '542600', 'L', '0', '0'), ('610101', '市辖区', '610100', 'S', '0', '0'), ('610102', '新城区', '610100', 'X', '0', '0'), ('610103', '碑林区', '610100', 'B', '0', '0'), ('610104', '莲湖区', '610100', 'L', '0', '0'), ('610111', '灞桥区', '610100', '', '0', '0'), ('610112', '未央区', '610100', 'W', '0', '0'), ('610113', '雁塔区', '610100', 'Y', '0', '0'), ('610114', '阎良区', '610100', 'Y', '0', '0'), ('610115', '临潼区', '610100', 'L', '0', '0'), ('610116', '长安区', '610100', 'C', '0', '0'), ('610122', '蓝田县', '610100', 'L', '0', '0'), ('610124', '周至县', '610100', 'Z', '0', '0'), ('610125', '户县', '610100', 'H', '0', '0'), ('610126', '高陵县', '610100', 'G', '0', '0'), ('610201', '市辖区', '610200', 'S', '0', '0'), ('610202', '王益区', '610200', 'W', '0', '0'), ('610203', '印台区', '610200', 'Y', '0', '0'), ('610204', '耀州区', '610200', 'Y', '0', '0'), ('610222', '宜君县', '610200', 'Y', '0', '0'), ('610301', '市辖区', '610300', 'S', '0', '0'), ('610302', '渭滨区', '610300', 'W', '0', '0'), ('610303', '金台区', '610300', 'J', '0', '0'), ('610304', '陈仓区', '610300', 'C', '0', '0'), ('610322', '凤翔县', '610300', 'F', '0', '0'), ('610323', '岐山县', '610300', '', '0', '0'), ('610324', '扶风县', '610300', 'F', '0', '0'), ('610326', '眉县', '610300', 'M', '0', '0'), ('610327', '陇县', '610300', 'L', '0', '0'), ('610328', '千阳县', '610300', 'Q', '0', '0'), ('610329', '麟游县', '610300', '', '0', '0'), ('610330', '凤县', '610300', 'F', '0', '0'), ('610331', '太白县', '610300', 'T', '0', '0'), ('610401', '市辖区', '610400', 'S', '0', '0'), ('610402', '秦都区', '610400', 'Q', '0', '0'), ('610403', '杨陵区', '610400', 'Y', '0', '0'), ('610404', '渭城区', '610400', 'W', '0', '0'), ('610422', '三原县', '610400', 'S', '0', '0'), ('610423', '泾阳县', '610400', '', '0', '0'), ('610424', '乾县', '610400', 'Q', '0', '0'), ('610425', '礼泉县', '610400', 'L', '0', '0'), ('610426', '永寿县', '610400', 'Y', '0', '0'), ('610427', '彬县', '610400', 'B', '0', '0'), ('610428', '长武县', '610400', 'C', '0', '0'), ('610429', '旬邑县', '610400', 'X', '0', '0'), ('610430', '淳化县', '610400', 'C', '0', '0'), ('610431', '武功县', '610400', 'W', '0', '0'), ('610481', '兴平市', '610400', 'X', '0', '0'), ('610501', '市辖区', '610500', 'S', '0', '0'), ('610502', '临渭区', '610500', 'L', '0', '0'), ('610521', '华县', '610500', 'H', '0', '0'), ('610522', '潼关县', '610500', '', '0', '0'), ('610523', '大荔县', '610500', 'D', '0', '0'), ('610524', '合阳县', '610500', 'H', '0', '0'), ('610525', '澄城县', '610500', 'C', '0', '0'), ('610526', '蒲城县', '610500', 'P', '0', '0'), ('610527', '白水县', '610500', 'B', '0', '0'), ('610528', '富平县', '610500', 'F', '0', '0'), ('610581', '韩城市', '610500', 'H', '0', '0'), ('610582', '华阴市', '610500', 'H', '0', '0'), ('610601', '市辖区', '610600', 'S', '0', '0'), ('610602', '宝塔区', '610600', 'B', '0', '0'), ('610621', '延长县', '610600', 'Y', '0', '0'), ('610622', '延川县', '610600', 'Y', '0', '0'), ('610623', '子长县', '610600', 'Z', '0', '0'), ('610624', '安塞县', '610600', 'A', '0', '0'), ('610625', '志丹县', '610600', 'Z', '0', '0'), ('610626', '吴起县', '610600', 'W', '0', '0'), ('610627', '甘泉县', '610600', 'G', '0', '0'), ('610628', '富县', '610600', 'F', '0', '0'), ('610629', '洛川县', '610600', 'L', '0', '0'), ('610630', '宜川县', '610600', 'Y', '0', '0'), ('610631', '黄龙县', '610600', 'H', '0', '0'), ('610632', '黄陵县', '610600', 'H', '0', '0'), ('610701', '市辖区', '610700', 'S', '0', '0'), ('610702', '汉台区', '610700', 'H', '0', '0'), ('610721', '南郑县', '610700', 'N', '0', '0'), ('610722', '城固县', '610700', 'C', '0', '0'), ('610723', '洋县', '610700', 'Y', '0', '0'), ('610724', '西乡县', '610700', 'X', '0', '0'), ('610725', '勉县', '610700', 'M', '0', '0'), ('610726', '宁强县', '610700', 'N', '0', '0'), ('610727', '略阳县', '610700', 'L', '0', '0'), ('610728', '镇巴县', '610700', 'Z', '0', '0'), ('610729', '留坝县', '610700', 'L', '0', '0'), ('610730', '佛坪县', '610700', 'F', '0', '0'), ('610801', '市辖区', '610800', 'S', '0', '0'), ('610802', '榆阳区', '610800', 'Y', '0', '0'), ('610821', '神木县', '610800', 'S', '0', '0'), ('610822', '府谷县', '610800', 'F', '0', '0'), ('610823', '横山县', '610800', 'H', '0', '0'), ('610824', '靖边县', '610800', 'J', '0', '0'), ('610825', '定边县', '610800', 'D', '0', '0'), ('610826', '绥德县', '610800', 'S', '0', '0'), ('610827', '米脂县', '610800', 'M', '0', '0'), ('610828', '佳县', '610800', 'J', '0', '0'), ('610829', '吴堡县', '610800', 'W', '0', '0'), ('610830', '清涧县', '610800', 'Q', '0', '0'), ('610831', '子洲县', '610800', 'Z', '0', '0'), ('610901', '市辖区', '610900', 'S', '0', '0'), ('610902', '汉滨区', '610900', 'H', '0', '0'), ('610921', '汉阴县', '610900', 'H', '0', '0'), ('610922', '石泉县', '610900', 'S', '0', '0'), ('610923', '宁陕县', '610900', 'N', '0', '0'), ('610924', '紫阳县', '610900', 'Z', '0', '0'), ('610925', '岚皋县', '610900', '', '0', '0'), ('610926', '平利县', '610900', 'P', '0', '0'), ('610927', '镇坪县', '610900', 'Z', '0', '0'), ('610928', '旬阳县', '610900', 'X', '0', '0'), ('610929', '白河县', '610900', 'B', '0', '0'), ('611001', '市辖区', '611000', 'S', '0', '0'), ('611002', '商州区', '611000', 'S', '0', '0'), ('611021', '洛南县', '611000', 'L', '0', '0'), ('611022', '丹凤县', '611000', 'D', '0', '0'), ('611023', '商南县', '611000', 'S', '0', '0'), ('611024', '山阳县', '611000', 'S', '0', '0'), ('611025', '镇安县', '611000', 'Z', '0', '0'), ('611026', '柞水县', '611000', 'Z', '0', '0'), ('620101', '市辖区', '620100', 'S', '0', '0'), ('620102', '城关区', '620100', 'C', '0', '0'), ('620103', '七里河区', '620100', 'Q', '0', '0'), ('620104', '西固区', '620100', 'X', '0', '0'), ('620105', '安宁区', '620100', 'A', '0', '0'), ('620111', '红古区', '620100', 'H', '0', '0'), ('620121', '永登县', '620100', 'Y', '0', '0'), ('620122', '皋兰县', '620100', 'G', '0', '0'), ('620123', '榆中县', '620100', 'Y', '0', '0'), ('620201', '市辖区', '620200', 'S', '0', '0'), ('620301', '市辖区', '620300', 'S', '0', '0'), ('620302', '金川区', '620300', 'J', '0', '0'), ('620321', '永昌县', '620300', 'Y', '0', '0'), ('620401', '市辖区', '620400', 'S', '0', '0'), ('620402', '白银区', '620400', 'B', '0', '0'), ('620403', '平川区', '620400', 'P', '0', '0'), ('620421', '靖远县', '620400', 'J', '0', '0'), ('620422', '会宁县', '620400', 'H', '0', '0'), ('620423', '景泰县', '620400', 'J', '0', '0'), ('620501', '市辖区', '620500', 'S', '0', '0'), ('620502', '秦州区', '620500', 'Q', '0', '0'), ('620503', '麦积区', '620500', 'M', '0', '0'), ('620521', '清水县', '620500', 'Q', '0', '0'), ('620522', '秦安县', '620500', 'Q', '0', '0'), ('620523', '甘谷县', '620500', 'G', '0', '0'), ('620524', '武山县', '620500', 'W', '0', '0'), ('620525', '张家川回族自治县', '620500', 'Z', '0', '0'), ('620601', '市辖区', '620600', 'S', '0', '0'), ('620602', '凉州区', '620600', 'L', '0', '0'), ('620621', '民勤县', '620600', 'M', '0', '0'), ('620622', '古浪县', '620600', 'G', '0', '0'), ('620623', '天祝藏族自治县', '620600', 'T', '0', '0'), ('620701', '市辖区', '620700', 'S', '0', '0'), ('620702', '甘州区', '620700', 'G', '0', '0'), ('620721', '肃南裕固族自治县', '620700', 'S', '0', '0'), ('620722', '民乐县', '620700', 'M', '0', '0'), ('620723', '临泽县', '620700', 'L', '0', '0'), ('620724', '高台县', '620700', 'G', '0', '0'), ('620725', '山丹县', '620700', 'S', '0', '0'), ('620801', '市辖区', '620800', 'S', '0', '0'), ('620802', '崆峒区', '620800', '', '0', '0'), ('620821', '泾川县', '620800', '', '0', '0'), ('620822', '灵台县', '620800', 'L', '0', '0'), ('620823', '崇信县', '620800', 'C', '0', '0'), ('620824', '华亭县', '620800', 'H', '0', '0'), ('620825', '庄浪县', '620800', 'Z', '0', '0'), ('620826', '静宁县', '620800', 'J', '0', '0'), ('620901', '市辖区', '620900', 'S', '0', '0'), ('620902', '肃州区', '620900', 'S', '0', '0'), ('620921', '金塔县', '620900', 'J', '0', '0'), ('620922', '瓜州县', '620900', 'G', '0', '0'), ('620923', '肃北蒙古族自治县', '620900', 'S', '0', '0'), ('620924', '阿克塞哈萨克族自治县', '620900', 'A', '0', '0'), ('620981', '玉门市', '620900', 'Y', '0', '0'), ('620982', '敦煌市', '620900', 'D', '0', '0'), ('621001', '市辖区', '621000', 'S', '0', '0'), ('621002', '西峰区', '621000', 'X', '0', '0'), ('621021', '庆城县', '621000', 'Q', '0', '0'), ('621022', '环县', '621000', 'H', '0', '0'), ('621023', '华池县', '621000', 'H', '0', '0'), ('621024', '合水县', '621000', 'H', '0', '0'), ('621025', '正宁县', '621000', 'Z', '0', '0'), ('621026', '宁县', '621000', 'N', '0', '0'), ('621027', '镇原县', '621000', 'Z', '0', '0'), ('621101', '市辖区', '621100', 'S', '0', '0'), ('621102', '安定区', '621100', 'A', '0', '0'), ('621121', '通渭县', '621100', 'T', '0', '0'), ('621122', '陇西县', '621100', 'L', '0', '0'), ('621123', '渭源县', '621100', 'W', '0', '0'), ('621124', '临洮县', '621100', 'L', '0', '0'), ('621125', '漳县', '621100', 'Z', '0', '0'), ('621126', '岷县', '621100', '', '0', '0'), ('621201', '市辖区', '621200', 'S', '0', '0'), ('621202', '武都区', '621200', 'W', '0', '0'), ('621221', '成县', '621200', 'C', '0', '0'), ('621222', '文县', '621200', 'W', '0', '0'), ('621223', '宕昌县', '621200', '', '0', '0'), ('621224', '康县', '621200', 'K', '0', '0'), ('621225', '西和县', '621200', 'X', '0', '0'), ('621226', '礼县', '621200', 'L', '0', '0'), ('621227', '徽县', '621200', 'H', '0', '0'), ('621228', '两当县', '621200', 'L', '0', '0'), ('622901', '临夏市', '622900', 'L', '0', '0'), ('622921', '临夏县', '622900', 'L', '0', '0'), ('622922', '康乐县', '622900', 'K', '0', '0'), ('622923', '永靖县', '622900', 'Y', '0', '0'), ('622924', '广河县', '622900', 'G', '0', '0'), ('622925', '和政县', '622900', 'H', '0', '0'), ('622926', '东乡族自治县', '622900', 'D', '0', '0'), ('622927', '积石山保安族东乡族撒拉族自治县', '622900', 'J', '0', '0'), ('623001', '合作市', '623000', 'H', '0', '0'), ('623021', '临潭县', '623000', 'L', '0', '0'), ('623022', '卓尼县', '623000', 'Z', '0', '0'), ('623023', '舟曲县', '623000', 'Z', '0', '0'), ('623024', '迭部县', '623000', 'D', '0', '0'), ('623025', '玛曲县', '623000', 'M', '0', '0'), ('623026', '碌曲县', '623000', 'L', '0', '0'), ('623027', '夏河县', '623000', 'X', '0', '0'), ('630101', '市辖区', '630100', 'S', '0', '0'), ('630102', '城东区', '630100', 'C', '0', '0'), ('630103', '城中区', '630100', 'C', '0', '0'), ('630104', '城西区', '630100', 'C', '0', '0'), ('630105', '城北区', '630100', 'C', '0', '0'), ('630121', '大通回族土族自治县', '630100', 'D', '0', '0'), ('630122', '湟中县', '630100', '', '0', '0'), ('630123', '湟源县', '630100', '', '0', '0'), ('630202', '乐都区', '630200', 'L', '0', '0'), ('630221', '平安县', '630200', 'P', '0', '0'), ('630222', '民和回族土族自治县', '630200', 'M', '0', '0'), ('630223', '互助土族自治县', '630200', 'H', '0', '0'), ('630224', '化隆回族自治县', '630200', 'H', '0', '0'), ('630225', '循化撒拉族自治县', '630200', 'X', '0', '0'), ('632221', '门源回族自治县', '632200', 'M', '0', '0'), ('632222', '祁连县', '632200', 'Q', '0', '0'), ('632223', '海晏县', '632200', 'H', '0', '0'), ('632224', '刚察县', '632200', 'G', '0', '0'), ('632321', '同仁县', '632300', 'T', '0', '0'), ('632322', '尖扎县', '632300', 'J', '0', '0'), ('632323', '泽库县', '632300', 'Z', '0', '0'), ('632324', '河南蒙古族自治县', '632300', 'H', '0', '0'), ('632521', '共和县', '632500', 'G', '0', '0'), ('632522', '同德县', '632500', 'T', '0', '0'), ('632523', '贵德县', '632500', 'G', '0', '0'), ('632524', '兴海县', '632500', 'X', '0', '0'), ('632525', '贵南县', '632500', 'G', '0', '0'), ('632621', '玛沁县', '632600', 'M', '0', '0'), ('632622', '班玛县', '632600', 'B', '0', '0'), ('632623', '甘德县', '632600', 'G', '0', '0'), ('632624', '达日县', '632600', 'D', '0', '0'), ('632625', '久治县', '632600', 'J', '0', '0'), ('632626', '玛多县', '632600', 'M', '0', '0'), ('632701', '玉树市', '632700', 'Y', '0', '0'), ('632722', '杂多县', '632700', 'Z', '0', '0'), ('632723', '称多县', '632700', 'C', '0', '0'), ('632724', '治多县', '632700', 'Z', '0', '0'), ('632725', '囊谦县', '632700', 'N', '0', '0'), ('632726', '曲麻莱县', '632700', 'Q', '0', '0'), ('632801', '格尔木市', '632800', 'G', '0', '0'), ('632802', '德令哈市', '632800', 'D', '0', '0'), ('632821', '乌兰县', '632800', 'W', '0', '0'), ('632822', '都兰县', '632800', 'D', '0', '0'), ('632823', '天峻县', '632800', 'T', '0', '0'), ('640101', '市辖区', '640100', 'S', '0', '0'), ('640104', '兴庆区', '640100', 'X', '0', '0'), ('640105', '西夏区', '640100', 'X', '0', '0'), ('640106', '金凤区', '640100', 'J', '0', '0'), ('640121', '永宁县', '640100', 'Y', '0', '0'), ('640122', '贺兰县', '640100', 'H', '0', '0'), ('640181', '灵武市', '640100', 'L', '0', '0'), ('640201', '市辖区', '640200', 'S', '0', '0'), ('640202', '大武口区', '640200', 'D', '0', '0'), ('640205', '惠农区', '640200', 'H', '0', '0'), ('640221', '平罗县', '640200', 'P', '0', '0'), ('640301', '市辖区', '640300', 'S', '0', '0'), ('640302', '利通区', '640300', 'L', '0', '0'), ('640303', '红寺堡区', '640300', 'H', '0', '0'), ('640323', '盐池县', '640300', 'Y', '0', '0'), ('640324', '同心县', '640300', 'T', '0', '0'), ('640381', '青铜峡市', '640300', 'Q', '0', '0'), ('640401', '市辖区', '640400', 'S', '0', '0'), ('640402', '原州区', '640400', 'Y', '0', '0'), ('640422', '西吉县', '640400', 'X', '0', '0'), ('640423', '隆德县', '640400', 'L', '0', '0'), ('640424', '泾源县', '640400', '', '0', '0'), ('640425', '彭阳县', '640400', 'P', '0', '0'), ('640501', '市辖区', '640500', 'S', '0', '0'), ('640502', '沙坡头区', '640500', 'S', '0', '0'), ('640521', '中宁县', '640500', 'Z', '0', '0'), ('640522', '海原县', '640500', 'H', '0', '0'), ('650101', '市辖区', '650100', 'S', '0', '0'), ('650102', '天山区', '650100', 'T', '0', '0'), ('650103', '沙依巴克区', '650100', 'S', '0', '0'), ('650104', '新市区', '650100', 'X', '0', '0'), ('650105', '水磨沟区', '650100', 'S', '0', '0'), ('650106', '头屯河区', '650100', 'T', '0', '0'), ('650107', '达坂城区', '650100', 'D', '0', '0'), ('650109', '米东区', '650100', 'M', '0', '0'), ('650121', '乌鲁木齐县', '650100', 'W', '0', '0'), ('650201', '市辖区', '650200', 'S', '0', '0'), ('650202', '独山子区', '650200', 'D', '0', '0'), ('650203', '克拉玛依区', '650200', 'K', '0', '0'), ('650204', '白碱滩区', '650200', 'B', '0', '0'), ('650205', '乌尔禾区', '650200', 'W', '0', '0'), ('652101', '吐鲁番市', '652100', 'T', '0', '0'), ('652122', '鄯善县', '652100', '', '0', '0'), ('652123', '托克逊县', '652100', 'T', '0', '0'), ('652201', '哈密市', '652200', 'H', '0', '0'), ('652222', '巴里坤哈萨克自治县', '652200', 'B', '0', '0');
INSERT INTO `tp_address_area` VALUES ('652223', '伊吾县', '652200', 'Y', '0', '0'), ('652301', '昌吉市', '652300', 'C', '0', '0'), ('652302', '阜康市', '652300', 'F', '0', '0'), ('652323', '呼图壁县', '652300', 'H', '0', '0'), ('652324', '玛纳斯县', '652300', 'M', '0', '0'), ('652325', '奇台县', '652300', 'Q', '0', '0'), ('652327', '吉木萨尔县', '652300', 'J', '0', '0'), ('652328', '木垒哈萨克自治县', '652300', 'M', '0', '0'), ('652701', '博乐市', '652700', 'B', '0', '0'), ('652702', '阿拉山口市', '652700', 'A', '0', '0'), ('652722', '精河县', '652700', 'J', '0', '0'), ('652723', '温泉县', '652700', 'W', '0', '0'), ('652801', '库尔勒市', '652800', 'K', '0', '0'), ('652822', '轮台县', '652800', 'L', '0', '0'), ('652823', '尉犁县', '652800', 'W', '0', '0'), ('652824', '若羌县', '652800', 'R', '0', '0'), ('652825', '且末县', '652800', 'Q', '0', '0'), ('652826', '焉耆回族自治县', '652800', 'Y', '0', '0'), ('652827', '和静县', '652800', 'H', '0', '0'), ('652828', '和硕县', '652800', 'H', '0', '0'), ('652829', '博湖县', '652800', 'B', '0', '0'), ('652901', '阿克苏市', '652900', 'A', '0', '0'), ('652922', '温宿县', '652900', 'W', '0', '0'), ('652923', '库车县', '652900', 'K', '0', '0'), ('652924', '沙雅县', '652900', 'S', '0', '0'), ('652925', '新和县', '652900', 'X', '0', '0'), ('652926', '拜城县', '652900', 'B', '0', '0'), ('652927', '乌什县', '652900', 'W', '0', '0'), ('652928', '阿瓦提县', '652900', 'A', '0', '0'), ('652929', '柯坪县', '652900', 'K', '0', '0'), ('653001', '阿图什市', '653000', 'A', '0', '0'), ('653022', '阿克陶县', '653000', 'A', '0', '0'), ('653023', '阿合奇县', '653000', 'A', '0', '0'), ('653024', '乌恰县', '653000', 'W', '0', '0'), ('653101', '喀什市', '653100', 'K', '0', '0'), ('653121', '疏附县', '653100', 'S', '0', '0'), ('653122', '疏勒县', '653100', 'S', '0', '0'), ('653123', '英吉沙县', '653100', 'Y', '0', '0'), ('653124', '泽普县', '653100', 'Z', '0', '0'), ('653125', '莎车县', '653100', 'S', '0', '0'), ('653126', '叶城县', '653100', 'Y', '0', '0'), ('653127', '麦盖提县', '653100', 'M', '0', '0'), ('653128', '岳普湖县', '653100', 'Y', '0', '0'), ('653129', '伽师县', '653100', '', '0', '0'), ('653130', '巴楚县', '653100', 'B', '0', '0'), ('653131', '塔什库尔干塔吉克自治县', '653100', 'T', '0', '0'), ('653201', '和田市', '653200', 'H', '0', '0'), ('653221', '和田县', '653200', 'H', '0', '0'), ('653222', '墨玉县', '653200', 'M', '0', '0'), ('653223', '皮山县', '653200', 'P', '0', '0'), ('653224', '洛浦县', '653200', 'L', '0', '0'), ('653225', '策勒县', '653200', 'C', '0', '0'), ('653226', '于田县', '653200', 'Y', '0', '0'), ('653227', '民丰县', '653200', 'M', '0', '0'), ('654002', '伊宁市', '654000', 'Y', '0', '0'), ('654003', '奎屯市', '654000', 'K', '0', '0'), ('654021', '伊宁县', '654000', 'Y', '0', '0'), ('654022', '察布查尔锡伯自治县', '654000', 'C', '0', '0'), ('654023', '霍城县', '654000', 'H', '0', '0'), ('654024', '巩留县', '654000', 'G', '0', '0'), ('654025', '新源县', '654000', 'X', '0', '0'), ('654026', '昭苏县', '654000', 'Z', '0', '0'), ('654027', '特克斯县', '654000', 'T', '0', '0'), ('654028', '尼勒克县', '654000', 'N', '0', '0'), ('654201', '塔城市', '654200', 'T', '0', '0'), ('654202', '乌苏市', '654200', 'W', '0', '0'), ('654221', '额敏县', '654200', 'E', '0', '0'), ('654223', '沙湾县', '654200', 'S', '0', '0'), ('654224', '托里县', '654200', 'T', '0', '0'), ('654225', '裕民县', '654200', 'Y', '0', '0'), ('654226', '和布克赛尔蒙古自治县', '654200', 'H', '0', '0'), ('654301', '阿勒泰市', '654300', 'A', '0', '0'), ('654321', '布尔津县', '654300', 'B', '0', '0'), ('654322', '富蕴县', '654300', 'F', '0', '0'), ('654323', '福海县', '654300', 'F', '0', '0'), ('654324', '哈巴河县', '654300', 'H', '0', '0'), ('654325', '青河县', '654300', 'Q', '0', '0'), ('654326', '吉木乃县', '654300', 'J', '0', '0'), ('659001', '石河子市', '659000', 'S', '0', '0'), ('659002', '阿拉尔市', '659000', 'A', '0', '0'), ('659003', '图木舒克市', '659000', 'T', '0', '0'), ('659004', '五家渠市', '659000', 'W', '0', '0'), ('659005', '0', '659000', '', '0', '0'), ('659006', ' tp_addr_province;', '659000', '', '0', '0'), ('659007', ' tp_addr_city;', '659000', '', '0', '0'), ('659008', ' tp_addr_area;', '659000', '', '0', '0'), ('659009', '0', '659000', '', '0', '0'), ('659010', ' tp_address_province;', '659000', '', '0', '0'), ('659011', ' tp_address_city;', '659000', '', '0', '0'), ('659012', ' tp_address_area;', '659000', '', '0', '0'), ('659013', '0', '659000', '', '0', '0'), ('659016', '0', '659000', '', '0', '0'), ('310101', '黄浦区', '310000', 'H', '0', '0'), ('310104', '徐汇区', '310000', 'X', '0', '0'), ('310105', '长宁区', '310000', 'C', '0', '0'), ('310106', '静安区', '310000', 'J', '0', '0'), ('310107', '普陀区', '310000', 'P', '0', '0'), ('310108', '闸北区', '310000', 'Z', '0', '0'), ('310109', '虹口区', '310000', 'H', '0', '0'), ('310110', '杨浦区', '310000', 'Y', '0', '0'), ('310112', '闵行区', '310000', '', '0', '0'), ('310113', '宝山区', '310000', 'B', '0', '0'), ('310114', '嘉定区', '310000', 'J', '0', '0'), ('310115', '浦东新区', '310000', 'P', '0', '0'), ('310116', '金山区', '310000', 'J', '0', '0'), ('310117', '松江区', '310000', 'S', '0', '0'), ('310118', '青浦区', '310000', 'Q', '0', '0'), ('310120', '奉贤区', '310000', 'F', '0', '0'), ('310230', '崇明县', '310000', 'C', '0', '0'), ('110101', '东城区', '110000', 'D', '0', '0'), ('110102', '西城区', '110000', 'X', '0', '0'), ('110105', '朝阳区', '110000', 'C', '0', '0'), ('110106', '丰台区', '110000', 'F', '0', '0'), ('110107', '石景山区', '110000', 'S', '0', '0'), ('110108', '海淀区', '110000', 'H', '0', '0'), ('110109', '门头沟区', '110000', 'M', '0', '0'), ('110111', '房山区', '110000', 'F', '0', '0'), ('110112', '通州区', '110000', 'T', '0', '0'), ('110113', '顺义区', '110000', 'S', '0', '0'), ('110114', '昌平区', '110000', 'C', '0', '0'), ('110115', '大兴区', '110000', 'D', '0', '0'), ('110116', '怀柔区', '110000', 'H', '0', '0'), ('110117', '平谷区', '110000', 'P', '0', '0'), ('110228', '密云县', '110000', 'M', '0', '0'), ('110229', '延庆县', '110000', 'Y', '0', '0'), ('120101', '和平区', '120000', 'H', '0', '0'), ('120102', '河东区', '120000', 'H', '0', '0'), ('120103', '河西区', '120000', 'H', '0', '0'), ('120104', '南开区', '120000', 'N', '0', '0'), ('120105', '河北区', '120000', 'H', '0', '0'), ('120106', '红桥区', '120000', 'H', '0', '0'), ('120110', '东丽区', '120000', 'D', '0', '0'), ('120111', '西青区', '120000', 'X', '0', '0'), ('120112', '津南区', '120000', 'J', '0', '0'), ('120113', '北辰区', '120000', 'B', '0', '0'), ('120114', '武清区', '120000', 'W', '0', '0'), ('120115', '宝坻区', '120000', 'B', '0', '0'), ('120116', '滨海新区', '120000', 'B', '0', '0'), ('120221', '宁河县', '120000', 'N', '0', '0'), ('120223', '静海县', '120000', 'J', '0', '0'), ('120225', '蓟县', '120000', 'J', '0', '0'), ('500101', '万州区', '500000', 'W', '0', '0'), ('500102', '涪陵区', '500000', 'F', '0', '0'), ('500103', '渝中区', '500000', 'Y', '0', '0'), ('500104', '大渡口区', '500000', 'D', '0', '0'), ('500105', '江北区', '500000', 'J', '0', '0'), ('500106', '沙坪坝区', '500000', 'S', '0', '0'), ('500107', '九龙坡区', '500000', 'J', '0', '0'), ('500108', '南岸区', '500000', 'N', '0', '0'), ('500109', '北碚区', '500000', 'B', '0', '0'), ('500110', '綦江区', '500000', '', '0', '0'), ('500111', '大足区', '500000', 'D', '0', '0'), ('500112', '渝北区', '500000', 'Y', '0', '0'), ('500113', '巴南区', '500000', 'B', '0', '0'), ('500114', '黔江区', '500000', 'Q', '0', '0'), ('500115', '长寿区', '500000', 'C', '0', '0'), ('500116', '江津区', '500000', 'J', '0', '0'), ('500117', '合川区', '500000', 'H', '0', '0'), ('500118', '永川区', '500000', 'Y', '0', '0'), ('500119', '南川区', '500000', 'N', '0', '0'), ('500223', '潼南县', '500000', '', '0', '0'), ('500224', '铜梁县', '500000', 'T', '0', '0'), ('500226', '荣昌县', '500000', 'R', '0', '0'), ('500227', '璧山县', '500000', '', '0', '0'), ('500228', '梁平县', '500000', 'L', '0', '0'), ('500229', '城口县', '500000', 'C', '0', '0'), ('500230', '丰都县', '500000', 'F', '0', '0'), ('500231', '垫江县', '500000', 'D', '0', '0'), ('500232', '武隆县', '500000', 'W', '0', '0'), ('500233', '忠县', '500000', 'Z', '0', '0'), ('500234', '开县', '500000', 'K', '0', '0'), ('500235', '云阳县', '500000', 'Y', '0', '0'), ('500236', '奉节县', '500000', 'F', '0', '0'), ('500237', '巫山县', '500000', 'W', '0', '0'), ('500238', '巫溪县', '500000', 'W', '0', '0'), ('500240', '石柱土家族自治县', '500000', 'S', '0', '0'), ('500241', '秀山土家族苗族自治县', '500000', 'X', '0', '0'), ('500242', '酉阳土家族苗族自治县', '500000', 'Y', '0', '0'), ('500243', '彭水苗族土家族自治县', '500000', 'P', '0', '0');
COMMIT;

-- ----------------------------
--  Table structure for `tp_address_city`
-- ----------------------------
DROP TABLE IF EXISTS `tp_address_city`;
CREATE TABLE `tp_address_city` (
  `city_id` mediumint(5) NOT NULL AUTO_INCREMENT COMMENT '城市ID',
  `city_name` varchar(50) NOT NULL COMMENT '地级市名',
  `province_id` mediumint(2) NOT NULL DEFAULT '0' COMMENT '省id',
  `py` char(1) NOT NULL DEFAULT '' COMMENT '拼音首字母',
  `is_open` tinyint(3) unsigned NOT NULL DEFAULT '0' COMMENT '是否开通，1是，0否',
  PRIMARY KEY (`city_id`),
  KEY `province_id` (`province_id`)
) ENGINE=MyISAM AUTO_INCREMENT=659001 DEFAULT CHARSET=utf8 COMMENT='地级市表';

-- ----------------------------
--  Records of `tp_address_city`
-- ----------------------------
BEGIN;
INSERT INTO `tp_address_city` VALUES ('110000', '北京市', '110000', 'B', '0'), ('120000', '天津市', '120000', 'T', '0'), ('130100', '石家庄市', '130000', 'S', '0'), ('130200', '唐山市', '130000', 'T', '0'), ('130300', '秦皇岛市', '130000', 'Q', '0'), ('130400', '邯郸市', '130000', 'H', '0'), ('130500', '邢台市', '130000', 'X', '0'), ('130600', '保定市', '130000', 'B', '0'), ('130700', '张家口市', '130000', 'Z', '0'), ('130800', '承德市', '130000', 'C', '0'), ('130900', '沧州市', '130000', 'C', '0'), ('131000', '廊坊市', '130000', 'L', '0'), ('131100', '衡水市', '130000', 'H', '0'), ('140100', '太原市', '140000', 'T', '0'), ('140200', '大同市', '140000', 'D', '0'), ('140300', '阳泉市', '140000', 'Y', '0'), ('140400', '长治市', '140000', 'C', '0'), ('140500', '晋城市', '140000', 'J', '0'), ('140600', '朔州市', '140000', 'S', '0'), ('140700', '晋中市', '140000', 'J', '0'), ('140800', '运城市', '140000', 'Y', '0'), ('140900', '忻州市', '140000', 'X', '0'), ('141000', '临汾市', '140000', 'L', '0'), ('141100', '吕梁市', '140000', 'L', '0'), ('150100', '呼和浩特市', '150000', 'H', '0'), ('150200', '包头市', '150000', 'B', '0'), ('150300', '乌海市', '150000', 'W', '0'), ('150400', '赤峰市', '150000', 'C', '0'), ('150500', '通辽市', '150000', 'T', '0'), ('150600', '鄂尔多斯市', '150000', 'E', '0'), ('150700', '呼伦贝尔市', '150000', 'H', '0'), ('150800', '巴彦淖尔市', '150000', 'B', '0'), ('150900', '乌兰察布市', '150000', 'W', '0'), ('152200', '兴安盟', '150000', 'X', '0'), ('152500', '锡林郭勒盟', '150000', 'X', '0'), ('152900', '阿拉善盟', '150000', 'A', '0'), ('210100', '沈阳市', '210000', 'S', '0'), ('210200', '大连市', '210000', 'D', '0'), ('210300', '鞍山市', '210000', 'A', '0'), ('210400', '抚顺市', '210000', 'F', '0'), ('210500', '本溪市', '210000', 'B', '0'), ('210600', '丹东市', '210000', 'D', '0'), ('210700', '锦州市', '210000', 'J', '0'), ('210800', '营口市', '210000', 'Y', '0'), ('210900', '阜新市', '210000', 'F', '0'), ('211000', '辽阳市', '210000', 'L', '0'), ('211100', '盘锦市', '210000', 'P', '0'), ('211200', '铁岭市', '210000', 'T', '0'), ('211300', '朝阳市', '210000', 'C', '0'), ('211400', '葫芦岛市', '210000', 'H', '0'), ('220100', '长春市', '220000', 'C', '0'), ('220200', '吉林市', '220000', 'J', '0'), ('220300', '四平市', '220000', 'S', '0'), ('220400', '辽源市', '220000', 'L', '0'), ('220500', '通化市', '220000', 'T', '0'), ('220600', '白山市', '220000', 'B', '0'), ('220700', '松原市', '220000', 'S', '0'), ('220800', '白城市', '220000', 'B', '0'), ('222400', '延边朝鲜族自治州', '220000', 'Y', '0'), ('230100', '哈尔滨市', '230000', 'H', '0'), ('230200', '齐齐哈尔市', '230000', 'Q', '0'), ('230300', '鸡西市', '230000', 'J', '0'), ('230400', '鹤岗市', '230000', 'H', '0'), ('230500', '双鸭山市', '230000', 'S', '0'), ('230600', '大庆市', '230000', 'D', '0'), ('230700', '伊春市', '230000', 'Y', '0'), ('230800', '佳木斯市', '230000', 'J', '0'), ('230900', '七台河市', '230000', 'Q', '0'), ('231000', '牡丹江市', '230000', 'M', '0'), ('231100', '黑河市', '230000', 'H', '0'), ('231200', '绥化市', '230000', 'S', '0'), ('232700', '大兴安岭地区', '230000', 'D', '0'), ('310000', '上海市', '310000', 'S', '0'), ('320100', '南京市', '320000', 'N', '0'), ('320200', '无锡市', '320000', 'W', '0'), ('320300', '徐州市', '320000', 'X', '0'), ('320400', '常州市', '320000', 'C', '0'), ('320500', '苏州市', '320000', 'S', '0'), ('320600', '南通市', '320000', 'N', '0'), ('320700', '连云港市', '320000', 'L', '0'), ('320800', '淮安市', '320000', 'H', '0'), ('320900', '盐城市', '320000', 'Y', '0'), ('321000', '扬州市', '320000', 'Y', '0'), ('321100', '镇江市', '320000', 'Z', '0'), ('321200', '泰州市', '320000', 'T', '0'), ('321300', '宿迁市', '320000', 'S', '0'), ('330100', '杭州市', '330000', 'H', '0'), ('330200', '宁波市', '330000', 'N', '0'), ('330300', '温州市', '330000', 'W', '1'), ('330400', '嘉兴市', '330000', 'J', '0'), ('330500', '湖州市', '330000', 'H', '0'), ('330600', '绍兴市', '330000', 'S', '0'), ('330700', '金华市', '330000', 'J', '0'), ('330800', '衢州市', '330000', '', '0'), ('330900', '舟山市', '330000', 'Z', '0'), ('331000', '台州市', '330000', 'T', '0'), ('331100', '丽水市', '330000', 'L', '0'), ('340100', '合肥市', '340000', 'H', '0'), ('340200', '芜湖市', '340000', 'W', '0'), ('340300', '蚌埠市', '340000', 'B', '0'), ('340400', '淮南市', '340000', 'H', '0'), ('340500', '马鞍山市', '340000', 'M', '0'), ('340600', '淮北市', '340000', 'H', '0'), ('340700', '铜陵市', '340000', 'T', '0'), ('340800', '安庆市', '340000', 'A', '0'), ('341000', '黄山市', '340000', 'H', '0'), ('341100', '滁州市', '340000', 'C', '0'), ('341200', '阜阳市', '340000', 'F', '0'), ('341300', '宿州市', '340000', 'S', '0'), ('341500', '六安市', '340000', 'L', '0'), ('341600', '亳州市', '340000', '', '0'), ('341700', '池州市', '340000', 'C', '0'), ('341800', '宣城市', '340000', 'X', '0'), ('350100', '福州市', '350000', 'F', '0'), ('350200', '厦门市', '350000', 'X', '0'), ('350300', '莆田市', '350000', 'P', '0'), ('350400', '三明市', '350000', 'S', '0'), ('350500', '泉州市', '350000', 'Q', '0'), ('350600', '漳州市', '350000', 'Z', '0'), ('350700', '南平市', '350000', 'N', '0'), ('350800', '龙岩市', '350000', 'L', '0'), ('350900', '宁德市', '350000', 'N', '0'), ('360100', '南昌市', '360000', 'N', '0'), ('360200', '景德镇市', '360000', 'J', '0'), ('360300', '萍乡市', '360000', 'P', '0'), ('360400', '九江市', '360000', 'J', '0'), ('360500', '新余市', '360000', 'X', '0'), ('360600', '鹰潭市', '360000', 'Y', '0'), ('360700', '赣州市', '360000', 'G', '0'), ('360800', '吉安市', '360000', 'J', '0'), ('360900', '宜春市', '360000', 'Y', '0'), ('361000', '抚州市', '360000', 'F', '0'), ('361100', '上饶市', '360000', 'S', '0'), ('370100', '济南市', '370000', 'J', '0'), ('370200', '青岛市', '370000', 'Q', '0'), ('370300', '淄博市', '370000', 'Z', '0'), ('370400', '枣庄市', '370000', 'Z', '0'), ('370500', '东营市', '370000', 'D', '0'), ('370600', '烟台市', '370000', 'Y', '0'), ('370700', '潍坊市', '370000', 'W', '0'), ('370800', '济宁市', '370000', 'J', '0'), ('370900', '泰安市', '370000', 'T', '0'), ('371000', '威海市', '370000', 'W', '0'), ('371100', '日照市', '370000', 'R', '0'), ('371200', '莱芜市', '370000', 'L', '0'), ('371300', '临沂市', '370000', 'L', '0'), ('371400', '德州市', '370000', 'D', '0'), ('371500', '聊城市', '370000', 'L', '0'), ('371600', '滨州市', '370000', 'B', '0'), ('371700', '菏泽市', '370000', 'H', '0'), ('410100', '郑州市', '410000', 'Z', '0'), ('410200', '开封市', '410000', 'K', '0'), ('410300', '洛阳市', '410000', 'L', '0'), ('410400', '平顶山市', '410000', 'P', '0'), ('410500', '安阳市', '410000', 'A', '0'), ('410600', '鹤壁市', '410000', 'H', '0'), ('410700', '新乡市', '410000', 'X', '0'), ('410800', '焦作市', '410000', 'J', '0'), ('410900', '濮阳市', '410000', '', '0'), ('411000', '许昌市', '410000', 'X', '0'), ('411100', '漯河市', '410000', '', '0'), ('411200', '三门峡市', '410000', 'S', '0'), ('411300', '南阳市', '410000', 'N', '0'), ('411400', '商丘市', '410000', 'S', '0'), ('411500', '信阳市', '410000', 'X', '0'), ('411600', '周口市', '410000', 'Z', '0'), ('411700', '驻马店市', '410000', 'Z', '0'), ('419000', '省直辖县级行政区划', '410000', 'S', '0'), ('420100', '武汉市', '420000', 'W', '0'), ('420200', '黄石市', '420000', 'H', '0'), ('420300', '十堰市', '420000', 'S', '0'), ('420500', '宜昌市', '420000', 'Y', '0'), ('420600', '襄阳市', '420000', 'X', '0'), ('420700', '鄂州市', '420000', 'E', '0'), ('420800', '荆门市', '420000', 'J', '0'), ('420900', '孝感市', '420000', 'X', '0'), ('421000', '荆州市', '420000', 'J', '0'), ('421100', '黄冈市', '420000', 'H', '0'), ('421200', '咸宁市', '420000', 'X', '0'), ('421300', '随州市', '420000', 'S', '0'), ('422800', '恩施土家族苗族自治州', '420000', 'E', '0'), ('429000', '省直辖县级行政区划', '420000', 'S', '0'), ('430100', '长沙市', '430000', 'C', '0'), ('430200', '株洲市', '430000', 'Z', '0'), ('430300', '湘潭市', '430000', 'X', '0'), ('430400', '衡阳市', '430000', 'H', '0'), ('430500', '邵阳市', '430000', 'S', '0'), ('430600', '岳阳市', '430000', 'Y', '0'), ('430700', '常德市', '430000', 'C', '0'), ('430800', '张家界市', '430000', 'Z', '0'), ('430900', '益阳市', '430000', 'Y', '0'), ('431000', '郴州市', '430000', 'C', '0'), ('431100', '永州市', '430000', 'Y', '0'), ('431200', '怀化市', '430000', 'H', '0'), ('431300', '娄底市', '430000', 'L', '0'), ('433100', '湘西土家族苗族自治州', '430000', 'X', '0'), ('440100', '广州市', '440000', 'G', '0'), ('440200', '韶关市', '440000', 'S', '0'), ('440300', '深圳市', '440000', 'S', '0'), ('440400', '珠海市', '440000', 'Z', '0'), ('440500', '汕头市', '440000', 'S', '0'), ('440600', '佛山市', '440000', 'F', '0'), ('440700', '江门市', '440000', 'J', '0'), ('440800', '湛江市', '440000', 'Z', '0'), ('440900', '茂名市', '440000', 'M', '0'), ('441200', '肇庆市', '440000', 'Z', '0'), ('441300', '惠州市', '440000', 'H', '0'), ('441400', '梅州市', '440000', 'M', '0'), ('441500', '汕尾市', '440000', 'S', '0'), ('441600', '河源市', '440000', 'H', '0'), ('441700', '阳江市', '440000', 'Y', '0'), ('441800', '清远市', '440000', 'Q', '0'), ('441900', '东莞市', '440000', 'D', '0'), ('442000', '中山市', '440000', 'Z', '0'), ('445100', '潮州市', '440000', 'C', '0'), ('445200', '揭阳市', '440000', 'J', '0'), ('445300', '云浮市', '440000', 'Y', '0'), ('450100', '南宁市', '450000', 'N', '0'), ('450200', '柳州市', '450000', 'L', '0'), ('450300', '桂林市', '450000', 'G', '0'), ('450400', '梧州市', '450000', 'W', '0'), ('450500', '北海市', '450000', 'B', '0'), ('450600', '防城港市', '450000', 'F', '0'), ('450700', '钦州市', '450000', 'Q', '0'), ('450800', '贵港市', '450000', 'G', '0'), ('450900', '玉林市', '450000', 'Y', '0'), ('451000', '百色市', '450000', 'B', '0'), ('451100', '贺州市', '450000', 'H', '0'), ('451200', '河池市', '450000', 'H', '0'), ('451300', '来宾市', '450000', 'L', '0'), ('451400', '崇左市', '450000', 'C', '0'), ('460100', '海口市', '460000', 'H', '0'), ('460200', '三亚市', '460000', 'S', '0'), ('460300', '三沙市', '460000', 'S', '0'), ('469000', '省直辖县级行政区划', '460000', 'S', '0'), ('500000', '重庆市', '500000', 'C', '0'), ('510100', '成都市', '510000', 'C', '0'), ('510300', '自贡市', '510000', 'Z', '0'), ('510400', '攀枝花市', '510000', 'P', '0'), ('510500', '泸州市', '510000', '', '0'), ('510600', '德阳市', '510000', 'D', '0'), ('510700', '绵阳市', '510000', 'M', '0'), ('510800', '广元市', '510000', 'G', '0'), ('510900', '遂宁市', '510000', 'S', '0'), ('511000', '内江市', '510000', 'N', '0'), ('511100', '乐山市', '510000', 'L', '0'), ('511300', '南充市', '510000', 'N', '0'), ('511400', '眉山市', '510000', 'M', '0'), ('511500', '宜宾市', '510000', 'Y', '0'), ('511600', '广安市', '510000', 'G', '0'), ('511700', '达州市', '510000', 'D', '0'), ('511800', '雅安市', '510000', 'Y', '0'), ('511900', '巴中市', '510000', 'B', '0'), ('512000', '资阳市', '510000', 'Z', '0'), ('513200', '阿坝藏族羌族自治州', '510000', 'A', '0'), ('513300', '甘孜藏族自治州', '510000', 'G', '0'), ('513400', '凉山彝族自治州', '510000', 'L', '0'), ('520100', '贵阳市', '520000', 'G', '0'), ('520200', '六盘水市', '520000', 'L', '0'), ('520300', '遵义市', '520000', 'Z', '0'), ('520400', '安顺市', '520000', 'A', '0'), ('520500', '毕节市', '520000', 'B', '0'), ('520600', '铜仁市', '520000', 'T', '0'), ('522300', '黔西南布依族苗族自治州', '520000', 'Q', '0'), ('522600', '黔东南苗族侗族自治州', '520000', 'Q', '0'), ('522700', '黔南布依族苗族自治州', '520000', 'Q', '0'), ('530100', '昆明市', '530000', 'K', '0'), ('530300', '曲靖市', '530000', 'Q', '0'), ('530400', '玉溪市', '530000', 'Y', '0'), ('530500', '保山市', '530000', 'B', '0'), ('530600', '昭通市', '530000', 'Z', '0'), ('530700', '丽江市', '530000', 'L', '0'), ('530800', '普洱市', '530000', 'P', '0'), ('530900', '临沧市', '530000', 'L', '0'), ('532300', '楚雄彝族自治州', '530000', 'C', '0'), ('532500', '红河哈尼族彝族自治州', '530000', 'H', '0'), ('532600', '文山壮族苗族自治州', '530000', 'W', '0'), ('532800', '西双版纳傣族自治州', '530000', 'X', '0'), ('532900', '大理白族自治州', '530000', 'D', '0'), ('533100', '德宏傣族景颇族自治州', '530000', 'D', '0'), ('533300', '怒江傈僳族自治州', '530000', 'N', '0'), ('533400', '迪庆藏族自治州', '530000', 'D', '0'), ('540100', '拉萨市', '540000', 'L', '0'), ('542100', '昌都地区', '540000', 'C', '0'), ('542200', '山南地区', '540000', 'S', '0'), ('542300', '日喀则地区', '540000', 'R', '0'), ('542400', '那曲地区', '540000', 'N', '0'), ('542500', '阿里地区', '540000', 'A', '0'), ('542600', '林芝地区', '540000', 'L', '0'), ('610100', '西安市', '610000', 'X', '0'), ('610200', '铜川市', '610000', 'T', '0'), ('610300', '宝鸡市', '610000', 'B', '0'), ('610400', '咸阳市', '610000', 'X', '0'), ('610500', '渭南市', '610000', 'W', '0'), ('610600', '延安市', '610000', 'Y', '0'), ('610700', '汉中市', '610000', 'H', '0'), ('610800', '榆林市', '610000', 'Y', '0'), ('610900', '安康市', '610000', 'A', '0'), ('611000', '商洛市', '610000', 'S', '0'), ('620100', '兰州市', '620000', 'L', '0'), ('620200', '嘉峪关市', '620000', 'J', '0'), ('620300', '金昌市', '620000', 'J', '0'), ('620400', '白银市', '620000', 'B', '0'), ('620500', '天水市', '620000', 'T', '0'), ('620600', '武威市', '620000', 'W', '0'), ('620700', '张掖市', '620000', 'Z', '0'), ('620800', '平凉市', '620000', 'P', '0'), ('620900', '酒泉市', '620000', 'J', '0'), ('621000', '庆阳市', '620000', 'Q', '0'), ('621100', '定西市', '620000', 'D', '0'), ('621200', '陇南市', '620000', 'L', '0'), ('622900', '临夏回族自治州', '620000', 'L', '0'), ('623000', '甘南藏族自治州', '620000', 'G', '0'), ('630100', '西宁市', '630000', 'X', '0'), ('630200', '海东市', '630000', 'H', '0'), ('632200', '海北藏族自治州', '630000', 'H', '0'), ('632300', '黄南藏族自治州', '630000', 'H', '0'), ('632500', '海南藏族自治州', '630000', 'H', '0'), ('632600', '果洛藏族自治州', '630000', 'G', '0'), ('632700', '玉树藏族自治州', '630000', 'Y', '0'), ('632800', '海西蒙古族藏族自治州', '630000', 'H', '0'), ('640100', '银川市', '640000', 'Y', '0'), ('640200', '石嘴山市', '640000', 'S', '0'), ('640300', '吴忠市', '640000', 'W', '0'), ('640400', '固原市', '640000', 'G', '0'), ('640500', '中卫市', '640000', 'Z', '0'), ('650100', '乌鲁木齐市', '650000', 'W', '0'), ('650200', '克拉玛依市', '650000', 'K', '0'), ('652100', '吐鲁番地区', '650000', 'T', '0'), ('652200', '哈密地区', '650000', 'H', '0'), ('652300', '昌吉回族自治州', '650000', 'C', '0'), ('652700', '博尔塔拉蒙古自治州', '650000', 'B', '0'), ('652800', '巴音郭楞蒙古自治州', '650000', 'B', '0'), ('652900', '阿克苏地区', '650000', 'A', '0'), ('653000', '克孜勒苏柯尔克孜自治州', '650000', 'K', '0'), ('653100', '喀什地区', '650000', 'K', '0'), ('653200', '和田地区', '650000', 'H', '0'), ('654000', '伊犁哈萨克自治州', '650000', 'Y', '0'), ('654200', '塔城地区', '650000', 'T', '0'), ('654300', '阿勒泰地区', '650000', 'A', '0'), ('659000', '自治区直辖县级行政区划', '650000', 'Z', '0');
COMMIT;

-- ----------------------------
--  Table structure for `tp_address_province`
-- ----------------------------
DROP TABLE IF EXISTS `tp_address_province`;
CREATE TABLE `tp_address_province` (
  `province_id` mediumint(2) NOT NULL AUTO_INCREMENT COMMENT '省份ID',
  `province_name` varchar(50) NOT NULL COMMENT '省',
  PRIMARY KEY (`province_id`)
) ENGINE=MyISAM AUTO_INCREMENT=820001 DEFAULT CHARSET=utf8 COMMENT='省表';

-- ----------------------------
--  Records of `tp_address_province`
-- ----------------------------
BEGIN;
INSERT INTO `tp_address_province` VALUES ('110000', '北京市'), ('120000', '天津市'), ('130000', '河北省'), ('140000', '山西省'), ('150000', '内蒙古自治区'), ('210000', '辽宁省'), ('220000', '吉林省'), ('230000', '黑龙江省'), ('310000', '上海市'), ('320000', '江苏省'), ('330000', '浙江省'), ('340000', '安徽省'), ('350000', '福建省'), ('360000', '江西省'), ('370000', '山东省'), ('410000', '河南省'), ('420000', '湖北省'), ('430000', '湖南省'), ('440000', '广东省'), ('450000', '广西壮族自治区'), ('460000', '海南省'), ('500000', '重庆市'), ('510000', '四川省'), ('520000', '贵州省'), ('530000', '云南省'), ('540000', '西藏自治区'), ('610000', '陕西省'), ('620000', '甘肃省'), ('630000', '青海省'), ('640000', '宁夏回族自治区'), ('650000', '新疆维吾尔自治区'), ('710000', '台湾省'), ('810000', '香港特别行政区'), ('820000', '澳门特别行政区');
COMMIT;

-- ----------------------------
--  Table structure for `tp_adv`
-- ----------------------------
DROP TABLE IF EXISTS `tp_adv`;
CREATE TABLE `tp_adv` (
  `adv_id` smallint(5) unsigned NOT NULL AUTO_INCREMENT COMMENT '自增主键',
  `adv_type` tinyint(4) NOT NULL DEFAULT '0' COMMENT '广告位类型，1顶部广告位，2其他，以后扩张用',
  `title` varchar(32) NOT NULL DEFAULT '' COMMENT '广告标题',
  `link` varchar(128) NOT NULL DEFAULT '' COMMENT '链接',
  `pic` varchar(128) NOT NULL DEFAULT '' COMMENT '图片路径',
  `serial` tinyint(3) unsigned NOT NULL DEFAULT '0' COMMENT '排序号',
  `isuse` tinyint(3) unsigned NOT NULL DEFAULT '0' COMMENT '有效性，0不显示，1显示，2已删除',
  PRIMARY KEY (`adv_id`)
) ENGINE=MyISAM DEFAULT CHARSET=utf8 COMMENT='广告位表';

-- ----------------------------
--  Table structure for `tp_article`
-- ----------------------------
DROP TABLE IF EXISTS `tp_article`;
CREATE TABLE `tp_article` (
  `article_id` smallint(6) NOT NULL AUTO_INCREMENT COMMENT '自增主键',
  `article_sort_id` smallint(6) NOT NULL DEFAULT '0' COMMENT '文章分类ID',
  `title` varchar(255) NOT NULL DEFAULT '' COMMENT '文章标题',
  `az_article_id` int(11) NOT NULL DEFAULT '0' COMMENT 'AZ文章ID',
  `user_type` tinyint(3) unsigned NOT NULL DEFAULT '0' COMMENT '用户类型，0通用，1管理员，2商家，3用户，4镖师',
  `author` varchar(32) NOT NULL DEFAULT '' COMMENT '文章作者',
  `article_source` varchar(128) NOT NULL DEFAULT '' COMMENT '文章来源',
  `article_tag` varchar(32) NOT NULL DEFAULT '' COMMENT '文章标记，标记特定文章，如退换货说明，分销商招募说明等都有标记',
  `keywords` varchar(255) NOT NULL DEFAULT '' COMMENT '关键字',
  `description` varchar(255) NOT NULL DEFAULT '' COMMENT '文章简介，SEO用',
  `path_img` varchar(128) NOT NULL DEFAULT '' COMMENT '文章主图',
  `clickdot` int(11) NOT NULL DEFAULT '0' COMMENT '点击量',
  `addtime` int(11) NOT NULL DEFAULT '0' COMMENT '添加时间',
  `serial` smallint(5) unsigned NOT NULL DEFAULT '0' COMMENT '排序号',
  `isuse` tinyint(4) NOT NULL DEFAULT '0' COMMENT '是否显示，1是，0否',
  `rule_type` tinyint(4) unsigned NOT NULL DEFAULT '0' COMMENT '规则的类型',
  PRIMARY KEY (`article_id`)
) ENGINE=MyISAM AUTO_INCREMENT=220 DEFAULT CHARSET=utf8 COMMENT='文章表';

-- ----------------------------
--  Records of `tp_article`
-- ----------------------------
BEGIN;
INSERT INTO `tp_article` VALUES ('219', '3', '游戏规则', '0', '0', '', '', '', '游戏规则', '游戏夺宝大作战的相关规定', '', '0', '1473535664', '0', '1', '3'), ('212', '1', '帮助中心', '0', '0', '', '', '', '帮助', '有任何疑问都可以咨询我们', '##img_domain##/image/article/thumb/2016-09/20160910234646_21907.jpg', '1', '1473299495', '5', '1', '0'), ('214', '2', '关于我们', '0', '0', '够鱼—a', '原创', '', '关于我们', '    微信公众号：hzyrkj\r\n玩家qq交流群：301111659', '##img_domain##/image/article/thumb/2016-09/20160910173134_97953.jpg', '1', '1473500077', '0', '1', '0'), ('215', '3', '竞猜规则', '0', '0', '', '够鱼', '', '竞猜规则', '竞猜的内容和规则', '##img_domain##/image/article/thumb/2016-09/20160910231849_61468.png', '0', '1473520752', '1', '1', '5'), ('216', '3', '夺宝游戏规则', '0', '0', '', '够鱼', '', '游戏规则', '“夺宝大作战”是够鱼推出的一种新型游戏，只需一元钱 就有可能买到至宝饰品。', '##img_domain##/image/article/thumb/2016-09/20160910232011_71436.jpg', '1', '1473521217', '2', '1', '4'), ('217', '3', 'roll规则说明', '0', '0', '', '够鱼', '', ' roll规则', '在 够鱼的所有投注中默认以下条例', '##img_domain##/image/article/thumb/2016-09/20160910232829_79832.png', '0', '1473521783', '3', '1', '1'), ('218', '3', '兑换规则', '0', '0', '', '够鱼', '', '夺宝兑换规则', '适用于所有夺宝兑换', '##img_domain##/image/article/thumb/2016-09/20160910233734_55817.jpg', '0', '1473522199', '4', '1', '2');
COMMIT;

-- ----------------------------
--  Table structure for `tp_article_sort`
-- ----------------------------
DROP TABLE IF EXISTS `tp_article_sort`;
CREATE TABLE `tp_article_sort` (
  `article_sort_id` smallint(6) NOT NULL AUTO_INCREMENT COMMENT '自增主键',
  `article_sort_name` varchar(128) NOT NULL DEFAULT '' COMMENT '分类名称',
  `article_sort_logo` varchar(128) NOT NULL DEFAULT '' COMMENT '分类LOGO',
  `description` text NOT NULL COMMENT '分类备注',
  `serial` tinyint(4) NOT NULL DEFAULT '0' COMMENT '排序号',
  `isuse` tinyint(4) NOT NULL DEFAULT '0' COMMENT '是否启用，1是，0否',
  PRIMARY KEY (`article_sort_id`)
) ENGINE=MyISAM AUTO_INCREMENT=26 DEFAULT CHARSET=utf8 COMMENT='文章分类表';

-- ----------------------------
--  Records of `tp_article_sort`
-- ----------------------------
BEGIN;
INSERT INTO `tp_article_sort` VALUES ('1', '帮助中心', '', '这是分类，代号1', '0', '1'), ('2', '关于我们', '', '2', '0', '1'), ('3', '规则', '', '3', '0', '1');
COMMIT;

-- ----------------------------
--  Table structure for `tp_article_txt`
-- ----------------------------
DROP TABLE IF EXISTS `tp_article_txt`;
CREATE TABLE `tp_article_txt` (
  `article_txt_id` smallint(6) unsigned NOT NULL AUTO_INCREMENT COMMENT '自增主键',
  `article_id` smallint(6) unsigned NOT NULL COMMENT '文章ID',
  `contents` text COMMENT '文章详情',
  PRIMARY KEY (`article_txt_id`)
) ENGINE=MyISAM AUTO_INCREMENT=202 DEFAULT CHARSET=utf8 COMMENT='文章详情表';

-- ----------------------------
--  Records of `tp_article_txt`
-- ----------------------------
BEGIN;
INSERT INTO `tp_article_txt` VALUES ('184', '203', '<p style=\"text-align:center;text-indent:27px\"><strong><span style=\"font-size:16px;font-family:宋体\">积分的具体来源和基准</span></strong></p><table cellspacing=\"0\" cellpadding=\"0\" width=\"657\"><tbody><tr style=\";height:32px\"><td width=\"137\" style=\"border-color: black black windowtext; border-width: 1px; padding: 0px 7px;\" height=\"32\"><p style=\"text-align:center\"><strong><span style=\";font-family:宋体\">来源版块</span></strong></p></td><td width=\"56\" style=\"border-top-color: black; border-right-color: black; border-bottom-color: black; border-top-width: 1px; border-right-width: 1px; border-bottom-width: 1px; border-left-style: none; padding: 0px 7px;\" height=\"32\"><p style=\"text-align:center\"><strong><span style=\";font-family:宋体\">序号</span></strong></p></td><td width=\"176\" style=\"border-top-color: black; border-right-color: black; border-bottom-color: black; border-top-width: 1px; border-right-width: 1px; border-bottom-width: 1px; border-left-style: none; padding: 0px 7px;\" height=\"32\"><p style=\"text-align:center\"><strong><span style=\";font-family:宋体\">具体项目</span></strong></p></td><td width=\"157\" style=\"border-top-color: black; border-top-width: 1px; border-left-style: none; border-bottom-color: black; border-bottom-width: 1px; border-right-color: windowtext; border-right-width: 1px; padding: 0px 7px;\" height=\"32\"><p style=\"text-align:center\"><strong><span style=\";font-family:宋体\">积分标准</span></strong></p></td><td width=\"132\" valign=\"top\" style=\"border-top-color: black; border-top-width: 1px; border-left-style: none; border-bottom-color: black; border-bottom-width: 1px; border-right-color: windowtext; border-right-width: 1px; padding: 0px 7px;\" height=\"32\"><p style=\"text-align:center\"><strong><span style=\";font-family:宋体\">备注</span></strong></p></td></tr><tr style=\";height:25px\"><td width=\"137\" style=\"border-top-style: none; border-left-color: black; border-left-width: 1px; border-bottom-color: windowtext; border-bottom-width: 1px; border-right-color: black; border-right-width: 1px; padding: 0px 7px;\" height=\"25\"><p><strong><span style=\";font-family:   宋体\">一、</span></strong><strong><span style=\";font-family:宋体\">加盟</span></strong></p></td><td width=\"56\" style=\"border-top-style: none; border-left-style: none; border-bottom-color: black; border-bottom-width: 1px; border-right-color: black; border-right-width: 1px; padding: 0px 7px;\" height=\"25\"><p style=\"text-align:center\"><span style=\";font-family:宋体\">1</span></p></td><td width=\"176\" style=\"border-top-style: none; border-left-style: none; border-bottom-color: black; border-bottom-width: 1px; border-right-color: black; border-right-width: 1px; padding: 0px 7px;\" height=\"25\"><p><span style=\";font-family:宋体\">加盟费返还</span></p></td><td width=\"157\" style=\"border-top-style: none; border-left-style: none; border-bottom-color: black; border-bottom-width: 1px; border-right-color: black; border-right-width: 1px; padding: 0px 7px;\" height=\"25\"><p style=\"line-height:24px\"><span style=\";font-family:宋体\">1</span><span style=\";font-family:宋体\">元积15分</span></p></td><td width=\"132\" rowspan=\"2\" valign=\"top\" style=\"border-top-style: none; border-left-style: none; border-bottom-color: black; border-bottom-width: 1px; border-right-color: black; border-right-width: 1px; padding: 0px 7px;\" height=\"25\"><p><span style=\"font-size:12px;font-family:宋体\">交给总部的费用</span><span style=\"font-size:12px\">(</span><span style=\"font-size:12px;font-family:宋体\">保证金除外</span><span style=\"font-size:12px\">)</span></p></td></tr><tr style=\";height:26px\"><td width=\"137\" style=\"border-right-color: black; border-bottom-color: black; border-left-color: black; border-right-width: 1px; border-bottom-width: 1px; border-left-width: 1px; border-top-style: none; padding: 0px 7px;\" height=\"26\"><p><strong><span style=\";font-family:宋体\">二、后期交给总部的各项费用</span></strong></p></td><td width=\"56\" style=\"border-top-style: none; border-left-style: none; border-bottom-color: black; border-bottom-width: 1px; border-right-color: black; border-right-width: 1px; padding: 0px 7px;\" height=\"26\"><p style=\"text-align:center\"><span style=\";font-family:宋体\">1</span></p></td><td width=\"176\" style=\"border-top-style: none; border-left-style: none; border-bottom-color: black; border-bottom-width: 1px; border-right-color: black; border-right-width: 1px; padding: 0px 7px;\" height=\"26\"><p><span style=\";font-family:宋体\">品牌使用费/管理费/广告费返还</span></p></td><td width=\"157\" style=\"border-top-style: none; border-left-style: none; border-bottom-color: black; border-bottom-width: 1px; border-right-color: black; border-right-width: 1px; padding: 0px 7px;\" height=\"26\"><p style=\"line-height:24px\"><span style=\";font-family:宋体\">1</span><span style=\";font-family:宋体\">元积10分</span></p></td></tr><tr style=\";height:32px\"><td width=\"137\" rowspan=\"2\" style=\"border-top-style: none; border-left-color: black; border-left-width: 1px; border-bottom-color: windowtext; border-bottom-width: 1px; border-right-color: black; border-right-width: 1px; padding: 0px 7px;\" height=\"32\"><p><strong><span style=\";font-family:宋体\">三、材料销售</span></strong></p></td><td width=\"56\" style=\"border-top-style: none; border-left-style: none; border-bottom-color: black; border-bottom-width: 1px; border-right-color: black; border-right-width: 1px; padding: 0px 7px;\" height=\"32\"><p style=\"text-align:center\"><span style=\";font-family:宋体\">1</span></p></td><td width=\"176\" style=\"border-top-style: none; border-left-style: none; border-bottom-color: black; border-bottom-width: 1px; border-right-color: black; border-right-width: 1px; padding: 0px 7px;\" height=\"32\"><p><span style=\";font-family:宋体\">首配设备/原材料返还</span></p></td><td width=\"157\" style=\"border-top-style: none; border-left-style: none; border-bottom-color: black; border-bottom-width: 1px; border-right-color: black; border-right-width: 1px; padding: 0px 7px;\" height=\"32\"><p><span style=\";font-family:宋体\">1</span><span style=\";font-family:   宋体\">元积1分</span></p></td><td width=\"132\" valign=\"top\" style=\"border-top-style: none; border-left-style: none; border-bottom-color: black; border-bottom-width: 1px; border-right-color: black; border-right-width: 1px; padding: 0px 7px;\" height=\"32\"><br/></td></tr><tr style=\";height:28px\"><td width=\"56\" style=\"border-top-style: none; border-left-style: none; border-bottom-color: black; border-bottom-width: 1px; border-right-color: black; border-right-width: 1px; padding: 0px 7px;\" height=\"28\"><p style=\"text-align:center\"><span style=\";font-family:宋体\">2</span></p></td><td width=\"176\" style=\"border-top-style: none; border-left-style: none; border-bottom-color: black; border-bottom-width: 1px; border-right-color: black; border-right-width: 1px; padding: 0px 7px;\" height=\"28\"><p><span style=\";font-family:宋体\">后配设备/原材料返还</span></p></td><td width=\"157\" style=\"border-top-style: none; border-left-style: none; border-bottom-color: black; border-bottom-width: 1px; border-right-color: black; border-right-width: 1px; padding: 0px 7px;\" height=\"28\"><p><span style=\";font-family:宋体\">1</span><span style=\";font-family:   宋体\">元积1分</span></p></td><td width=\"132\" valign=\"top\" style=\"border-top-style: none; border-left-style: none; border-bottom-color: black; border-bottom-width: 1px; border-right-color: black; border-right-width: 1px; padding: 0px 7px;\" height=\"28\"><br/></td></tr><tr style=\";height:40px\"><td width=\"137\" rowspan=\"14\" style=\"border-right-color: black; border-bottom-color: black; border-left-color: black; border-right-width: 1px; border-bottom-width: 1px; border-left-width: 1px; border-top-style: none; padding: 0px 7px;\" height=\"40\"><p><strong><span style=\";font-family:宋体\">四、经营奖励</span></strong></p></td><td width=\"56\" style=\"border-top-style: none; border-left-style: none; border-bottom-color: black; border-bottom-width: 1px; border-right-color: black; border-right-width: 1px; padding: 0px 7px;\" height=\"40\"><p style=\"text-align:center\"><span style=\";font-family:宋体\">1</span></p></td><td width=\"176\" style=\"border-top-style: none; border-left-style: none; border-bottom-color: black; border-bottom-width: 1px; border-right-color: black; border-right-width: 1px; padding: 0px 7px;\" height=\"40\"><p><span style=\"font-family: 宋体\">人员上岗获得总部培训</span></p></td><td width=\"157\" style=\"border-top-style: none; border-left-style: none; border-bottom-color: black; border-bottom-width: 1px; border-right-color: black; border-right-width: 1px; padding: 0px 7px;\" height=\"40\"><p><span style=\"font-family: 宋体\">1000</span><span style=\"font-family: 宋体\">分/人</span></p></td><td width=\"132\" valign=\"top\" style=\"border-top-style: none; border-left-style: none; border-bottom-color: black; border-bottom-width: 1px; border-right-color: black; border-right-width: 1px; padding: 0px 7px;\" height=\"40\"><p><span style=\"font-size: 12px;font-family: 宋体\">未接收总部培训上岗的要处罚积分如何处罚,处罚标准</span></p></td></tr><tr style=\";height:24px\"><td width=\"56\" style=\"border-top-style: none; border-left-style: none; border-bottom-color: black; border-bottom-width: 1px; border-right-color: black; border-right-width: 1px; padding: 0px 7px;\" height=\"24\"><p style=\"text-align:center\"><span style=\";font-family:宋体\">2</span></p></td><td width=\"176\" style=\"border-top-style: none; border-left-style: none; border-bottom-color: black; border-bottom-width: 1px; border-right-color: black; border-right-width: 1px; padding: 0px 7px;\" height=\"24\"><p><span style=\";font-family:宋体\">媒体广告宣传投入</span></p></td><td width=\"157\" style=\"border-top-style: none; border-left-style: none; border-bottom-color: black; border-bottom-width: 1px; border-right-color: black; border-right-width: 1px; padding: 0px 7px;\" height=\"24\"><p><span style=\";font-family:宋体\">宣传费投入1元积1分</span></p></td><td width=\"132\" valign=\"top\" style=\"border-top-style: none; border-left-style: none; border-bottom-color: black; border-bottom-width: 1px; border-right-color: black; border-right-width: 1px; padding: 0px 7px;\" height=\"24\"><p><span style=\"font-size:12px;font-family:宋体\">投入前获得总部认可</span></p></td></tr><tr style=\";height:34px\"><td width=\"56\" style=\"border-top-style: none; border-left-style: none; border-bottom-color: black; border-bottom-width: 1px; border-right-color: black; border-right-width: 1px; padding: 0px 7px;\" height=\"34\"><p style=\"text-align:center\"><span style=\";font-family:宋体\">3</span></p></td><td width=\"176\" style=\"border-top-style: none; border-left-style: none; border-bottom-color: black; border-bottom-width: 1px; border-right-color: black; border-right-width: 1px; padding: 0px 7px;\" height=\"34\"><p><span style=\";font-family:宋体\">获得荣誉或媒体正面报道</span></p></td><td width=\"157\" style=\"border-top-style: none; border-left-style: none; border-bottom-color: black; border-bottom-width: 1px; border-right-color: black; border-right-width: 1px; padding: 0px 7px;\" height=\"34\"><p><span style=\";font-family:宋体\">1000-10000</span><span style=\";font-family:宋体\">分</span></p></td><td width=\"132\" valign=\"top\" style=\"border-top-style: none; border-left-style: none; border-bottom-color: black; border-bottom-width: 1px; border-right-color: black; border-right-width: 1px; padding: 0px 7px;\" height=\"34\"><br/></td></tr><tr style=\";height:37px\"><td width=\"56\" style=\"border-top-style: none; border-left-style: none; border-bottom-color: black; border-bottom-width: 1px; border-right-color: black; border-right-width: 1px; padding: 0px 7px;\" height=\"37\"><p style=\"text-align:center\"><span style=\";font-family:宋体\">4</span></p></td><td width=\"176\" style=\"border-top-style: none; border-left-style: none; border-bottom-color: black; border-bottom-width: 1px; border-right-color: black; border-right-width: 1px; padding: 0px 7px;\" height=\"37\"><p><span style=\";font-family:宋体\">向公司投稿</span></p></td><td width=\"157\" style=\"border-top-style: none; border-left-style: none; border-bottom-color: black; border-bottom-width: 1px; border-right-color: black; border-right-width: 1px; padding: 0px 7px;\" height=\"37\"><p><span style=\";font-family:宋体\">2000</span><span style=\";font-family:   宋体\">分/篇</span></p></td><td width=\"132\" valign=\"top\" style=\"border-top-style: none; border-left-style: none; border-bottom-color: black; border-bottom-width: 1px; border-right-color: black; border-right-width: 1px; padding: 0px 7px;\" height=\"37\"><p><span style=\"font-size:12px;font-family:宋体\">只要投还是要录用</span></p></td></tr><tr style=\";height:24px\"><td width=\"56\" style=\"border-top-style: none; border-left-style: none; border-bottom-color: black; border-bottom-width: 1px; border-right-color: black; border-right-width: 1px; padding: 0px 7px;\" height=\"24\"><p style=\"text-align:center\"><span style=\";font-family:宋体\">5</span></p></td><td width=\"176\" style=\"border-top-style: none; border-left-style: none; border-bottom-color: black; border-bottom-width: 1px; border-right-color: black; border-right-width: 1px; padding: 0px 7px;\" height=\"24\"><p><span style=\"font-family: 宋体\">向总部成功推荐总部技师</span></p></td><td width=\"157\" style=\"border-top-style: none; border-left-style: none; border-bottom-color: black; border-bottom-width: 1px; border-right-color: black; border-right-width: 1px; padding: 0px 7px;\" height=\"24\"><p style=\"line-height:24px\"><span style=\";font-family:宋体\">大工8000分</span></p><p style=\"line-height:24px\"><span style=\";font-family:宋体\">中工5000分</span></p><p><span style=\";font-family:宋体\">小工1000分</span></p></td><td width=\"132\" valign=\"top\" style=\"border-top-style: none; border-left-style: none; border-bottom-color: black; border-bottom-width: 1px; border-right-color: black; border-right-width: 1px; padding: 0px 7px;\" height=\"24\"><p><span style=\"font-size:12px;font-family:宋体\">到岗1个月后计算</span></p></td></tr><tr style=\";height:24px\"><td width=\"56\" style=\"border-top-style: none; border-left-style: none; border-bottom-color: black; border-bottom-width: 1px; border-right-color: black; border-right-width: 1px; padding: 0px 7px;\" height=\"24\"><p style=\"text-align:center\"><span style=\";font-family:宋体\">6</span></p></td><td width=\"176\" style=\"border-top-style: none; border-left-style: none; border-bottom-color: black; border-bottom-width: 1px; border-right-color: black; border-right-width: 1px; padding: 0px 7px;\" height=\"24\"><p><span style=\";font-family:宋体\">有效配方提供</span></p></td><td width=\"157\" style=\"border-top-style: none; border-left-style: none; border-bottom-color: black; border-bottom-width: 1px; border-right-color: black; border-right-width: 1px; padding: 0px 7px;\" height=\"24\"><p><span style=\";font-family:宋体\">200</span><span style=\";font-family:   宋体\">分/个</span></p></td><td width=\"132\" valign=\"top\" style=\"border-top-style: none; border-left-style: none; border-bottom-color: black; border-bottom-width: 1px; border-right-color: black; border-right-width: 1px; padding: 0px 7px;\" height=\"24\"><p><span style=\";font-family:宋体\">总部需要审核</span></p></td></tr><tr style=\";height:24px\"><td width=\"56\" style=\"border-top-style: none; border-left-style: none; border-bottom-color: black; border-bottom-width: 1px; border-right-color: black; border-right-width: 1px; padding: 0px 7px;\" height=\"24\"><p style=\"text-align:center\"><span style=\";font-family:宋体\">7</span></p></td><td width=\"176\" style=\"border-top-style: none; border-left-style: none; border-bottom-color: black; border-bottom-width: 1px; border-right-color: black; border-right-width: 1px; padding: 0px 7px;\" height=\"24\"><p><span style=\";font-family:宋体\">无客户投诉</span></p></td><td width=\"157\" style=\"border-top-style: none; border-left-style: none; border-bottom-color: black; border-bottom-width: 1px; border-right-color: black; border-right-width: 1px; padding: 0px 7px;\" height=\"24\"><p><span style=\";font-family:宋体\">1000</span><span style=\";font-family:   宋体\">分/月</span></p></td><td width=\"132\" valign=\"top\" style=\"border-top-style: none; border-left-style: none; border-bottom-color: black; border-bottom-width: 1px; border-right-color: black; border-right-width: 1px; padding: 0px 7px;\" height=\"24\"><br/></td></tr><tr style=\";height:24px\"><td width=\"56\" style=\"border-top-style: none; border-left-style: none; border-bottom-color: black; border-bottom-width: 1px; border-right-color: black; border-right-width: 1px; padding: 0px 7px;\" height=\"24\"><p style=\"text-align:center\"><span style=\";font-family:宋体\">8</span></p></td><td width=\"176\" style=\"border-top-style: none; border-left-style: none; border-bottom-color: black; border-bottom-width: 1px; border-right-color: black; border-right-width: 1px; padding: 0px 7px;\" height=\"24\"><p><span style=\";font-family:宋体\">有效建议（管理、业务）</span></p></td><td width=\"157\" style=\"border-top-style: none; border-left-style: none; border-bottom-color: black; border-bottom-width: 1px; border-right-color: black; border-right-width: 1px; padding: 0px 7px;\" height=\"24\"><p><span style=\";font-family:宋体\">根据具体情况而定</span></p></td><td width=\"132\" valign=\"top\" style=\"border-top-style: none; border-left-style: none; border-bottom-color: black; border-bottom-width: 1px; border-right-color: black; border-right-width: 1px; padding: 0px 7px;\" height=\"24\"><br/></td></tr><tr style=\";height:24px\"><td width=\"56\" style=\"border-top-style: none; border-left-style: none; border-bottom-color: black; border-bottom-width: 1px; border-right-color: black; border-right-width: 1px; padding: 0px 7px;\" height=\"24\"><p style=\"text-align:center\"><span style=\";font-family:宋体\">9</span></p></td><td width=\"176\" style=\"border-top-style: none; border-left-style: none; border-bottom-color: black; border-bottom-width: 1px; border-right-color: black; border-right-width: 1px; padding: 0px 7px;\" height=\"24\"><p><span style=\";font-family:宋体\">参加总部组织的各类活动</span></p></td><td width=\"157\" style=\"border-top-style: none; border-left-style: none; border-bottom-color: black; border-bottom-width: 1px; border-right-color: black; border-right-width: 1px; padding: 0px 7px;\" height=\"24\"><p><span style=\";font-family:宋体\">根据具体情况而定</span></p></td><td width=\"132\" valign=\"top\" style=\"border-top-style: none; border-left-style: none; border-bottom-color: black; border-bottom-width: 1px; border-right-color: black; border-right-width: 1px; padding: 0px 7px;\" height=\"24\"><br/></td></tr><tr style=\";height:24px\"><td width=\"56\" style=\"border-top-style: none; border-left-style: none; border-bottom-color: black; border-bottom-width: 1px; border-right-color: black; border-right-width: 1px; padding: 0px 7px;\" height=\"24\"><p style=\"text-align:center\"><span style=\";font-family:宋体\">10</span></p></td><td width=\"176\" style=\"border-top-style: none; border-left-style: none; border-bottom-color: black; border-bottom-width: 1px; border-right-color: black; border-right-width: 1px; padding: 0px 7px;\" height=\"24\"><p><span style=\";font-family:宋体\">获得月度优秀门店</span></p></td><td width=\"157\" style=\"border-top-style: none; border-left-style: none; border-bottom-color: black; border-bottom-width: 1px; border-right-color: black; border-right-width: 1px; padding: 0px 7px;\" height=\"24\"><p><span style=\";font-family:宋体\">1000</span><span style=\";font-family:   宋体\">分/店</span></p></td><td width=\"132\" valign=\"top\" style=\"border-top-style: none; border-left-style: none; border-bottom-color: black; border-bottom-width: 1px; border-right-color: black; border-right-width: 1px; padding: 0px 7px;\" height=\"24\"><br/></td></tr><tr style=\";height:24px\"><td width=\"56\" style=\"border-top-style: none; border-left-style: none; border-bottom-color: black; border-bottom-width: 1px; border-right-color: black; border-right-width: 1px; padding: 0px 7px;\" height=\"24\"><p style=\"text-align:center\"><span style=\";font-family:宋体\">11</span></p></td><td width=\"176\" style=\"border-top-style: none; border-left-style: none; border-bottom-color: black; border-bottom-width: 1px; border-right-color: black; border-right-width: 1px; padding: 0px 7px;\" height=\"24\"><p><span style=\";font-family:宋体\">获得季度优秀门店</span></p></td><td width=\"157\" valign=\"top\" style=\"border-top-style: none; border-left-style: none; border-bottom-color: black; border-bottom-width: 1px; border-right-color: black; border-right-width: 1px; padding: 0px 7px;\" height=\"24\"><p><span style=\";font-family:宋体\">3000</span><span style=\";font-family:   宋体\">分/店</span></p></td><td width=\"132\" valign=\"top\" style=\"border-top-style: none; border-left-style: none; border-bottom-color: black; border-bottom-width: 1px; border-right-color: black; border-right-width: 1px; padding: 0px 7px;\" height=\"24\"><br/></td></tr><tr style=\";height:24px\"><td width=\"56\" style=\"border-top-style: none; border-left-style: none; border-bottom-color: black; border-bottom-width: 1px; border-right-color: black; border-right-width: 1px; padding: 0px 7px;\" height=\"24\"><p style=\"text-align:center\"><span style=\";font-family:宋体\">12</span></p></td><td width=\"176\" style=\"border-top-style: none; border-left-style: none; border-bottom-color: black; border-bottom-width: 1px; border-right-color: black; border-right-width: 1px; padding: 0px 7px;\" height=\"24\"><p><span style=\";font-family:宋体\">获得年度优秀门店</span></p></td><td width=\"157\" valign=\"top\" style=\"border-top-style: none; border-left-style: none; border-bottom-color: black; border-bottom-width: 1px; border-right-color: black; border-right-width: 1px; padding: 0px 7px;\" height=\"24\"><p><span style=\";font-family:宋体\">10000</span><span style=\";font-family:宋体\">分/店</span></p></td><td width=\"132\" valign=\"top\" style=\"border-top-style: none; border-left-style: none; border-bottom-color: black; border-bottom-width: 1px; border-right-color: black; border-right-width: 1px; padding: 0px 7px;\" height=\"24\"><br/></td></tr><tr style=\";height:24px\"><td width=\"56\" style=\"border-top-style: none; border-left-style: none; border-bottom-color: black; border-bottom-width: 1px; border-right-color: black; border-right-width: 1px; padding: 0px 7px;\" height=\"24\"><p style=\"text-align:center\"><span style=\";font-family:宋体\">13</span></p></td><td width=\"176\" style=\"border-top-style: none; border-left-style: none; border-bottom-color: black; border-bottom-width: 1px; border-right-color: black; border-right-width: 1px; padding: 0px 7px;\" height=\"24\"><p><span style=\";font-family:宋体\">获得年度优秀店长</span></p></td><td width=\"157\" valign=\"top\" style=\"border-top-style: none; border-left-style: none; border-bottom-color: black; border-bottom-width: 1px; border-right-color: black; border-right-width: 1px; padding: 0px 7px;\" height=\"24\"><p><span style=\";font-family:宋体\">5000</span><span style=\";font-family:   宋体\">分/名</span></p></td><td width=\"132\" valign=\"top\" style=\"border-top-style: none; border-left-style: none; border-bottom-color: black; border-bottom-width: 1px; border-right-color: black; border-right-width: 1px; padding: 0px 7px;\" height=\"24\"><br/></td></tr><tr style=\";height:24px\"><td width=\"56\" style=\"border-top-style: none; border-left-style: none; border-bottom-color: black; border-bottom-width: 1px; border-right-color: black; border-right-width: 1px; padding: 0px 7px;\" height=\"24\"><p style=\"text-align:center\"><span style=\";font-family:宋体\">14</span></p></td><td width=\"176\" style=\"border-top-style: none; border-left-style: none; border-bottom-color: black; border-bottom-width: 1px; border-right-color: black; border-right-width: 1px; padding: 0px 7px;\" height=\"24\"><p><span style=\";font-family:宋体\">获得年度优秀技师</span></p></td><td width=\"157\" valign=\"top\" style=\"border-top-style: none; border-left-style: none; border-bottom-color: black; border-bottom-width: 1px; border-right-color: black; border-right-width: 1px; padding: 0px 7px;\" height=\"24\"><p><span style=\";font-family:宋体\">5000</span><span style=\";font-family:   宋体\">分/名</span></p></td><td width=\"132\" valign=\"top\" style=\"border-top-style: none; border-left-style: none; border-bottom-color: black; border-bottom-width: 1px; border-right-color: black; border-right-width: 1px; padding: 0px 7px;\" height=\"24\"><br/></td></tr><tr style=\";height:24px\"><td width=\"137\" style=\"border-right-color: black; border-bottom-color: black; border-left-color: black; border-right-width: 1px; border-bottom-width: 1px; border-left-width: 1px; border-top-style: none; padding: 0px 7px;\" height=\"24\"><p><strong><span style=\";font-family:宋体\">五、其它</span></strong></p></td><td width=\"56\" style=\"border-top-style: none; border-left-style: none; border-bottom-color: black; border-bottom-width: 1px; border-right-color: black; border-right-width: 1px; padding: 0px 7px;\" height=\"24\"><p style=\"text-align:center\"><span style=\";font-family:宋体\">1</span></p></td><td width=\"176\" style=\"border-top-style: none; border-left-style: none; border-bottom-color: black; border-bottom-width: 1px; border-right-color: black; border-right-width: 1px; padding: 0px 7px;\" height=\"24\"><p><span style=\";font-family:宋体\">用现金购买积分</span></p></td><td width=\"157\" style=\"border-top-style: none; border-left-style: none; border-bottom-color: black; border-bottom-width: 1px; border-right-color: black; border-right-width: 1px; padding: 0px 7px;\" height=\"24\"><p><span style=\";font-family:宋体\">1</span><span style=\";font-family:   宋体\">元积100分</span></p></td><td width=\"132\" valign=\"top\" style=\"border-top-style: none; border-left-style: none; border-bottom-color: black; border-bottom-width: 1px; border-right-color: black; border-right-width: 1px; padding: 0px 7px;\" height=\"24\"><br/></td></tr></tbody></table><p><span style=\";font-family:宋体\">&nbsp;</span></p><p><br/></p>'), ('185', '204', '<p style=\"text-align:center\"><strong><span style=\"font-size:16px;font-family: 宋体\">积分的具体使用</span></strong></p><table cellspacing=\"0\" cellpadding=\"0\" width=\"613\"><tbody><tr style=\";height:26px\" class=\"firstRow\"><td width=\"206\" colspan=\"2\" style=\"border-color: windowtext; border-width: 1px; padding: 0px 7px;\" height=\"26\"><p style=\"text-align:center\"><strong><span style=\";font-family:宋体\">服务项目</span></strong></p></td><td width=\"75\" style=\"border-top-color: windowtext; border-right-color: windowtext; border-bottom-color: windowtext; border-top-width: 1px; border-right-width: 1px; border-bottom-width: 1px; border-left-style: none; padding: 0px 7px;\" height=\"26\"><p style=\"text-align:center\"><strong><span style=\";font-family:宋体\">货币定价</span></strong></p></td><td width=\"124\" style=\"border-top-color: windowtext; border-right-color: windowtext; border-bottom-color: windowtext; border-top-width: 1px; border-right-width: 1px; border-bottom-width: 1px; border-left-style: none; padding: 0px 7px;\" height=\"26\"><p style=\"text-align:center\"><strong><span style=\";font-family:宋体\">积分兑换标准</span></strong></p></td><td width=\"170\" style=\"border-top-color: windowtext; border-right-color: windowtext; border-bottom-color: windowtext; border-top-width: 1px; border-right-width: 1px; border-bottom-width: 1px; border-left-style: none; padding: 0px;\" height=\"26\"><p style=\"text-align:center\"><strong><span style=\";font-family:宋体\">备注</span></strong></p></td></tr><tr><td width=\"206\" colspan=\"2\" style=\"border-right-color: windowtext; border-bottom-color: windowtext; border-left-color: windowtext; border-right-width: 1px; border-bottom-width: 1px; border-left-width: 1px; border-top-style: none; padding: 0px 7px;\"><p>1<span style=\";font-family:宋体\">、推荐大工（喷漆和钣金）</span></p></td><td width=\"75\" style=\"border-top-style: none; border-left-style: none; border-bottom-color: windowtext; border-bottom-width: 1px; border-right-color: windowtext; border-right-width: 1px; padding: 0px 7px;\"><p style=\"text-align:center\">500<span style=\";font-family:宋体\">元</span>/<span style=\";font-family:宋体\">人次</span></p></td><td width=\"124\" style=\"border-top-style: none; border-left-style: none; border-bottom-color: windowtext; border-bottom-width: 1px; border-right-color: windowtext; border-right-width: 1px; padding: 0px 7px;\"><p style=\"text-align:center\">50000<span style=\";font-family:宋体\">分</span>/<span style=\";font-family:宋体\">人次</span></p></td><td width=\"170\" style=\"border-top-style: none; border-left-style: none; border-bottom-color: windowtext; border-bottom-width: 1px; border-right-color: windowtext; border-right-width: 1px; padding: 0px;\"><p><span style=\";font-family:宋体\">总部技术部需技术评定</span></p></td></tr><tr><td width=\"206\" colspan=\"2\" style=\"border-right-color: windowtext; border-bottom-color: windowtext; border-left-color: windowtext; border-right-width: 1px; border-bottom-width: 1px; border-left-width: 1px; border-top-style: none; padding: 0px 7px;\"><p>2<span style=\";font-family:宋体\">、推荐中工（喷漆和钣金）</span></p></td><td width=\"75\" style=\"border-top-style: none; border-left-style: none; border-bottom-color: windowtext; border-bottom-width: 1px; border-right-color: windowtext; border-right-width: 1px; padding: 0px 7px;\"><p style=\"text-align:center\">300<span style=\";font-family:宋体\">元</span>/<span style=\";font-family:宋体\">人次</span></p></td><td width=\"124\" style=\"border-top-style: none; border-left-style: none; border-bottom-color: windowtext; border-bottom-width: 1px; border-right-color: windowtext; border-right-width: 1px; padding: 0px 7px;\"><p style=\"text-align:center\">30000<span style=\";font-family:宋体\">分</span>/<span style=\";font-family:宋体\">人次</span></p></td><td width=\"170\" style=\"border-top-style: none; border-left-style: none; border-bottom-color: windowtext; border-bottom-width: 1px; border-right-color: windowtext; border-right-width: 1px; padding: 0px;\"><p><span style=\";font-family:宋体\">总部技术部需技术评定</span></p></td></tr><tr style=\";height:22px\"><td width=\"206\" colspan=\"2\" style=\"border-right-color: windowtext; border-bottom-color: windowtext; border-left-color: windowtext; border-right-width: 1px; border-bottom-width: 1px; border-left-width: 1px; border-top-style: none; padding: 0px 7px;\" height=\"22\"><p>3<span style=\";font-family:宋体\">、推荐熟练工或学徒</span></p></td><td width=\"75\" style=\"border-top-style: none; border-left-style: none; border-bottom-color: windowtext; border-bottom-width: 1px; border-right-color: windowtext; border-right-width: 1px; padding: 0px 7px;\" height=\"22\"><p style=\"text-align:center\">200<span style=\";font-family:宋体\">元</span>/<span style=\";font-family:宋体\">人次</span></p></td><td width=\"124\" style=\"border-top-style: none; border-left-style: none; border-bottom-color: windowtext; border-bottom-width: 1px; border-right-color: windowtext; border-right-width: 1px; padding: 0px 7px;\" height=\"22\"><p style=\"text-align:center\">20000<span style=\";font-family:宋体\">分</span>/<span style=\";font-family:宋体\">人次</span></p></td><td width=\"170\" style=\"border-top-style: none; border-left-style: none; border-bottom-color: windowtext; border-bottom-width: 1px; border-right-color: windowtext; border-right-width: 1px; padding: 0px;\" height=\"22\"><br/></td></tr><tr><td width=\"206\" colspan=\"2\" style=\"border-right-color: windowtext; border-bottom-color: windowtext; border-left-color: windowtext; border-right-width: 1px; border-bottom-width: 1px; border-left-width: 1px; border-top-style: none; padding: 0px 7px;\"><p>4<span style=\";font-family:宋体\">、新店开业培训</span></p></td><td width=\"75\" style=\"border-top-style: none; border-left-style: none; border-bottom-color: windowtext; border-bottom-width: 1px; border-right-color: windowtext; border-right-width: 1px; padding: 0px 7px;\"><p style=\"text-align:center\">10000<span style=\";font-family:宋体\">元</span>/<span style=\";font-family:宋体\">店</span>/<span style=\";font-family:宋体\">次</span></p></td><td width=\"124\" style=\"border-top-style: none; border-left-style: none; border-bottom-color: windowtext; border-bottom-width: 1px; border-right-color: windowtext; border-right-width: 1px; padding: 0px 7px;\"><p style=\"text-align:center\">1000000<span style=\";font-family:宋体\">分</span>/<span style=\";font-family:宋体\">店</span>/<span style=\";font-family:宋体\">次</span></p></td><td width=\"170\" valign=\"top\" style=\"border-top-style: none; border-left-style: none; border-bottom-color: windowtext; border-bottom-width: 1px; border-right-color: windowtext; border-right-width: 1px; padding: 0px;\"><p><span style=\";font-family:宋体\">二周时间</span></p></td></tr><tr><td width=\"206\" colspan=\"2\" style=\"border-right-color: windowtext; border-bottom-color: windowtext; border-left-color: windowtext; border-right-width: 1px; border-bottom-width: 1px; border-left-width: 1px; border-top-style: none; padding: 0px 7px;\"><p>5<span style=\";font-family:宋体\">、技术培训（全套）</span></p></td><td width=\"75\" style=\"border-top-style: none; border-left-style: none; border-bottom-color: windowtext; border-bottom-width: 1px; border-right-color: windowtext; border-right-width: 1px; padding: 0px 7px;\"><p style=\"text-align:center;line-height:24px\">2000<span style=\";font-family:宋体\">元</span>/<span style=\";font-family:宋体\">人次</span></p></td><td width=\"124\" style=\"border-top-style: none; border-left-style: none; border-bottom-color: windowtext; border-bottom-width: 1px; border-right-color: windowtext; border-right-width: 1px; padding: 0px 7px;\"><p style=\"text-align:center;line-height:24px\">200000<span style=\";font-family:宋体\">分</span>/<span style=\";font-family:宋体\">人次</span></p></td><td width=\"170\" style=\"border-top-style: none; border-left-style: none; border-bottom-color: windowtext; border-bottom-width: 1px; border-right-color: windowtext; border-right-width: 1px; padding: 0px;\"><br/></td></tr><tr><td width=\"206\" colspan=\"2\" style=\"border-right-color: windowtext; border-bottom-color: windowtext; border-left-color: windowtext; border-right-width: 1px; border-bottom-width: 1px; border-left-width: 1px; border-top-style: none; padding: 0px 7px;\"><p>6<span style=\";font-family:宋体\">、技术培训（调漆）</span></p></td><td width=\"75\" style=\"border-top-style: none; border-left-style: none; border-bottom-color: windowtext; border-bottom-width: 1px; border-right-color: windowtext; border-right-width: 1px; padding: 0px 7px;\"><p style=\"text-align:center\">1000<span style=\";font-family:宋体\">元</span>/<span style=\";font-family:宋体\">人次</span></p></td><td width=\"124\" style=\"border-top-style: none; border-left-style: none; border-bottom-color: windowtext; border-bottom-width: 1px; border-right-color: windowtext; border-right-width: 1px; padding: 0px 7px;\"><p style=\"text-align:center\">100000<span style=\";font-family:宋体\">分</span>/<span style=\";font-family:宋体\">人次</span></p></td><td width=\"170\" style=\"border-top-style: none; border-left-style: none; border-bottom-color: windowtext; border-bottom-width: 1px; border-right-color: windowtext; border-right-width: 1px; padding: 0px;\"><p><span style=\";font-family:宋体\">一周时间</span></p></td></tr><tr><td width=\"206\" colspan=\"2\" style=\"border-right-color: windowtext; border-bottom-color: windowtext; border-left-color: windowtext; border-right-width: 1px; border-bottom-width: 1px; border-left-width: 1px; border-top-style: none; padding: 0px 7px;\"><p>7<span style=\";font-family:宋体\">、技术培训（喷涂）</span></p></td><td width=\"75\" style=\"border-top-style: none; border-left-style: none; border-bottom-color: windowtext; border-bottom-width: 1px; border-right-color: windowtext; border-right-width: 1px; padding: 0px 7px;\"><p style=\"text-align:center\">800<span style=\";font-family:宋体\">元</span>/<span style=\";font-family:宋体\">人次</span></p></td><td width=\"124\" style=\"border-top-style: none; border-left-style: none; border-bottom-color: windowtext; border-bottom-width: 1px; border-right-color: windowtext; border-right-width: 1px; padding: 0px 7px;\"><p style=\"text-align:center\">80000<span style=\";font-family:宋体\">分</span>/<span style=\";font-family:宋体\">人次</span></p></td><td width=\"170\" style=\"border-top-style: none; border-left-style: none; border-bottom-color: windowtext; border-bottom-width: 1px; border-right-color: windowtext; border-right-width: 1px; padding: 0px;\"><p><span style=\";font-family:宋体\">四天时间</span></p></td></tr><tr><td width=\"206\" colspan=\"2\" style=\"border-right-color: windowtext; border-bottom-color: windowtext; border-left-color: windowtext; border-right-width: 1px; border-bottom-width: 1px; border-left-width: 1px; border-top-style: none; padding: 0px 7px;\"><p>8<span style=\";font-family:宋体\">、特效漆培训（全套）</span></p></td><td width=\"75\" style=\"border-top-style: none; border-left-style: none; border-bottom-color: windowtext; border-bottom-width: 1px; border-right-color: windowtext; border-right-width: 1px; padding: 0px 7px;\"><p style=\"text-align:center\">2000<span style=\";font-family:宋体\">元</span>/<span style=\";font-family:宋体\">人次</span></p></td><td width=\"124\" style=\"border-top-style: none; border-left-style: none; border-bottom-color: windowtext; border-bottom-width: 1px; border-right-color: windowtext; border-right-width: 1px; padding: 0px 7px;\"><p style=\"text-align:center\">200000<span style=\";font-family:宋体\">分</span>/<span style=\";font-family:宋体\">人次</span></p></td><td width=\"170\" style=\"border-top-style: none; border-left-style: none; border-bottom-color: windowtext; border-bottom-width: 1px; border-right-color: windowtext; border-right-width: 1px; padding: 0px;\"><p><span style=\";font-family:宋体\">一周时间</span></p></td></tr><tr><td width=\"206\" colspan=\"2\" style=\"border-right-color: windowtext; border-bottom-color: windowtext; border-left-color: windowtext; border-right-width: 1px; border-bottom-width: 1px; border-left-width: 1px; border-top-style: none; padding: 0px 7px;\"><p>9<span style=\";font-family:宋体\">、钣金培训</span></p></td><td width=\"75\" style=\"border-top-style: none; border-left-style: none; border-bottom-color: windowtext; border-bottom-width: 1px; border-right-color: windowtext; border-right-width: 1px; padding: 0px 7px;\"><p style=\"text-align:center\">800<span style=\";font-family:宋体\">元</span>/<span style=\";font-family:宋体\">人次</span></p></td><td width=\"124\" style=\"border-top-style: none; border-left-style: none; border-bottom-color: windowtext; border-bottom-width: 1px; border-right-color: windowtext; border-right-width: 1px; padding: 0px 7px;\"><p style=\"text-align:center\">80000<span style=\";font-family:宋体\">分</span>/<span style=\";font-family:宋体\">人次</span></p></td><td width=\"170\" style=\"border-top-style: none; border-left-style: none; border-bottom-color: windowtext; border-bottom-width: 1px; border-right-color: windowtext; border-right-width: 1px; padding: 0px;\"><p><span style=\";font-family:宋体\">四天时间</span></p></td></tr><tr><td width=\"206\" colspan=\"2\" style=\"border-right-color: windowtext; border-bottom-color: windowtext; border-left-color: windowtext; border-right-width: 1px; border-bottom-width: 1px; border-left-width: 1px; border-top-style: none; padding: 0px 7px;\"><p>10<span style=\";font-family:宋体\">、美容培训</span></p></td><td width=\"75\" style=\"border-top-style: none; border-left-style: none; border-bottom-color: windowtext; border-bottom-width: 1px; border-right-color: windowtext; border-right-width: 1px; padding: 0px 7px;\"><p style=\"text-align:center\">500<span style=\";font-family:宋体\">元</span>/<span style=\";font-family:宋体\">人次</span></p></td><td width=\"124\" style=\"border-top-style: none; border-left-style: none; border-bottom-color: windowtext; border-bottom-width: 1px; border-right-color: windowtext; border-right-width: 1px; padding: 0px 7px;\"><p style=\"text-align:center\">50000<span style=\";font-family:宋体\">分</span>/<span style=\";font-family:宋体\">人次</span></p></td><td width=\"170\" style=\"border-top-style: none; border-left-style: none; border-bottom-color: windowtext; border-bottom-width: 1px; border-right-color: windowtext; border-right-width: 1px; padding: 0px;\"><p><span style=\";font-family:宋体\">四天时间</span></p></td></tr><tr><td width=\"206\" colspan=\"2\" style=\"border-right-color: windowtext; border-bottom-color: windowtext; border-left-color: windowtext; border-right-width: 1px; border-bottom-width: 1px; border-left-width: 1px; border-top-style: none; padding: 0px 7px;\"><p>11<span style=\"font-family: 宋体\">、营运现场指导（日常）</span></p></td><td width=\"75\" style=\"border-top-style: none; border-left-style: none; border-bottom-color: windowtext; border-bottom-width: 1px; border-right-color: windowtext; border-right-width: 1px; padding: 0px 7px;\"><p style=\"text-align:center\">350<span style=\"font-family: 宋体\">元</span>/<span style=\"font-family: 宋体\">天</span>/<span style=\"font-family: 宋体\">人</span></p></td><td width=\"124\" style=\"border-top-style: none; border-left-style: none; border-bottom-color: windowtext; border-bottom-width: 1px; border-right-color: windowtext; border-right-width: 1px; padding: 0px 7px;\"><p style=\"text-align:center\">35000<span style=\"font-family: 宋体\">分</span>/<span style=\"font-family: 宋体\">天</span>/<span style=\"font-family: 宋体\">人</span></p></td><td width=\"170\" style=\"border-top-style: none; border-left-style: none; border-bottom-color: windowtext; border-bottom-width: 1px; border-right-color: windowtext; border-right-width: 1px; padding: 0px;\"><p><span style=\";font-family:宋体\">根据门店需求</span></p></td></tr><tr><td width=\"206\" colspan=\"2\" style=\"border-right-color: windowtext; border-bottom-color: windowtext; border-left-color: windowtext; border-right-width: 1px; border-bottom-width: 1px; border-left-width: 1px; border-top-style: none; padding: 0px 7px;\"><p>12<span style=\"font-family: 宋体\">、技术现场所指导（日常）</span></p></td><td width=\"75\" style=\"border-top-style: none; border-left-style: none; border-bottom-color: windowtext; border-bottom-width: 1px; border-right-color: windowtext; border-right-width: 1px; padding: 0px 7px;\"><p style=\"text-align:center\">350<span style=\"font-family: 宋体\">元</span>/<span style=\"font-family: 宋体\">天</span>/<span style=\"font-family: 宋体\">人</span></p></td><td width=\"124\" style=\"border-top-style: none; border-left-style: none; border-bottom-color: windowtext; border-bottom-width: 1px; border-right-color: windowtext; border-right-width: 1px; padding: 0px 7px;\"><p style=\"text-align:center\">35000<span style=\"font-family: 宋体\">分</span>/<span style=\"font-family: 宋体\">天</span>/<span style=\"font-family: 宋体\">人</span></p></td><td width=\"170\" style=\"border-top-style: none; border-left-style: none; border-bottom-color: windowtext; border-bottom-width: 1px; border-right-color: windowtext; border-right-width: 1px; padding: 0px;\"><p><span style=\";font-family:宋体\">根据门店需求</span></p></td></tr><tr><td width=\"206\" colspan=\"2\" style=\"border-right-color: windowtext; border-bottom-color: windowtext; border-left-color: windowtext; border-right-width: 1px; border-bottom-width: 1px; border-left-width: 1px; border-top-style: none; padding: 0px 7px;\"><p>13<span style=\"font-family: 宋体\">、营销现场指导</span>(<span style=\"font-family: 宋体\">日常</span>)</p></td><td width=\"75\" style=\"border-top-style: none; border-left-style: none; border-bottom-color: windowtext; border-bottom-width: 1px; border-right-color: windowtext; border-right-width: 1px; padding: 0px 7px;\"><p style=\"text-align:center\">350<span style=\"font-family: 宋体\">元</span>/<span style=\"font-family: 宋体\">天</span>/<span style=\"font-family: 宋体\">人</span></p></td><td width=\"124\" style=\"border-top-style: none; border-left-style: none; border-bottom-color: windowtext; border-bottom-width: 1px; border-right-color: windowtext; border-right-width: 1px; padding: 0px 7px;\"><p style=\"text-align:center\">35000<span style=\"font-family: 宋体\">分</span>/<span style=\"font-family: 宋体\">天</span>/<span style=\"font-family: 宋体\">人</span></p></td><td width=\"170\" style=\"border-top-style: none; border-left-style: none; border-bottom-color: windowtext; border-bottom-width: 1px; border-right-color: windowtext; border-right-width: 1px; padding: 0px;\"><br/></td></tr><tr style=\";height:21px\"><td width=\"103\" nowrap=\"\" rowspan=\"5\" style=\"border-right-color: windowtext; border-bottom-color: windowtext; border-left-color: windowtext; border-right-width: 1px; border-bottom-width: 1px; border-left-width: 1px; border-top-style: none; padding: 1px 1px 0px;\" height=\"21\"><p>14<span style=\"font-family: 宋体\">、技术支援</span></p></td><td width=\"103\" style=\"border-top-style: none; border-left-style: none; border-bottom-color: windowtext; border-bottom-width: 1px; border-right-color: windowtext; border-right-width: 1px; padding: 1px 1px 0px;\" height=\"21\"><p><span style=\"font-family: 宋体\">技术导师</span></p></td><td width=\"75\" nowrap=\"\" style=\"border-top-style: none; border-left-style: none; border-bottom-color: windowtext; border-bottom-width: 1px; border-right-color: windowtext; border-right-width: 1px; padding: 1px 1px 0px;\" height=\"21\"><p style=\"text-align:center\">350<span style=\"font-family: 宋体\">元</span>/<span style=\"font-family: 宋体\">天</span>/<span style=\"font-family: 宋体\">人</span></p></td><td width=\"124\" nowrap=\"\" style=\"border-top-style: none; border-left-style: none; border-bottom-color: windowtext; border-bottom-width: 1px; border-right-color: windowtext; border-right-width: 1px; padding: 1px 1px 0px;\" height=\"21\"><p style=\"text-align:center\">35000<span style=\"font-family: 宋体\">分</span>/<span style=\"font-family: 宋体\">天</span>/<span style=\"font-family: 宋体\">人</span></p></td><td width=\"170\" style=\"border-top-style: none; border-left-style: none; border-bottom-color: windowtext; border-bottom-width: 1px; border-right-color: windowtext; border-right-width: 1px; padding: 0px;\" height=\"21\"><br/></td></tr><tr style=\";height:18px\"><td width=\"103\" style=\"border-top-style: none; border-left-style: none; border-bottom-color: windowtext; border-bottom-width: 1px; border-right-color: windowtext; border-right-width: 1px; padding: 1px 1px 0px;\" height=\"18\"><p><span style=\"font-family: 宋体\">技术支持人员</span></p></td><td width=\"75\" nowrap=\"\" style=\"border-top-style: none; border-left-style: none; border-bottom-color: windowtext; border-bottom-width: 1px; border-right-color: windowtext; border-right-width: 1px; padding: 1px 1px 0px;\" height=\"18\"><p style=\"text-align:center\">300<span style=\"font-family: 宋体\">元</span>/<span style=\"font-family: 宋体\">天</span>/<span style=\"font-family: 宋体\">人</span></p></td><td width=\"124\" nowrap=\"\" style=\"border-top-style: none; border-left-style: none; border-bottom-color: windowtext; border-bottom-width: 1px; border-right-color: windowtext; border-right-width: 1px; padding: 1px 1px 0px;\" height=\"18\"><p style=\"text-align:center\">30000<span style=\"font-family: 宋体\">分</span>/<span style=\"font-family: 宋体\">天</span>/<span style=\"font-family: 宋体\">人</span></p></td><td width=\"170\" style=\"border-top-style: none; border-left-style: none; border-bottom-color: windowtext; border-bottom-width: 1px; border-right-color: windowtext; border-right-width: 1px; padding: 0px;\" height=\"18\"><br/></td></tr><tr style=\";height:24px\"><td width=\"103\" style=\"border-top-style: none; border-left-style: none; border-bottom-color: windowtext; border-bottom-width: 1px; border-right-color: windowtext; border-right-width: 1px; padding: 1px 1px 0px;\" height=\"24\"><p><span style=\"font-family: 宋体\">油漆大工</span></p></td><td width=\"75\" nowrap=\"\" style=\"border-top-style: none; border-left-style: none; border-bottom-color: windowtext; border-bottom-width: 1px; border-right-color: windowtext; border-right-width: 1px; padding: 1px 1px 0px;\" height=\"24\"><p style=\"text-align:center\">250<span style=\"font-family: 宋体\">元</span>/<span style=\"font-family: 宋体\">天</span>/<span style=\"font-family: 宋体\">人</span></p></td><td width=\"124\" nowrap=\"\" style=\"border-top-style: none; border-left-style: none; border-bottom-color: windowtext; border-bottom-width: 1px; border-right-color: windowtext; border-right-width: 1px; padding: 1px 1px 0px;\" height=\"24\"><p style=\"text-align:center\">25000<span style=\"font-family: 宋体\">分</span>/<span style=\"font-family: 宋体\">天</span>/<span style=\"font-family: 宋体\">人</span></p></td><td width=\"170\" style=\"border-top-style: none; border-left-style: none; border-bottom-color: windowtext; border-bottom-width: 1px; border-right-color: windowtext; border-right-width: 1px; padding: 0px;\" height=\"24\"><br/></td></tr><tr style=\";height:17px\"><td width=\"103\" style=\"border-top-style: none; border-left-style: none; border-bottom-color: windowtext; border-bottom-width: 1px; border-right-color: windowtext; border-right-width: 1px; padding: 1px 1px 0px;\" height=\"17\"><p><span style=\"font-family: 宋体\">油漆中工</span></p></td><td width=\"75\" nowrap=\"\" style=\"border-top-style: none; border-left-style: none; border-bottom-color: windowtext; border-bottom-width: 1px; border-right-color: windowtext; border-right-width: 1px; padding: 1px 1px 0px;\" height=\"17\"><p style=\"text-align:center\">200<span style=\"font-family: 宋体\">元</span>/<span style=\"font-family: 宋体\">天</span>/<span style=\"font-family: 宋体\">人</span></p></td><td width=\"124\" nowrap=\"\" style=\"border-top-style: none; border-left-style: none; border-bottom-color: windowtext; border-bottom-width: 1px; border-right-color: windowtext; border-right-width: 1px; padding: 1px 1px 0px;\" height=\"17\"><p style=\"text-align:center\">20000<span style=\"font-family: 宋体\">分</span>/<span style=\"font-family: 宋体\">天</span>/<span style=\"font-family: 宋体\">人</span></p></td><td width=\"170\" style=\"border-top-style: none; border-left-style: none; border-bottom-color: windowtext; border-bottom-width: 1px; border-right-color: windowtext; border-right-width: 1px; padding: 0px;\" height=\"17\"><br/></td></tr><tr style=\";height:23px\"><td width=\"103\" style=\"border-top-style: none; border-left-style: none; border-bottom-color: windowtext; border-bottom-width: 1px; border-right-color: windowtext; border-right-width: 1px; padding: 1px 1px 0px;\" height=\"23\"><p><span style=\"font-family: 宋体\">钣金工</span></p></td><td width=\"75\" nowrap=\"\" style=\"border-top-style: none; border-left-style: none; border-bottom-color: windowtext; border-bottom-width: 1px; border-right-color: windowtext; border-right-width: 1px; padding: 1px 1px 0px;\" height=\"23\"><p style=\"text-align:center\">200<span style=\"font-family: 宋体\">元</span>/<span style=\"font-family: 宋体\">天</span>/<span style=\"font-family: 宋体\">人</span></p></td><td width=\"124\" nowrap=\"\" style=\"border-top-style: none; border-left-style: none; border-bottom-color: windowtext; border-bottom-width: 1px; border-right-color: windowtext; border-right-width: 1px; padding: 1px 1px 0px;\" height=\"23\"><p style=\"text-align:center\">20000<span style=\"font-family: 宋体\">分</span>/<span style=\"font-family: 宋体\">天</span>/<span style=\"font-family: 宋体\">人</span></p></td><td width=\"170\" style=\"border-top-style: none; border-left-style: none; border-bottom-color: windowtext; border-bottom-width: 1px; border-right-color: windowtext; border-right-width: 1px; padding: 0px;\" height=\"23\"><br/></td></tr><tr style=\";height:21px\"><td width=\"206\" nowrap=\"\" colspan=\"2\" style=\"border-right-color: windowtext; border-bottom-color: windowtext; border-left-color: windowtext; border-right-width: 1px; border-bottom-width: 1px; border-left-width: 1px; border-top-style: none; padding: 1px 1px 0px;\" height=\"21\"><p>15<span style=\"font-family: 宋体\">、店址选择</span></p></td><td width=\"75\" nowrap=\"\" style=\"border-top-style: none; border-left-style: none; border-bottom-color: windowtext; border-bottom-width: 1px; border-right-color: windowtext; border-right-width: 1px; padding: 1px 1px 0px;\" height=\"21\"><br/></td><td width=\"124\" nowrap=\"\" style=\"border-top-style: none; border-left-style: none; border-bottom-color: windowtext; border-bottom-width: 1px; border-right-color: windowtext; border-right-width: 1px; padding: 1px 1px 0px;\" height=\"21\"><p style=\"text-align:center\">20000<span style=\"font-family: 宋体\">分</span></p></td><td width=\"170\" style=\"border-top-style: none; border-left-style: none; border-bottom-color: windowtext; border-bottom-width: 1px; border-right-color: windowtext; border-right-width: 1px; padding: 0px;\" height=\"21\"><p>2<span style=\";font-family:宋体\">次</span></p></td></tr><tr style=\";height:16px\"><td width=\"206\" nowrap=\"\" colspan=\"2\" style=\"border-right-color: windowtext; border-bottom-color: windowtext; border-left-color: windowtext; border-right-width: 1px; border-bottom-width: 1px; border-left-width: 1px; border-top-style: none; padding: 1px 1px 0px;\" height=\"16\"><p>16<span style=\";font-family:宋体\">、店面设计</span>/<span style=\";font-family:宋体\">指导</span>/<span style=\";font-family:宋体\">验收</span></p></td><td width=\"75\" nowrap=\"\" style=\"border-top-style: none; border-left-style: none; border-bottom-color: windowtext; border-bottom-width: 1px; border-right-color: windowtext; border-right-width: 1px; padding: 1px 1px 0px;\" height=\"16\"><br/></td><td width=\"124\" nowrap=\"\" style=\"border-top-style: none; border-left-style: none; border-bottom-color: windowtext; border-bottom-width: 1px; border-right-color: windowtext; border-right-width: 1px; padding: 1px 1px 0px;\" height=\"16\"><p style=\"text-align:center\">50000<span style=\";font-family:宋体\">分</span></p></td><td width=\"170\" style=\"border-top-style: none; border-left-style: none; border-bottom-color: windowtext; border-bottom-width: 1px; border-right-color: windowtext; border-right-width: 1px; padding: 0px;\" height=\"16\"><br/></td></tr><tr style=\";height:13px\"><td width=\"206\" nowrap=\"\" colspan=\"2\" style=\"border-right-color: windowtext; border-bottom-color: windowtext; border-left-color: windowtext; border-right-width: 1px; border-bottom-width: 1px; border-left-width: 1px; border-top-style: none; padding: 1px 1px 0px;\" height=\"13\"><p>17<span style=\";font-family:宋体\">、执照办理指导</span></p></td><td width=\"75\" nowrap=\"\" style=\"border-top-style: none; border-left-style: none; border-bottom-color: windowtext; border-bottom-width: 1px; border-right-color: windowtext; border-right-width: 1px; padding: 1px 1px 0px;\" height=\"13\"><br/></td><td width=\"124\" nowrap=\"\" style=\"border-top-style: none; border-left-style: none; border-bottom-color: windowtext; border-bottom-width: 1px; border-right-color: windowtext; border-right-width: 1px; padding: 1px 1px 0px;\" height=\"13\"><p style=\"text-align:center\">10000<span style=\";font-family:宋体\">分</span></p></td><td width=\"170\" style=\"border-top-style: none; border-left-style: none; border-bottom-color: windowtext; border-bottom-width: 1px; border-right-color: windowtext; border-right-width: 1px; padding: 0px;\" height=\"13\"><br/></td></tr><tr style=\";height:20px\"><td width=\"206\" nowrap=\"\" colspan=\"2\" style=\"border-right-color: windowtext; border-bottom-color: windowtext; border-left-color: windowtext; border-right-width: 1px; border-bottom-width: 1px; border-left-width: 1px; border-top-style: none; padding: 1px 1px 0px;\" height=\"20\"><p>18<span style=\";font-family:宋体\">、开业策划方案提供</span></p></td><td width=\"75\" nowrap=\"\" style=\"border-top-style: none; border-left-style: none; border-bottom-color: windowtext; border-bottom-width: 1px; border-right-color: windowtext; border-right-width: 1px; padding: 1px 1px 0px;\" height=\"20\"><br/></td><td width=\"124\" nowrap=\"\" style=\"border-top-style: none; border-left-style: none; border-bottom-color: windowtext; border-bottom-width: 1px; border-right-color: windowtext; border-right-width: 1px; padding: 1px 1px 0px;\" height=\"20\"><p style=\"text-align:center\">10000<span style=\";font-family:宋体\">分</span></p></td><td width=\"170\" style=\"border-top-style: none; border-left-style: none; border-bottom-color: windowtext; border-bottom-width: 1px; border-right-color: windowtext; border-right-width: 1px; padding: 0px;\" height=\"20\"><br/></td></tr><tr style=\";height:20px\"><td width=\"206\" nowrap=\"\" colspan=\"2\" style=\"border-right-color: windowtext; border-bottom-color: windowtext; border-left-color: windowtext; border-right-width: 1px; border-bottom-width: 1px; border-left-width: 1px; border-top-style: none; padding: 1px 1px 0px;\" height=\"20\"><p>19<span style=\";font-family:宋体\">、开业营销驻店</span></p></td><td width=\"75\" nowrap=\"\" valign=\"top\" style=\"border-top-style: none; border-left-style: none; border-bottom-color: windowtext; border-bottom-width: 1px; border-right-color: windowtext; border-right-width: 1px; padding: 1px 1px 0px;\" height=\"20\"><p style=\"text-align:center;line-height:24px\">1000<span style=\";font-family:宋体\">元</span>/<span style=\";font-family:宋体\">周人</span></p></td><td width=\"124\" nowrap=\"\" valign=\"top\" style=\"border-top-style: none; border-left-style: none; border-bottom-color: windowtext; border-bottom-width: 1px; border-right-color: windowtext; border-right-width: 1px; padding: 1px 1px 0px;\" height=\"20\"><p style=\"text-align:center;line-height:24px\">100000<span style=\";font-family:宋体\">分</span>/<span style=\";font-family:宋体\">周人</span></p></td><td width=\"170\" style=\"border-top-style: none; border-left-style: none; border-bottom-color: windowtext; border-bottom-width: 1px; border-right-color: windowtext; border-right-width: 1px; padding: 0px;\" height=\"20\"><p><span style=\";font-family:宋体\">一周</span></p></td></tr><tr style=\";height:20px\"><td width=\"206\" nowrap=\"\" colspan=\"2\" style=\"border-right-color: windowtext; border-bottom-color: windowtext; border-left-color: windowtext; border-right-width: 1px; border-bottom-width: 1px; border-left-width: 1px; border-top-style: none; padding: 1px 1px 0px;\" height=\"20\"><p>20<span style=\";font-family:宋体\">、开业技术驻店指导</span></p></td><td width=\"75\" nowrap=\"\" style=\"border-top-style: none; border-left-style: none; border-bottom-color: windowtext; border-bottom-width: 1px; border-right-color: windowtext; border-right-width: 1px; padding: 1px 1px 0px;\" height=\"20\"><p style=\"text-align:center;line-height:24px\">1500<span style=\";font-family:宋体\">元</span>/<span style=\";font-family:宋体\">周人</span></p></td><td width=\"124\" nowrap=\"\" style=\"border-top-style: none; border-left-style: none; border-bottom-color: windowtext; border-bottom-width: 1px; border-right-color: windowtext; border-right-width: 1px; padding: 1px 1px 0px;\" height=\"20\"><p style=\"text-align:center;line-height:24px\">150000<span style=\";font-family:宋体\">分</span>/<span style=\";font-family:宋体\">周人</span></p></td><td width=\"170\" style=\"border-top-style: none; border-left-style: none; border-bottom-color: windowtext; border-bottom-width: 1px; border-right-color: windowtext; border-right-width: 1px; padding: 0px;\" height=\"20\"><p><span style=\";font-family:宋体\">一周</span></p></td></tr><tr style=\";height:20px\"><td width=\"206\" nowrap=\"\" colspan=\"2\" style=\"border-right-color: windowtext; border-bottom-color: windowtext; border-left-color: windowtext; border-right-width: 1px; border-bottom-width: 1px; border-left-width: 1px; border-top-style: none; padding: 1px 1px 0px;\" height=\"20\"><p>21<span style=\";font-family:宋体\">、日常营销方案提供</span></p></td><td width=\"75\" nowrap=\"\" style=\"border-top-style: none; border-left-style: none; border-bottom-color: windowtext; border-bottom-width: 1px; border-right-color: windowtext; border-right-width: 1px; padding: 1px 1px 0px;\" height=\"20\"><br/></td><td width=\"124\" nowrap=\"\" style=\"border-top-style: none; border-left-style: none; border-bottom-color: windowtext; border-bottom-width: 1px; border-right-color: windowtext; border-right-width: 1px; padding: 1px 1px 0px;\" height=\"20\"><p style=\"text-align:center\">5000<span style=\";font-family:宋体\">分</span></p></td><td width=\"170\" style=\"border-top-style: none; border-left-style: none; border-bottom-color: windowtext; border-bottom-width: 1px; border-right-color: windowtext; border-right-width: 1px; padding: 0px;\" height=\"20\"><br/></td></tr><tr style=\";height:20px\"><td width=\"206\" nowrap=\"\" colspan=\"2\" style=\"border-right-color: windowtext; border-bottom-color: windowtext; border-left-color: windowtext; border-right-width: 1px; border-bottom-width: 1px; border-left-width: 1px; border-top-style: none; padding: 1px 1px 0px;\" height=\"20\"><p>22<span style=\";font-family:宋体\">、门店日常物料设计</span></p></td><td width=\"75\" nowrap=\"\" style=\"border-top-style: none; border-left-style: none; border-bottom-color: windowtext; border-bottom-width: 1px; border-right-color: windowtext; border-right-width: 1px; padding: 1px 1px 0px;\" height=\"20\"><br/></td><td width=\"124\" nowrap=\"\" style=\"border-top-style: none; border-left-style: none; border-bottom-color: windowtext; border-bottom-width: 1px; border-right-color: windowtext; border-right-width: 1px; padding: 1px 1px 0px;\" height=\"20\"><p style=\"text-align:center\">500<span style=\";font-family:宋体\">分</span>/<span style=\";font-family:宋体\">种</span></p></td><td width=\"170\" style=\"border-top-style: none; border-left-style: none; border-bottom-color: windowtext; border-bottom-width: 1px; border-right-color: windowtext; border-right-width: 1px; padding: 0px;\" height=\"20\"><p><span style=\";font-family:宋体\">每种物料提供</span>2<span style=\";font-family:宋体\">个版本</span></p></td></tr><tr style=\";height:20px\"><td width=\"206\" nowrap=\"\" colspan=\"2\" style=\"border-right-color: windowtext; border-bottom-color: windowtext; border-left-color: windowtext; border-right-width: 1px; border-bottom-width: 1px; border-left-width: 1px; border-top-style: none; padding: 1px 1px 0px;\" height=\"20\"><p>23<span style=\";font-family:宋体\">、开业礼包</span></p></td><td width=\"75\" nowrap=\"\" style=\"border-top-style: none; border-left-style: none; border-bottom-color: windowtext; border-bottom-width: 1px; border-right-color: windowtext; border-right-width: 1px; padding: 1px 1px 0px;\" height=\"20\"><br/></td><td width=\"124\" nowrap=\"\" style=\"border-top-style: none; border-left-style: none; border-bottom-color: windowtext; border-bottom-width: 1px; border-right-color: windowtext; border-right-width: 1px; padding: 1px 1px 0px;\" height=\"20\"><p style=\"text-align:center\">100000<span style=\";font-family:宋体\">分</span></p></td><td width=\"170\" style=\"border-top-style: none; border-left-style: none; border-bottom-color: windowtext; border-bottom-width: 1px; border-right-color: windowtext; border-right-width: 1px; padding: 0px;\" height=\"20\"><p><span style=\";font-family:宋体\">公司定制办公用品</span></p></td></tr><tr style=\";height:11px\"><td width=\"206\" nowrap=\"\" colspan=\"2\" style=\"border-right-color: windowtext; border-bottom-color: windowtext; border-left-color: windowtext; border-right-width: 1px; border-bottom-width: 1px; border-left-width: 1px; border-top-style: none; padding: 1px 1px 0px;\" height=\"11\"><p>24<span style=\";font-family:宋体\">、提供标准文件</span></p></td><td width=\"75\" nowrap=\"\" style=\"border-top-style: none; border-left-style: none; border-bottom-color: windowtext; border-bottom-width: 1px; border-right-color: windowtext; border-right-width: 1px; padding: 1px 1px 0px;\" height=\"11\"><br/></td><td width=\"124\" nowrap=\"\" style=\"border-top-style: none; border-left-style: none; border-bottom-color: windowtext; border-bottom-width: 1px; border-right-color: windowtext; border-right-width: 1px; padding: 1px 1px 0px;\" height=\"11\"><p style=\"text-align:center\">3000<span style=\";font-family:宋体\">分</span></p></td><td width=\"170\" style=\"border-top-style: none; border-left-style: none; border-bottom-color: windowtext; border-bottom-width: 1px; border-right-color: windowtext; border-right-width: 1px; padding: 0px;\" height=\"11\"><p>1<span style=\";font-family:宋体\">套</span></p></td></tr><tr style=\";height:18px\"><td width=\"206\" nowrap=\"\" colspan=\"2\" style=\"border-right-color: windowtext; border-bottom-color: windowtext; border-left-color: windowtext; border-right-width: 1px; border-bottom-width: 1px; border-left-width: 1px; border-top-style: none; padding: 1px 1px 0px;\" height=\"18\"><p>25<span style=\";font-family:宋体\">、授权牌</span></p></td><td width=\"75\" nowrap=\"\" style=\"border-top-style: none; border-left-style: none; border-bottom-color: windowtext; border-bottom-width: 1px; border-right-color: windowtext; border-right-width: 1px; padding: 1px 1px 0px;\" height=\"18\"><br/></td><td width=\"124\" nowrap=\"\" style=\"border-top-style: none; border-left-style: none; border-bottom-color: windowtext; border-bottom-width: 1px; border-right-color: windowtext; border-right-width: 1px; padding: 1px 1px 0px;\" height=\"18\"><p style=\"text-align:center\">1000<span style=\";font-family:宋体\">分</span></p></td><td width=\"170\" style=\"border-top-style: none; border-left-style: none; border-bottom-color: windowtext; border-bottom-width: 1px; border-right-color: windowtext; border-right-width: 1px; padding: 0px;\" height=\"18\"><p>1<span style=\";font-family:宋体\">块</span></p></td></tr><tr style=\";height:18px\"><td width=\"206\" nowrap=\"\" colspan=\"2\" style=\"border-right-color: windowtext; border-bottom-color: windowtext; border-left-color: windowtext; border-right-width: 1px; border-bottom-width: 1px; border-left-width: 1px; border-top-style: none; padding: 1px 1px 0px;\" height=\"18\"><p>26<span style=\";font-family:宋体\">、原材料兑换</span></p></td><td width=\"75\" nowrap=\"\" style=\"border-top-style: none; border-left-style: none; border-bottom-color: windowtext; border-bottom-width: 1px; border-right-color: windowtext; border-right-width: 1px; padding: 1px 1px 0px;\" height=\"18\"><p style=\"text-align:center\">1<span style=\";font-family:宋体\">元原材料</span></p></td><td width=\"124\" nowrap=\"\" style=\"border-top-style: none; border-left-style: none; border-bottom-color: windowtext; border-bottom-width: 1px; border-right-color: windowtext; border-right-width: 1px; padding: 1px 1px 0px;\" height=\"18\"><p style=\"text-align:center\">100<span style=\";font-family:宋体\">分兑换</span></p></td><td width=\"170\" style=\"border-top-style: none; border-left-style: none; border-bottom-color: windowtext; border-bottom-width: 1px; border-right-color: windowtext; border-right-width: 1px; padding: 0px;\" height=\"18\"><p><span style=\";font-family:宋体\">平时可以抵</span>10%<span style=\";font-family:宋体\">的货款，促销时可以按</span>20%<span style=\";font-family:宋体\">抵货款</span></p></td></tr></tbody></table><p><strong><span style=\"font-size:12px;font-family: 宋体\">说明:</span></strong></p><p class=\"MsoListParagraph\" style=\"margin-left: 24px;line-height: 150%\"><span style=\"font-size:12px;line-height:150%;font-family:宋体\">1、<span style=\"font-size: 9px;line-height: normal;font-family: &#39;Times New Roman&#39;\">&nbsp; </span></span><span style=\"font-size:12px;line-height:150%;font-family:宋体\">推荐大工/中工，是指此大工/中工经总部技术评定后，在门店至少7工作日以上的技术人员；</span></p><p class=\"MsoListParagraph\" style=\"margin-left: 24px;line-height: 150%\"><span style=\"font-size:12px;line-height:150%;font-family:宋体\">2、<span style=\"font-size: 9px;line-height: normal;font-family: &#39;Times New Roman&#39;\">&nbsp; </span></span><span style=\"font-size:12px;line-height:150%;font-family:宋体\">推荐大工/中工积分是不包含工人去门店的交通费，交通费需门店自行支付给工人；</span></p><p class=\"MsoListParagraph\" style=\"margin-left: 24px;line-height: 150%\"><span style=\"font-size:12px;line-height:150%;font-family:宋体\">3、<span style=\"font-size: 9px;line-height: normal;font-family: &#39;Times New Roman&#39;\">&nbsp; </span></span><span style=\"font-size:12px;line-height:150%;font-family:宋体\">公司对新开门店驻点指导（技术/营销/营运）积分含来回差旅费，门店不需要支付差旅费；</span></p><p class=\"MsoListParagraph\" style=\"margin-left: 24px;line-height: 150%\"><span style=\"font-size:12px;line-height:150%;font-family:宋体\">4、<span style=\"font-size: 9px;line-height: normal;font-family: &#39;Times New Roman&#39;\">&nbsp; </span></span><span style=\"font-size:12px;line-height:150%;font-family:宋体\">后期运营门店根据不同需求，总部到门店指导/培训的积分不包含来回的差旅费，差旅费另计。</span></p><p style=\"white-space: normal;text-align: center\"><strong><span style=\"font-family: 宋体\">积分的具体使用</span></strong></p><table cellspacing=\"0\" cellpadding=\"0\" width=\"613\"><tbody><tr style=\"height: 26px\" class=\"firstRow\"><td width=\"206\" colspan=\"2\" height=\"26\" style=\"padding: 0px 7px;border-color: windowtext\"><p style=\"text-align: center\"><strong><span style=\"font-family: 宋体\">服务项目</span></strong></p></td><td width=\"75\" height=\"26\" style=\"padding: 0px 7px;border-left-style: none;border-top-color: windowtext;border-right-color: windowtext;border-bottom-color: windowtext\"><p style=\"text-align: center\"><strong><span style=\"font-family: 宋体\">货币定价</span></strong></p></td><td width=\"124\" height=\"26\" style=\"padding: 0px 7px;border-left-style: none;border-top-color: windowtext;border-right-color: windowtext;border-bottom-color: windowtext\"><p style=\"text-align: center\"><strong><span style=\"font-family: 宋体\">积分兑换标准</span></strong></p></td><td width=\"170\" height=\"26\" style=\"padding: 0px;border-left-style: none;border-top-color: windowtext;border-right-color: windowtext;border-bottom-color: windowtext\"><p style=\"text-align: center\"><strong><span style=\"font-family: 宋体\">备注</span></strong></p></td></tr><tr><td width=\"206\" colspan=\"2\" style=\"padding: 0px 7px;border-top-style: none;border-right-color: windowtext;border-bottom-color: windowtext;border-left-color: windowtext\"><p>1<span style=\"font-family: 宋体\">、推荐大工（喷漆和钣金）</span></p></td><td width=\"75\" style=\"padding: 0px 7px;border-top-style: none;border-left-style: none;border-right-color: windowtext;border-bottom-color: windowtext\"><p style=\"text-align: center\">500<span style=\"font-family: 宋体\">元</span>/<span style=\"font-family: 宋体\">人次</span></p></td><td width=\"124\" style=\"padding: 0px 7px;border-top-style: none;border-left-style: none;border-right-color: windowtext;border-bottom-color: windowtext\"><p style=\"text-align: center\">50000<span style=\"font-family: 宋体\">分</span>/<span style=\"font-family: 宋体\">人次</span></p></td><td width=\"170\" style=\"padding: 0px;border-top-style: none;border-left-style: none;border-right-color: windowtext;border-bottom-color: windowtext\"><p><span style=\"font-family: 宋体\">总部技术部需技术评定</span></p></td></tr><tr><td width=\"206\" colspan=\"2\" style=\"padding: 0px 7px;border-top-style: none;border-right-color: windowtext;border-bottom-color: windowtext;border-left-color: windowtext\"><p>2<span style=\"font-family: 宋体\">、推荐中工（喷漆和钣金）</span></p></td><td width=\"75\" style=\"padding: 0px 7px;border-top-style: none;border-left-style: none;border-right-color: windowtext;border-bottom-color: windowtext\"><p style=\"text-align: center\">300<span style=\"font-family: 宋体\">元</span>/<span style=\"font-family: 宋体\">人次</span></p></td><td width=\"124\" style=\"padding: 0px 7px;border-top-style: none;border-left-style: none;border-right-color: windowtext;border-bottom-color: windowtext\"><p style=\"text-align: center\">30000<span style=\"font-family: 宋体\">分</span>/<span style=\"font-family: 宋体\">人次</span></p></td><td width=\"170\" style=\"padding: 0px;border-top-style: none;border-left-style: none;border-right-color: windowtext;border-bottom-color: windowtext\"><p><span style=\"font-family: 宋体\">总部技术部需技术评定</span></p></td></tr><tr style=\"height: 22px\"><td width=\"206\" colspan=\"2\" height=\"22\" style=\"padding: 0px 7px;border-top-style: none;border-right-color: windowtext;border-bottom-color: windowtext;border-left-color: windowtext\"><p>3<span style=\"font-family: 宋体\">、推荐熟练工或学徒</span></p></td><td width=\"75\" height=\"22\" style=\"padding: 0px 7px;border-top-style: none;border-left-style: none;border-right-color: windowtext;border-bottom-color: windowtext\"><p style=\"text-align: center\">200<span style=\"font-family: 宋体\">元</span>/<span style=\"font-family: 宋体\">人次</span></p></td><td width=\"124\" height=\"22\" style=\"padding: 0px 7px;border-top-style: none;border-left-style: none;border-right-color: windowtext;border-bottom-color: windowtext\"><p style=\"text-align: center\">20000<span style=\"font-family: 宋体\">分</span>/<span style=\"font-family: 宋体\">人次</span></p></td><td width=\"170\" height=\"22\" style=\"padding: 0px;border-top-style: none;border-left-style: none;border-right-color: windowtext;border-bottom-color: windowtext\"><br/></td></tr><tr><td width=\"206\" colspan=\"2\" style=\"padding: 0px 7px;border-top-style: none;border-right-color: windowtext;border-bottom-color: windowtext;border-left-color: windowtext\"><p>4<span style=\"font-family: 宋体\">、新店开业培训</span></p></td><td width=\"75\" style=\"padding: 0px 7px;border-top-style: none;border-left-style: none;border-right-color: windowtext;border-bottom-color: windowtext\"><p style=\"text-align: center\">10000<span style=\"font-family: 宋体\">元</span>/<span style=\"font-family: 宋体\">店</span>/<span style=\"font-family: 宋体\">次</span></p></td><td width=\"124\" style=\"padding: 0px 7px;border-top-style: none;border-left-style: none;border-right-color: windowtext;border-bottom-color: windowtext\"><p style=\"text-align: center\">1000000<span style=\"font-family: 宋体\">分</span>/<span style=\"font-family: 宋体\">店</span>/<span style=\"font-family: 宋体\">次</span></p></td><td width=\"170\" valign=\"top\" style=\"padding: 0px;border-top-style: none;border-left-style: none;border-right-color: windowtext;border-bottom-color: windowtext\"><p><span style=\"font-family: 宋体\">二周时间</span></p></td></tr><tr><td width=\"206\" colspan=\"2\" style=\"padding: 0px 7px;border-top-style: none;border-right-color: windowtext;border-bottom-color: windowtext;border-left-color: windowtext\"><p>5<span style=\"font-family: 宋体\">、技术培训（全套）</span></p></td><td width=\"75\" style=\"padding: 0px 7px;border-top-style: none;border-left-style: none;border-right-color: windowtext;border-bottom-color: windowtext\"><p style=\"text-align: center;line-height: 24px\">2000<span style=\"font-family: 宋体\">元</span>/<span style=\"font-family: 宋体\">人次</span></p></td><td width=\"124\" style=\"padding: 0px 7px;border-top-style: none;border-left-style: none;border-right-color: windowtext;border-bottom-color: windowtext\"><p style=\"text-align: center;line-height: 24px\">200000<span style=\"font-family: 宋体\">分</span>/<span style=\"font-family: 宋体\">人次</span></p></td><td width=\"170\" style=\"padding: 0px;border-top-style: none;border-left-style: none;border-right-color: windowtext;border-bottom-color: windowtext\"><br/></td></tr><tr><td width=\"206\" colspan=\"2\" style=\"padding: 0px 7px;border-top-style: none;border-right-color: windowtext;border-bottom-color: windowtext;border-left-color: windowtext\"><p>6<span style=\"font-family: 宋体\">、技术培训（调漆）</span></p></td><td width=\"75\" style=\"padding: 0px 7px;border-top-style: none;border-left-style: none;border-right-color: windowtext;border-bottom-color: windowtext\"><p style=\"text-align: center\">1000<span style=\"font-family: 宋体\">元</span>/<span style=\"font-family: 宋体\">人次</span></p></td><td width=\"124\" style=\"padding: 0px 7px;border-top-style: none;border-left-style: none;border-right-color: windowtext;border-bottom-color: windowtext\"><p style=\"text-align: center\">100000<span style=\"font-family: 宋体\">分</span>/<span style=\"font-family: 宋体\">人次</span></p></td><td width=\"170\" style=\"padding: 0px;border-top-style: none;border-left-style: none;border-right-color: windowtext;border-bottom-color: windowtext\"><p><span style=\"font-family: 宋体\">一周时间</span></p></td></tr><tr><td width=\"206\" colspan=\"2\" style=\"padding: 0px 7px;border-top-style: none;border-right-color: windowtext;border-bottom-color: windowtext;border-left-color: windowtext\"><p>7<span style=\"font-family: 宋体\">、技术培训（喷涂）</span></p></td><td width=\"75\" style=\"padding: 0px 7px;border-top-style: none;border-left-style: none;border-right-color: windowtext;border-bottom-color: windowtext\"><p style=\"text-align: center\">800<span style=\"font-family: 宋体\">元</span>/<span style=\"font-family: 宋体\">人次</span></p></td><td width=\"124\" style=\"padding: 0px 7px;border-top-style: none;border-left-style: none;border-right-color: windowtext;border-bottom-color: windowtext\"><p style=\"text-align: center\">80000<span style=\"font-family: 宋体\">分</span>/<span style=\"font-family: 宋体\">人次</span></p></td><td width=\"170\" style=\"padding: 0px;border-top-style: none;border-left-style: none;border-right-color: windowtext;border-bottom-color: windowtext\"><p><span style=\"font-family: 宋体\">四天时间</span></p></td></tr><tr><td width=\"206\" colspan=\"2\" style=\"padding: 0px 7px;border-top-style: none;border-right-color: windowtext;border-bottom-color: windowtext;border-left-color: windowtext\"><p>8<span style=\"font-family: 宋体\">、特效漆培训（全套）</span></p></td><td width=\"75\" style=\"padding: 0px 7px;border-top-style: none;border-left-style: none;border-right-color: windowtext;border-bottom-color: windowtext\"><p style=\"text-align: center\">2000<span style=\"font-family: 宋体\">元</span>/<span style=\"font-family: 宋体\">人次</span></p></td><td width=\"124\" style=\"padding: 0px 7px;border-top-style: none;border-left-style: none;border-right-color: windowtext;border-bottom-color: windowtext\"><p style=\"text-align: center\">200000<span style=\"font-family: 宋体\">分</span>/<span style=\"font-family: 宋体\">人次</span></p></td><td width=\"170\" style=\"padding: 0px;border-top-style: none;border-left-style: none;border-right-color: windowtext;border-bottom-color: windowtext\"><p><span style=\"font-family: 宋体\">一周时间</span></p></td></tr><tr><td width=\"206\" colspan=\"2\" style=\"padding: 0px 7px;border-top-style: none;border-right-color: windowtext;border-bottom-color: windowtext;border-left-color: windowtext\"><p>9<span style=\"font-family: 宋体\">、钣金培训</span></p></td><td width=\"75\" style=\"padding: 0px 7px;border-top-style: none;border-left-style: none;border-right-color: windowtext;border-bottom-color: windowtext\"><p style=\"text-align: center\">800<span style=\"font-family: 宋体\">元</span>/<span style=\"font-family: 宋体\">人次</span></p></td><td width=\"124\" style=\"padding: 0px 7px;border-top-style: none;border-left-style: none;border-right-color: windowtext;border-bottom-color: windowtext\"><p style=\"text-align: center\">80000<span style=\"font-family: 宋体\">分</span>/<span style=\"font-family: 宋体\">人次</span></p></td><td width=\"170\" style=\"padding: 0px;border-top-style: none;border-left-style: none;border-right-color: windowtext;border-bottom-color: windowtext\"><p><span style=\"font-family: 宋体\">四天时间</span></p></td></tr><tr><td width=\"206\" colspan=\"2\" style=\"padding: 0px 7px;border-top-style: none;border-right-color: windowtext;border-bottom-color: windowtext;border-left-color: windowtext\"><p>10<span style=\"font-family: 宋体\">、美容培训</span></p></td><td width=\"75\" style=\"padding: 0px 7px;border-top-style: none;border-left-style: none;border-right-color: windowtext;border-bottom-color: windowtext\"><p style=\"text-align: center\">500<span style=\"font-family: 宋体\">元</span>/<span style=\"font-family: 宋体\">人次</span></p></td><td width=\"124\" style=\"padding: 0px 7px;border-top-style: none;border-left-style: none;border-right-color: windowtext;border-bottom-color: windowtext\"><p style=\"text-align: center\">50000<span style=\"font-family: 宋体\">分</span>/<span style=\"font-family: 宋体\">人次</span></p></td><td width=\"170\" style=\"padding: 0px;border-top-style: none;border-left-style: none;border-right-color: windowtext;border-bottom-color: windowtext\"><p><span style=\"font-family: 宋体\">四天时间</span></p></td></tr><tr><td width=\"206\" colspan=\"2\" style=\"padding: 0px 7px;border-top-style: none;border-right-color: windowtext;border-bottom-color: windowtext;border-left-color: windowtext\"><p>11<span style=\"font-family: 宋体\">、营运现场指导（日常）</span></p></td><td width=\"75\" style=\"padding: 0px 7px;border-top-style: none;border-left-style: none;border-right-color: windowtext;border-bottom-color: windowtext\"><p style=\"text-align: center\">350<span style=\"font-family: 宋体\">元</span>/<span style=\"font-family: 宋体\">天</span>/<span style=\"font-family: 宋体\">人</span></p></td><td width=\"124\" style=\"padding: 0px 7px;border-top-style: none;border-left-style: none;border-right-color: windowtext;border-bottom-color: windowtext\"><p style=\"text-align: center\">35000<span style=\"font-family: 宋体\">分</span>/<span style=\"font-family: 宋体\">天</span>/<span style=\"font-family: 宋体\">人</span></p></td><td width=\"170\" style=\"padding: 0px;border-top-style: none;border-left-style: none;border-right-color: windowtext;border-bottom-color: windowtext\"><p><span style=\"font-family: 宋体\">根据门店需求</span></p></td></tr><tr><td width=\"206\" colspan=\"2\" style=\"padding: 0px 7px;border-top-style: none;border-right-color: windowtext;border-bottom-color: windowtext;border-left-color: windowtext\"><p>12<span style=\"font-family: 宋体\">、技术现场所指导（日常）</span></p></td><td width=\"75\" style=\"padding: 0px 7px;border-top-style: none;border-left-style: none;border-right-color: windowtext;border-bottom-color: windowtext\"><p style=\"text-align: center\">350<span style=\"font-family: 宋体\">元</span>/<span style=\"font-family: 宋体\">天</span>/<span style=\"font-family: 宋体\">人</span></p></td><td width=\"124\" style=\"padding: 0px 7px;border-top-style: none;border-left-style: none;border-right-color: windowtext;border-bottom-color: windowtext\"><p style=\"text-align: center\">35000<span style=\"font-family: 宋体\">分</span>/<span style=\"font-family: 宋体\">天</span>/<span style=\"font-family: 宋体\">人</span></p></td><td width=\"170\" style=\"padding: 0px;border-top-style: none;border-left-style: none;border-right-color: windowtext;border-bottom-color: windowtext\"><p><span style=\"font-family: 宋体\">根据门店需求</span></p></td></tr><tr><td width=\"206\" colspan=\"2\" style=\"padding: 0px 7px;border-top-style: none;border-right-color: windowtext;border-bottom-color: windowtext;border-left-color: windowtext\"><p>13<span style=\"font-family: 宋体\">、营销现场指导</span>(<span style=\"font-family: 宋体\">日常</span>)</p></td><td width=\"75\" style=\"padding: 0px 7px;border-top-style: none;border-left-style: none;border-right-color: windowtext;border-bottom-color: windowtext\"><p style=\"text-align: center\">350<span style=\"font-family: 宋体\">元</span>/<span style=\"font-family: 宋体\">天</span>/<span style=\"font-family: 宋体\">人</span></p></td><td width=\"124\" style=\"padding: 0px 7px;border-top-style: none;border-left-style: none;border-right-color: windowtext;border-bottom-color: windowtext\"><p style=\"text-align: center\">35000<span style=\"font-family: 宋体\">分</span>/<span style=\"font-family: 宋体\">天</span>/<span style=\"font-family: 宋体\">人</span></p></td><td width=\"170\" style=\"padding: 0px;border-top-style: none;border-left-style: none;border-right-color: windowtext;border-bottom-color: windowtext\"><br/></td></tr><tr style=\"height: 21px\"><td width=\"103\" nowrap=\"\" rowspan=\"5\" height=\"21\" style=\"padding: 1px 1px 0px;border-top-style: none;border-right-color: windowtext;border-bottom-color: windowtext;border-left-color: windowtext\"><p>14<span style=\"font-family: 宋体\">、技术支援</span></p></td><td width=\"103\" height=\"21\" style=\"padding: 1px 1px 0px;border-top-style: none;border-left-style: none;border-right-color: windowtext;border-bottom-color: windowtext\"><p><span style=\"font-family: 宋体\">技术导师</span></p></td><td width=\"75\" nowrap=\"\" height=\"21\" style=\"padding: 1px 1px 0px;border-top-style: none;border-left-style: none;border-right-color: windowtext;border-bottom-color: windowtext\"><p style=\"text-align: center\">350<span style=\"font-family: 宋体\">元</span>/<span style=\"font-family: 宋体\">天</span>/<span style=\"font-family: 宋体\">人</span></p></td><td width=\"124\" nowrap=\"\" height=\"21\" style=\"padding: 1px 1px 0px;border-top-style: none;border-left-style: none;border-right-color: windowtext;border-bottom-color: windowtext\"><p style=\"text-align: center\">35000<span style=\"font-family: 宋体\">分</span>/<span style=\"font-family: 宋体\">天</span>/<span style=\"font-family: 宋体\">人</span></p></td><td width=\"170\" height=\"21\" style=\"padding: 0px;border-top-style: none;border-left-style: none;border-right-color: windowtext;border-bottom-color: windowtext\"><br/></td></tr><tr style=\"height: 18px\"><td width=\"103\" height=\"18\" style=\"padding: 1px 1px 0px;border-top-style: none;border-left-style: none;border-right-color: windowtext;border-bottom-color: windowtext\"><p><span style=\"font-family: 宋体\">技术支持人员</span></p></td><td width=\"75\" nowrap=\"\" height=\"18\" style=\"padding: 1px 1px 0px;border-top-style: none;border-left-style: none;border-right-color: windowtext;border-bottom-color: windowtext\"><p style=\"text-align: center\">300<span style=\"font-family: 宋体\">元</span>/<span style=\"font-family: 宋体\">天</span>/<span style=\"font-family: 宋体\">人</span></p></td><td width=\"124\" nowrap=\"\" height=\"18\" style=\"padding: 1px 1px 0px;border-top-style: none;border-left-style: none;border-right-color: windowtext;border-bottom-color: windowtext\"><p style=\"text-align: center\">30000<span style=\"font-family: 宋体\">分</span>/<span style=\"font-family: 宋体\">天</span>/<span style=\"font-family: 宋体\">人</span></p></td><td width=\"170\" height=\"18\" style=\"padding: 0px;border-top-style: none;border-left-style: none;border-right-color: windowtext;border-bottom-color: windowtext\"><br/></td></tr><tr style=\"height: 24px\"><td width=\"103\" height=\"24\" style=\"padding: 1px 1px 0px;border-top-style: none;border-left-style: none;border-right-color: windowtext;border-bottom-color: windowtext\"><p><span style=\"font-family: 宋体\">油漆大工</span></p></td><td width=\"75\" nowrap=\"\" height=\"24\" style=\"padding: 1px 1px 0px;border-top-style: none;border-left-style: none;border-right-color: windowtext;border-bottom-color: windowtext\"><p style=\"text-align: center\">250<span style=\"font-family: 宋体\">元</span>/<span style=\"font-family: 宋体\">天</span>/<span style=\"font-family: 宋体\">人</span></p></td><td width=\"124\" nowrap=\"\" height=\"24\" style=\"padding: 1px 1px 0px;border-top-style: none;border-left-style: none;border-right-color: windowtext;border-bottom-color: windowtext\"><p style=\"text-align: center\">25000<span style=\"font-family: 宋体\">分</span>/<span style=\"font-family: 宋体\">天</span>/<span style=\"font-family: 宋体\">人</span></p></td><td width=\"170\" height=\"24\" style=\"padding: 0px;border-top-style: none;border-left-style: none;border-right-color: windowtext;border-bottom-color: windowtext\"><br/></td></tr><tr style=\"height: 17px\"><td width=\"103\" height=\"17\" style=\"padding: 1px 1px 0px;border-top-style: none;border-left-style: none;border-right-color: windowtext;border-bottom-color: windowtext\"><p><span style=\"font-family: 宋体\">油漆中工</span></p></td><td width=\"75\" nowrap=\"\" height=\"17\" style=\"padding: 1px 1px 0px;border-top-style: none;border-left-style: none;border-right-color: windowtext;border-bottom-color: windowtext\"><p style=\"text-align: center\">200<span style=\"font-family: 宋体\">元</span>/<span style=\"font-family: 宋体\">天</span>/<span style=\"font-family: 宋体\">人</span></p></td><td width=\"124\" nowrap=\"\" height=\"17\" style=\"padding: 1px 1px 0px;border-top-style: none;border-left-style: none;border-right-color: windowtext;border-bottom-color: windowtext\"><p style=\"text-align: center\">20000<span style=\"font-family: 宋体\">分</span>/<span style=\"font-family: 宋体\">天</span>/<span style=\"font-family: 宋体\">人</span></p></td><td width=\"170\" height=\"17\" style=\"padding: 0px;border-top-style: none;border-left-style: none;border-right-color: windowtext;border-bottom-color: windowtext\"><br/></td></tr><tr style=\"height: 23px\"><td width=\"103\" height=\"23\" style=\"padding: 1px 1px 0px;border-top-style: none;border-left-style: none;border-right-color: windowtext;border-bottom-color: windowtext\"><p><span style=\"font-family: 宋体\">钣金工</span></p></td><td width=\"75\" nowrap=\"\" height=\"23\" style=\"padding: 1px 1px 0px;border-top-style: none;border-left-style: none;border-right-color: windowtext;border-bottom-color: windowtext\"><p style=\"text-align: center\">200<span style=\"font-family: 宋体\">元</span>/<span style=\"font-family: 宋体\">天</span>/<span style=\"font-family: 宋体\">人</span></p></td><td width=\"124\" nowrap=\"\" height=\"23\" style=\"padding: 1px 1px 0px;border-top-style: none;border-left-style: none;border-right-color: windowtext;border-bottom-color: windowtext\"><p style=\"text-align: center\">20000<span style=\"font-family: 宋体\">分</span>/<span style=\"font-family: 宋体\">天</span>/<span style=\"font-family: 宋体\">人</span></p></td><td width=\"170\" height=\"23\" style=\"padding: 0px;border-top-style: none;border-left-style: none;border-right-color: windowtext;border-bottom-color: windowtext\"><br/></td></tr><tr style=\"height: 21px\"><td width=\"206\" nowrap=\"\" colspan=\"2\" height=\"21\" style=\"padding: 1px 1px 0px;border-top-style: none;border-right-color: windowtext;border-bottom-color: windowtext;border-left-color: windowtext\"><p>15<span style=\"font-family: 宋体\">、店址选择</span></p></td><td width=\"75\" nowrap=\"\" height=\"21\" style=\"padding: 1px 1px 0px;border-top-style: none;border-left-style: none;border-right-color: windowtext;border-bottom-color: windowtext\"><br/></td><td width=\"124\" nowrap=\"\" height=\"21\" style=\"padding: 1px 1px 0px;border-top-style: none;border-left-style: none;border-right-color: windowtext;border-bottom-color: windowtext\"><p style=\"text-align: center\">20000<span style=\"font-family: 宋体\">分</span></p></td><td width=\"170\" height=\"21\" style=\"padding: 0px;border-top-style: none;border-left-style: none;border-right-color: windowtext;border-bottom-color: windowtext\"><p>2<span style=\"font-family: 宋体\">次</span></p></td></tr><tr style=\"height: 16px\"><td width=\"206\" nowrap=\"\" colspan=\"2\" height=\"16\" style=\"padding: 1px 1px 0px;border-top-style: none;border-right-color: windowtext;border-bottom-color: windowtext;border-left-color: windowtext\"><p>16<span style=\"font-family: 宋体\">、店面设计</span>/<span style=\"font-family: 宋体\">指导</span>/<span style=\"font-family: 宋体\">验收</span></p></td><td width=\"75\" nowrap=\"\" height=\"16\" style=\"padding: 1px 1');
INSERT INTO `tp_article_txt` VALUES ('187', '205', '<p><strong><span style=\";font-family:宋体\"></span></strong></p><p style=\"text-align:center\"><strong><span style=\"font-size:20px;font-family:宋体\">车奇士连锁企业门店营运积分管理办法（草案）</span></strong></p><p style=\"text-align:right\"><strong><span style=\"font-size:12px;font-family: 宋体\">文件编号：</span></strong></p><p style=\"margin-left:71px;text-align:center\"><strong><span style=\"font-size:19px;font-family:宋体\">第一章<span style=\"font-weight: normal;font-size: 9px;font-family: &#39;Times New Roman&#39;\">&nbsp; </span></span></strong><strong><span style=\"font-size:19px;font-family:宋体\">总则</span></strong></p><p><strong><span style=\";font-family:宋体\">第一条 目的</span></strong></p><p style=\"text-indent:27px;line-height:20px\"><span style=\";font-family:宋体\">为了有效的管理、考核和激励连锁门店，保障连锁品牌的统一性，维护总部与门店的良性运作和门店营运活动顺利开展，公司总部将对现有的连锁门店进行运营积分管理。</span></p><p style=\"line-height:20px\"><strong><span style=\";font-family: 宋体\">第二条、积分的定位和说明</span></strong></p><p class=\"MsoListParagraph\" style=\"margin-left:24px;line-height:20px\"><span style=\";font-family:宋体\">1、 </span><span style=\";font-family:宋体\">积分系统是总部与门店之间唯一的服务交易的平台；</span></p><p class=\"MsoListParagraph\" style=\"margin-left:24px;line-height:20px\"><span style=\";font-family:宋体\">2、 </span><span style=\";font-family:宋体\">积分是总部与门店之间的交易换算工具；</span></p><p class=\"MsoListParagraph\" style=\"margin-left:24px;line-height:20px\"><span style=\";font-family:宋体\">3、 </span><span style=\";font-family:宋体\">总部对门店所有服务需求都需要通过积分进行兑换；</span></p><p class=\"MsoListParagraph\" style=\"margin-left:24px;line-height:20px\"><span style=\";font-family:宋体\">4、 </span><span style=\";font-family:宋体\">门店可以通过现金购买积分或购买原材料/设备方式取得奖励积分；</span></p><p style=\"line-height:20px\"><strong><span style=\";font-family: 宋体\">第三条 适用范围</span></strong></p><p style=\"text-indent:29px;line-height:20px\"><span style=\";font-family:宋体\">本办法适用于<strong><span style=\"text-decoration:underline;\"><span style=\"color:red\">杭州车奇士连锁系统内所有门店</span></span></strong>。</span></p><p style=\"line-height:20px\"><strong><span style=\";font-family: 宋体\">第四条 编制原则 </span></strong></p><p style=\"margin-left:24px;line-height: 20px\"><strong><span style=\";font-family:宋体\">1、 </span></strong><strong><span style=\";font-family:宋体\">公开、公平、公正的原则</span></strong><span style=\";font-family:宋体\">：</span></p><p style=\"text-indent:21px;line-height:20px\"><span style=\";font-family:宋体\">门店积分管理采用公开、公平、公正的原则，所有积分采集采取科学合理的统计。</span></p><p style=\"line-height:20px\"><strong><span style=\";font-family:宋体\">2</span></strong><strong><span style=\";font-family:宋体\">、有贡献就有奖励的原则</span></strong><span style=\";font-family:宋体\">：</span></p><p style=\"text-indent:28px;line-height:20px\"><span style=\";font-family:宋体\">致力于把车骑王子事业做为自已的共同事业，凡是对车骑王子品牌的良性发展做出积极推动作用的连锁门店都将成为获得积分奖励。</span></p><p style=\"margin-left:24px;line-height: 20px\"><strong><span style=\";font-family:宋体\">3、 </span></strong><strong><span style=\";font-family:宋体\">有付出就有回报的原则</span></strong><span style=\";font-family:宋体\">：</span></p><p style=\"text-indent:28px;line-height:20px\"><span style=\";font-family:宋体\">凡是积极参于公司组织的各类活动，积极配合公司所开展的一系列工作的和积极推动门店自我经营、自我成长和自我发展的连锁门店都将成为获得积分奖励的依据。</span></p><p style=\"margin-left:24px;line-height: 20px\"><strong><span style=\";font-family:宋体\">4、 </span></strong><strong><span style=\";font-family:宋体\">有伤害就要惩罚的原则</span></strong><span style=\";font-family:宋体\">：</span></p><p style=\"text-indent:27px;line-height:20px\"><span style=\";font-family:宋体\">凡是对车骑王子品牌健康发展和自身经营、自身发展、自身成长造成伤害的行为都受到相应的处罚。</span></p><p style=\"line-height:20px\"><strong><span style=\";font-family:宋体\">5</span></strong><strong><span style=\";font-family:宋体\">、量化考核的原则：</span></strong></p><p style=\"text-indent:28px;line-height:20px\"><span style=\";font-family:宋体\">公司对连锁门店经营的各种行为进行量化的评估，通过系统考核积分的增加或减扣的方式来体现连锁网点的动态发展状况。</span></p><p style=\"margin-left:24px;line-height: 20px\"><strong><span style=\";font-family:宋体\">6、 </span></strong><strong><span style=\";font-family:宋体\">量化服务原则：</span></strong></p><p style=\"text-indent:28px;line-height:20px\"><span style=\";font-family:宋体\">为使公司对门店的各项支持和服务能体现价值以及服务更有保障，公司总部将对各项支持服务、原材料进货、商品采购进行量化定价并与所获得积分挂钩，使门店的积分与总部的各项资源形成相应互换关系。</span></p><p style=\"margin-left:24px;line-height: 20px\"><strong>7、 </strong><strong><span style=\";font-family:宋体\">政策支持和资源调配的原则</span></strong><span style=\";font-family:宋体\">：</span></p><p style=\"text-indent:27px;line-height:20px\"><span style=\";font-family:宋体\">2015</span><span style=\";font-family:宋体\">年公司对所有门店进行分级管理，对各区域门店依据考核进行等级划分。门店根据自身的等级享受相应的优惠政策和相应的公司资源。</span></p><p style=\"line-height:20px\"><strong><span style=\";font-family: 宋体\">第五条 积分管理结构</span></strong></p><p style=\"line-height:20px\"><strong><span style=\";font-family:宋体\">4</span></strong><strong><span style=\";font-family:宋体\">．1积分管理总架构</span></strong></p><p style=\"line-height:20px\"><strong><span style=\";font-family:宋体\"><img src=\"/Uploads/image/article/20150623/1435028860270644.png\" title=\"1435028860270644.png\" alt=\"blob.png\" width=\"697\" height=\"206\" style=\"width: 697px; height: 206px;\"/></span></strong></p><p style=\"text-align:center\"><strong><span style=\";font-family:宋体\">&nbsp; &nbsp; &nbsp; &nbsp; &nbsp; &nbsp; &nbsp; &nbsp; &nbsp; &nbsp; &nbsp; &nbsp; &nbsp; &nbsp; &nbsp; &nbsp; &nbsp; &nbsp; &nbsp; &nbsp; &nbsp; &nbsp; &nbsp; &nbsp;</span></strong></p><p style=\"line-height:21px\"><strong><span style=\";font-family:宋体\">4</span></strong><strong><span style=\";font-family:宋体\">．2 积分具体来源和积分的基础基准</span></strong></p><p style=\"text-indent:27px;line-height:21px\"><span style=\";font-family:宋体\">根据连锁门店的特点和总部对门店的营运管理需要，总部对所有门店导入积分管理系统。门店积分的来源有以下五个方面：加盟金（保证金除外）返还、后期交纳给总部的各项管理费用返还、材料/设备进货返还、经营奖励等。该类积分可以时时累计计算、时时兑换，积分用完可以用现金进行购买，具体来源和积分标准如下：</span></p><p style=\"text-align:center;text-indent:27px\"><strong><span style=\"font-size:16px;font-family:宋体\">积分的具体来源和基准</span></strong></p><table cellspacing=\"0\" cellpadding=\"0\" width=\"657\"><tbody><tr style=\";height:32px\" class=\"firstRow\"><td width=\"137\" style=\"border-color: black black windowtext; border-width: 1px; padding: 0px 7px;\" height=\"32\"><p style=\"text-align:center\"><strong><span style=\";font-family:宋体\">来源版块</span></strong></p></td><td width=\"56\" style=\"border-top-color: black; border-right-color: black; border-bottom-color: black; border-top-width: 1px; border-right-width: 1px; border-bottom-width: 1px; border-left-style: none; padding: 0px 7px;\" height=\"32\"><p style=\"text-align:center\"><strong><span style=\";font-family:宋体\">序号</span></strong></p></td><td width=\"176\" style=\"border-top-color: black; border-right-color: black; border-bottom-color: black; border-top-width: 1px; border-right-width: 1px; border-bottom-width: 1px; border-left-style: none; padding: 0px 7px;\" height=\"32\"><p style=\"text-align:center\"><strong><span style=\";font-family:宋体\">具体项目</span></strong></p></td><td width=\"157\" style=\"border-top-color: black; border-top-width: 1px; border-left-style: none; border-bottom-color: black; border-bottom-width: 1px; border-right-color: windowtext; border-right-width: 1px; padding: 0px 7px;\" height=\"32\"><p style=\"text-align:center\"><strong><span style=\";font-family:宋体\">积分标准</span></strong></p></td><td width=\"132\" valign=\"top\" style=\"border-top-color: black; border-top-width: 1px; border-left-style: none; border-bottom-color: black; border-bottom-width: 1px; border-right-color: windowtext; border-right-width: 1px; padding: 0px 7px;\" height=\"32\"><p style=\"text-align:center\"><strong><span style=\";font-family:宋体\">备注</span></strong></p></td></tr><tr style=\";height:25px\"><td width=\"137\" style=\"border-top-style: none; border-left-color: black; border-left-width: 1px; border-bottom-color: windowtext; border-bottom-width: 1px; border-right-color: black; border-right-width: 1px; padding: 0px 7px;\" height=\"25\"><p><strong><span style=\";font-family:   宋体\">一、</span></strong><strong><span style=\";font-family:宋体\">加盟</span></strong></p></td><td width=\"56\" style=\"border-top-style: none; border-left-style: none; border-bottom-color: black; border-bottom-width: 1px; border-right-color: black; border-right-width: 1px; padding: 0px 7px;\" height=\"25\"><p style=\"text-align:center\"><span style=\";font-family:宋体\">1</span></p></td><td width=\"176\" style=\"border-top-style: none; border-left-style: none; border-bottom-color: black; border-bottom-width: 1px; border-right-color: black; border-right-width: 1px; padding: 0px 7px;\" height=\"25\"><p><span style=\";font-family:宋体\">加盟费返还</span></p></td><td width=\"157\" style=\"border-top-style: none; border-left-style: none; border-bottom-color: black; border-bottom-width: 1px; border-right-color: black; border-right-width: 1px; padding: 0px 7px;\" height=\"25\"><p style=\"line-height:24px\"><span style=\";font-family:宋体\">1</span><span style=\";font-family:宋体\">元积15分</span></p></td><td width=\"132\" rowspan=\"2\" valign=\"top\" style=\"border-top-style: none; border-left-style: none; border-bottom-color: black; border-bottom-width: 1px; border-right-color: black; border-right-width: 1px; padding: 0px 7px;\" height=\"25\"><p><span style=\"font-size:12px;font-family:宋体\">交给总部的费用</span><span style=\"font-size:12px\">(</span><span style=\"font-size:12px;font-family:宋体\">保证金除外</span><span style=\"font-size:12px\">)</span></p></td></tr><tr style=\";height:26px\"><td width=\"137\" style=\"border-right-color: black; border-bottom-color: black; border-left-color: black; border-right-width: 1px; border-bottom-width: 1px; border-left-width: 1px; border-top-style: none; padding: 0px 7px;\" height=\"26\"><p><strong><span style=\";font-family:宋体\">二、后期交给总部的各项费用</span></strong></p></td><td width=\"56\" style=\"border-top-style: none; border-left-style: none; border-bottom-color: black; border-bottom-width: 1px; border-right-color: black; border-right-width: 1px; padding: 0px 7px;\" height=\"26\"><p style=\"text-align:center\"><span style=\";font-family:宋体\">1</span></p></td><td width=\"176\" style=\"border-top-style: none; border-left-style: none; border-bottom-color: black; border-bottom-width: 1px; border-right-color: black; border-right-width: 1px; padding: 0px 7px;\" height=\"26\"><p><span style=\";font-family:宋体\">品牌使用费/管理费/广告费返还</span></p></td><td width=\"157\" style=\"border-top-style: none; border-left-style: none; border-bottom-color: black; border-bottom-width: 1px; border-right-color: black; border-right-width: 1px; padding: 0px 7px;\" height=\"26\"><p style=\"line-height:24px\"><span style=\";font-family:宋体\">1</span><span style=\";font-family:宋体\">元积10分</span></p></td></tr><tr style=\";height:32px\"><td width=\"137\" rowspan=\"2\" style=\"border-top-style: none; border-left-color: black; border-left-width: 1px; border-bottom-color: windowtext; border-bottom-width: 1px; border-right-color: black; border-right-width: 1px; padding: 0px 7px;\" height=\"32\"><p><strong><span style=\";font-family:宋体\">三、材料销售</span></strong></p></td><td width=\"56\" style=\"border-top-style: none; border-left-style: none; border-bottom-color: black; border-bottom-width: 1px; border-right-color: black; border-right-width: 1px; padding: 0px 7px;\" height=\"32\"><p style=\"text-align:center\"><span style=\";font-family:宋体\">1</span></p></td><td width=\"176\" style=\"border-top-style: none; border-left-style: none; border-bottom-color: black; border-bottom-width: 1px; border-right-color: black; border-right-width: 1px; padding: 0px 7px;\" height=\"32\"><p><span style=\";font-family:宋体\">首配设备/原材料返还</span></p></td><td width=\"157\" style=\"border-top-style: none; border-left-style: none; border-bottom-color: black; border-bottom-width: 1px; border-right-color: black; border-right-width: 1px; padding: 0px 7px;\" height=\"32\"><p><span style=\";font-family:宋体\">1</span><span style=\";font-family:   宋体\">元积1分</span></p></td><td width=\"132\" valign=\"top\" style=\"border-top-style: none; border-left-style: none; border-bottom-color: black; border-bottom-width: 1px; border-right-color: black; border-right-width: 1px; padding: 0px 7px;\" height=\"32\"><br/></td></tr><tr style=\";height:28px\"><td width=\"56\" style=\"border-top-style: none; border-left-style: none; border-bottom-color: black; border-bottom-width: 1px; border-right-color: black; border-right-width: 1px; padding: 0px 7px;\" height=\"28\"><p style=\"text-align:center\"><span style=\";font-family:宋体\">2</span></p></td><td width=\"176\" style=\"border-top-style: none; border-left-style: none; border-bottom-color: black; border-bottom-width: 1px; border-right-color: black; border-right-width: 1px; padding: 0px 7px;\" height=\"28\"><p><span style=\";font-family:宋体\">后配设备/原材料返还</span></p></td><td width=\"157\" style=\"border-top-style: none; border-left-style: none; border-bottom-color: black; border-bottom-width: 1px; border-right-color: black; border-right-width: 1px; padding: 0px 7px;\" height=\"28\"><p><span style=\";font-family:宋体\">1</span><span style=\";font-family:   宋体\">元积1分</span></p></td><td width=\"132\" valign=\"top\" style=\"border-top-style: none; border-left-style: none; border-bottom-color: black; border-bottom-width: 1px; border-right-color: black; border-right-width: 1px; padding: 0px 7px;\" height=\"28\"><br/></td></tr><tr style=\";height:40px\"><td width=\"137\" rowspan=\"14\" style=\"border-right-color: black; border-bottom-color: black; border-left-color: black; border-right-width: 1px; border-bottom-width: 1px; border-left-width: 1px; border-top-style: none; padding: 0px 7px;\" height=\"40\"><p><strong><span style=\";font-family:宋体\">四、经营奖励</span></strong></p></td><td width=\"56\" style=\"border-top-style: none; border-left-style: none; border-bottom-color: black; border-bottom-width: 1px; border-right-color: black; border-right-width: 1px; padding: 0px 7px;\" height=\"40\"><p style=\"text-align:center\"><span style=\";font-family:宋体\">1</span></p></td><td width=\"176\" style=\"border-top-style: none; border-left-style: none; border-bottom-color: black; border-bottom-width: 1px; border-right-color: black; border-right-width: 1px; padding: 0px 7px;\" height=\"40\"><p><span style=\"font-family: 宋体\">人员上岗获得总部培训</span></p></td><td width=\"157\" style=\"border-top-style: none; border-left-style: none; border-bottom-color: black; border-bottom-width: 1px; border-right-color: black; border-right-width: 1px; padding: 0px 7px;\" height=\"40\"><p><span style=\"font-family: 宋体\">1000</span><span style=\"font-family: 宋体\">分/人</span></p></td><td width=\"132\" valign=\"top\" style=\"border-top-style: none; border-left-style: none; border-bottom-color: black; border-bottom-width: 1px; border-right-color: black; border-right-width: 1px; padding: 0px 7px;\" height=\"40\"><p><span style=\"font-size: 12px;font-family: 宋体\">未接收总部培训上岗的要处罚积分如何处罚,处罚标准</span></p></td></tr><tr style=\";height:24px\"><td width=\"56\" style=\"border-top-style: none; border-left-style: none; border-bottom-color: black; border-bottom-width: 1px; border-right-color: black; border-right-width: 1px; padding: 0px 7px;\" height=\"24\"><p style=\"text-align:center\"><span style=\";font-family:宋体\">2</span></p></td><td width=\"176\" style=\"border-top-style: none; border-left-style: none; border-bottom-color: black; border-bottom-width: 1px; border-right-color: black; border-right-width: 1px; padding: 0px 7px;\" height=\"24\"><p><span style=\";font-family:宋体\">媒体广告宣传投入</span></p></td><td width=\"157\" style=\"border-top-style: none; border-left-style: none; border-bottom-color: black; border-bottom-width: 1px; border-right-color: black; border-right-width: 1px; padding: 0px 7px;\" height=\"24\"><p><span style=\";font-family:宋体\">宣传费投入1元积1分</span></p></td><td width=\"132\" valign=\"top\" style=\"border-top-style: none; border-left-style: none; border-bottom-color: black; border-bottom-width: 1px; border-right-color: black; border-right-width: 1px; padding: 0px 7px;\" height=\"24\"><p><span style=\"font-size:12px;font-family:宋体\">投入前获得总部认可</span></p></td></tr><tr style=\";height:34px\"><td width=\"56\" style=\"border-top-style: none; border-left-style: none; border-bottom-color: black; border-bottom-width: 1px; border-right-color: black; border-right-width: 1px; padding: 0px 7px;\" height=\"34\"><p style=\"text-align:center\"><span style=\";font-family:宋体\">3</span></p></td><td width=\"176\" style=\"border-top-style: none; border-left-style: none; border-bottom-color: black; border-bottom-width: 1px; border-right-color: black; border-right-width: 1px; padding: 0px 7px;\" height=\"34\"><p><span style=\";font-family:宋体\">获得荣誉或媒体正面报道</span></p></td><td width=\"157\" style=\"border-top-style: none; border-left-style: none; border-bottom-color: black; border-bottom-width: 1px; border-right-color: black; border-right-width: 1px; padding: 0px 7px;\" height=\"34\"><p><span style=\";font-family:宋体\">1000-10000</span><span style=\";font-family:宋体\">分</span></p></td><td width=\"132\" valign=\"top\" style=\"border-top-style: none; border-left-style: none; border-bottom-color: black; border-bottom-width: 1px; border-right-color: black; border-right-width: 1px; padding: 0px 7px;\" height=\"34\"><br/></td></tr><tr style=\";height:37px\"><td width=\"56\" style=\"border-top-style: none; border-left-style: none; border-bottom-color: black; border-bottom-width: 1px; border-right-color: black; border-right-width: 1px; padding: 0px 7px;\" height=\"37\"><p style=\"text-align:center\"><span style=\";font-family:宋体\">4</span></p></td><td width=\"176\" style=\"border-top-style: none; border-left-style: none; border-bottom-color: black; border-bottom-width: 1px; border-right-color: black; border-right-width: 1px; padding: 0px 7px;\" height=\"37\"><p><span style=\";font-family:宋体\">向公司投稿</span></p></td><td width=\"157\" style=\"border-top-style: none; border-left-style: none; border-bottom-color: black; border-bottom-width: 1px; border-right-color: black; border-right-width: 1px; padding: 0px 7px;\" height=\"37\"><p><span style=\";font-family:宋体\">2000</span><span style=\";font-family:   宋体\">分/篇</span></p></td><td width=\"132\" valign=\"top\" style=\"border-top-style: none; border-left-style: none; border-bottom-color: black; border-bottom-width: 1px; border-right-color: black; border-right-width: 1px; padding: 0px 7px;\" height=\"37\"><p><span style=\"font-size:12px;font-family:宋体\">只要投还是要录用</span></p></td></tr><tr style=\";height:24px\"><td width=\"56\" style=\"border-top-style: none; border-left-style: none; border-bottom-color: black; border-bottom-width: 1px; border-right-color: black; border-right-width: 1px; padding: 0px 7px;\" height=\"24\"><p style=\"text-align:center\"><span style=\";font-family:宋体\">5</span></p></td><td width=\"176\" style=\"border-top-style: none; border-left-style: none; border-bottom-color: black; border-bottom-width: 1px; border-right-color: black; border-right-width: 1px; padding: 0px 7px;\" height=\"24\"><p><span style=\"font-family: 宋体\">向总部成功推荐总部技师</span></p></td><td width=\"157\" style=\"border-top-style: none; border-left-style: none; border-bottom-color: black; border-bottom-width: 1px; border-right-color: black; border-right-width: 1px; padding: 0px 7px;\" height=\"24\"><p style=\"line-height:24px\"><span style=\";font-family:宋体\">大工8000分</span></p><p style=\"line-height:24px\"><span style=\";font-family:宋体\">中工5000分</span></p><p><span style=\";font-family:宋体\">小工1000分</span></p></td><td width=\"132\" valign=\"top\" style=\"border-top-style: none; border-left-style: none; border-bottom-color: black; border-bottom-width: 1px; border-right-color: black; border-right-width: 1px; padding: 0px 7px;\" height=\"24\"><p><span style=\"font-size:12px;font-family:宋体\">到岗1个月后计算</span></p></td></tr><tr style=\";height:24px\"><td width=\"56\" style=\"border-top-style: none; border-left-style: none; border-bottom-color: black; border-bottom-width: 1px; border-right-color: black; border-right-width: 1px; padding: 0px 7px;\" height=\"24\"><p style=\"text-align:center\"><span style=\";font-family:宋体\">6</span></p></td><td width=\"176\" style=\"border-top-style: none; border-left-style: none; border-bottom-color: black; border-bottom-width: 1px; border-right-color: black; border-right-width: 1px; padding: 0px 7px;\" height=\"24\"><p><span style=\";font-family:宋体\">有效配方提供</span></p></td><td width=\"157\" style=\"border-top-style: none; border-left-style: none; border-bottom-color: black; border-bottom-width: 1px; border-right-color: black; border-right-width: 1px; padding: 0px 7px;\" height=\"24\"><p><span style=\";font-family:宋体\">200</span><span style=\";font-family:   宋体\">分/个</span></p></td><td width=\"132\" valign=\"top\" style=\"border-top-style: none; border-left-style: none; border-bottom-color: black; border-bottom-width: 1px; border-right-color: black; border-right-width: 1px; padding: 0px 7px;\" height=\"24\"><p><span style=\";font-family:宋体\">总部需要审核</span></p></td></tr><tr style=\";height:24px\"><td width=\"56\" style=\"border-top-style: none; border-left-style: none; border-bottom-color: black; border-bottom-width: 1px; border-right-color: black; border-right-width: 1px; padding: 0px 7px;\" height=\"24\"><p style=\"text-align:center\"><span style=\";font-family:宋体\">7</span></p></td><td width=\"176\" style=\"border-top-style: none; border-left-style: none; border-bottom-color: black; border-bottom-width: 1px; border-right-color: black; border-right-width: 1px; padding: 0px 7px;\" height=\"24\"><p><span style=\";font-family:宋体\">无客户投诉</span></p></td><td width=\"157\" style=\"border-top-style: none; border-left-style: none; border-bottom-color: black; border-bottom-width: 1px; border-right-color: black; border-right-width: 1px; padding: 0px 7px;\" height=\"24\"><p><span style=\";font-family:宋体\">1000</span><span style=\";font-family:   宋体\">分/月</span></p></td><td width=\"132\" valign=\"top\" style=\"border-top-style: none; border-left-style: none; border-bottom-color: black; border-bottom-width: 1px; border-right-color: black; border-right-width: 1px; padding: 0px 7px;\" height=\"24\"><br/></td></tr><tr style=\";height:24px\"><td width=\"56\" style=\"border-top-style: none; border-left-style: none; border-bottom-color: black; border-bottom-width: 1px; border-right-color: black; border-right-width: 1px; padding: 0px 7px;\" height=\"24\"><p style=\"text-align:center\"><span style=\";font-family:宋体\">8</span></p></td><td width=\"176\" style=\"border-top-style: none; border-left-style: none; border-bottom-color: black; border-bottom-width: 1px; border-right-color: black; border-right-width: 1px; padding: 0px 7px;\" height=\"24\"><p><span style=\";font-family:宋体\">有效建议（管理、业务）</span></p></td><td width=\"157\" style=\"border-top-style: none; border-left-style: none; border-bottom-color: black; border-bottom-width: 1px; border-right-color: black; border-right-width: 1px; padding: 0px 7px;\" height=\"24\"><p><span style=\";font-family:宋体\">根据具体情况而定</span></p></td><td width=\"132\" valign=\"top\" style=\"border-top-style: none; border-left-style: none; border-bottom-color: black; border-bottom-width: 1px; border-right-color: black; border-right-width: 1px; padding: 0px 7px;\" height=\"24\"><br/></td></tr><tr style=\";height:24px\"><td width=\"56\" style=\"border-top-style: none; border-left-style: none; border-bottom-color: black; border-bottom-width: 1px; border-right-color: black; border-right-width: 1px; padding: 0px 7px;\" height=\"24\"><p style=\"text-align:center\"><span style=\";font-family:宋体\">9</span></p></td><td width=\"176\" style=\"border-top-style: none; border-left-style: none; border-bottom-color: black; border-bottom-width: 1px; border-right-color: black; border-right-width: 1px; padding: 0px 7px;\" height=\"24\"><p><span style=\";font-family:宋体\">参加总部组织的各类活动</span></p></td><td width=\"157\" style=\"border-top-style: none; border-left-style: none; border-bottom-color: black; border-bottom-width: 1px; border-right-color: black; border-right-width: 1px; padding: 0px 7px;\" height=\"24\"><p><span style=\";font-family:宋体\">根据具体情况而定</span></p></td><td width=\"132\" valign=\"top\" style=\"border-top-style: none; border-left-style: none; border-bottom-color: black; border-bottom-width: 1px; border-right-color: black; border-right-width: 1px; padding: 0px 7px;\" height=\"24\"><br/></td></tr><tr style=\";height:24px\"><td width=\"56\" style=\"border-top-style: none; border-left-style: none; border-bottom-color: black; border-bottom-width: 1px; border-right-color: black; border-right-width: 1px; padding: 0px 7px;\" height=\"24\"><p style=\"text-align:center\"><span style=\";font-family:宋体\">10</span></p></td><td width=\"176\" style=\"border-top-style: none; border-left-style: none; border-bottom-color: black; border-bottom-width: 1px; border-right-color: black; border-right-width: 1px; padding: 0px 7px;\" height=\"24\"><p><span style=\";font-family:宋体\">获得月度优秀门店</span></p></td><td width=\"157\" style=\"border-top-style: none; border-left-style: none; border-bottom-color: black; border-bottom-width: 1px; border-right-color: black; border-right-width: 1px; padding: 0px 7px;\" height=\"24\"><p><span style=\";font-family:宋体\">1000</span><span style=\";font-family:   宋体\">分/店</span></p></td><td width=\"132\" valign=\"top\" style=\"border-top-style: none; border-left-style: none; border-bottom-color: black; border-bottom-width: 1px; border-right-color: black; border-right-width: 1px; padding: 0px 7px;\" height=\"24\"><br/></td></tr><tr style=\";height:24px\"><td width=\"56\" style=\"border-top-style: none; border-left-style: none; border-bottom-color: black; border-bottom-width: 1px; border-right-color: black; border-right-width: 1px; padding: 0px 7px;\" height=\"24\"><p style=\"text-align:center\"><span style=\";font-family:宋体\">11</span></p></td><td width=\"176\" style=\"border-top-style: none; border-left-style: none; border-bottom-color: black; border-bottom-width: 1px; border-right-color: black; border-right-width: 1px; padding: 0px 7px;\" height=\"24\"><p><span style=\";font-family:宋体\">获得季度优秀门店</span></p></td><td width=\"157\" valign=\"top\" style=\"border-top-style: none; border-left-style: none; border-bottom-color: black; border-bottom-width: 1px; border-right-color: black; border-right-width: 1px; padding: 0px 7px;\" height=\"24\"><p><span style=\";font-family:宋体\">3000</span><span style=\";font-family:   宋体\">分/店</span></p></td><td width=\"132\" valign=\"top\" style=\"border-top-style: none; border-left-style: none; border-bottom-color: black; border-bottom-width: 1px; border-right-color: black; border-right-width: 1px; padding: 0px 7px;\" height=\"24\"><br/></td></tr><tr style=\";height:24px\"><td width=\"56\" style=\"border-top-style: none; border-left-style: none; border-bottom-color: black; border-bottom-width: 1px; border-right-color: black; border-right-width: 1px; padding: 0px 7px;\" height=\"24\"><p style=\"text-align:center\"><span style=\";font-family:宋体\">12</span></p></td><td width=\"176\" style=\"border-top-style: none; border-left-style: none; border-bottom-color: black; border-bottom-width: 1px; border-right-color: black; border-right-width: 1px; padding: 0px 7px;\" height=\"24\"><p><span style=\";font-family:宋体\">获得年度优秀门店</span></p></td><td width=\"157\" valign=\"top\" style=\"border-top-style: none; border-left-style: none; border-bottom-color: black; border-bottom-width: 1px; border-right-color: black; border-right-width: 1px; padding: 0px 7px;\" height=\"24\"><p><span style=\";font-family:宋体\">10000</span><span style=\";font-family:宋体\">分/店</span></p></td><td width=\"132\" valign=\"top\" style=\"border-top-style: none; border-left-style: none; border-bottom-color: black; border-bottom-width: 1px; border-right-color: black; border-right-width: 1px; padding: 0px 7px;\" height=\"24\"><br/></td></tr><tr style=\";height:24px\"><td width=\"56\" style=\"border-top-style: none; border-left-style: none; border-bottom-color: black; border-bottom-width: 1px; border-right-color: black; border-right-width: 1px; padding: 0px 7px;\" height=\"24\"><p style=\"text-align:center\"><span style=\";font-family:宋体\">13</span></p></td><td width=\"176\" style=\"border-top-style: none; border-left-style: none; border-bottom-color: black; border-bottom-width: 1px; border-right-color: black; border-right-width: 1px; padding: 0px 7px;\" height=\"24\"><p><span style=\";font-family:宋体\">获得年度优秀店长</span></p></td><td width=\"157\" valign=\"top\" style=\"border-top-style: none; border-left-style: none; border-bottom-color: black; border-bottom-width: 1px; border-right-color: black; border-right-width: 1px; padding: 0px 7px;\" height=\"24\"><p><span style=\";font-family:宋体\">5000</span><span style=\";font-family:   宋体\">分/名</span></p></td><td width=\"132\" valign=\"top\" style=\"border-top-style: none; border-left-style: none; border-bottom-color: black; border-bottom-width: 1px; border-right-color: black; border-right-width: 1px; padding: 0px 7px;\" height=\"24\"><br/></td></tr><tr style=\";height:24px\"><td width=\"56\" style=\"border-top-style: none; border-left-style: none; border-bottom-color: black; border-bottom-width: 1px; border-right-color: black; border-right-width: 1px; padding: 0px 7px;\" height=\"24\"><p style=\"text-align:center\"><span style=\";font-family:宋体\">14</span></p></td><td width=\"176\" style=\"border-top-style: none; border-left-style: none; border-bottom-color: black; border-bottom-width: 1px; border-right-color: black; border-right-width: 1px; padding: 0px 7px;\" height=\"24\"><p><span style=\";font-family:宋体\">获得年度优秀技师</span></p></td><td width=\"157\" valign=\"top\" style=\"border-top-style: none; border-left-style: none; border-bottom-color: black; border-bottom-width: 1px; border-right-color: black; border-right-width: 1px; padding: 0px 7px;\" height=\"24\"><p><span style=\";font-family:宋体\">5000</span><span style=\";font-family:   宋体\">分/名</span></p></td><td width=\"132\" valign=\"top\" style=\"border-top-style: none; border-left-style: none; border-bottom-color: black; border-bottom-width: 1px; border-right-color: black; border-right-width: 1px; padding: 0px 7px;\" height=\"24\"><br/></td></tr><tr style=\";height:24px\"><td width=\"137\" style=\"border-right-color: black; border-bottom-color: black; border-left-color: black; border-right-width: 1px; border-bottom-width: 1px; border-left-width: 1px; border-top-style: none; padding: 0px 7px;\" height=\"24\"><p><strong><span style=\";font-family:宋体\">五、其它</span></strong></p></td><td width=\"56\" style=\"border-top-style: none; border-left-style: none; border-bottom-color: black; border-bottom-width: 1px; border-right-color: black; border-right-width: 1px; padding: 0px 7px;\" height=\"24\"><p style=\"text-align:center\"><span style=\";font-family:宋体\">1</span></p></td><td width=\"176\" style=\"border-top-style: none; border-left-style: none; border-bottom-color: black; border-bottom-width: 1px; border-right-color: black; border-right-width: 1px; padding: 0px 7px;\" height=\"24\"><p><span style=\";font-family:宋体\">用现金购买积分</span></p></td><td width=\"157\" style=\"border-top-style: none; border-left-style: none; border-bottom-color: black; border-bottom-width: 1px; border-right-color: black; border-right-width: 1px; padding: 0px 7px;\" height=\"24\"><p><span style=\";font-family:宋体\">1</span><span style=\";font-family:   宋体\">元积100分</span></p></td><td width=\"132\" valign=\"top\" style=\"border-top-style: none; border-left-style: none; border-bottom-color: black; border-bottom-width: 1px; border-right-color: black; border-right-width: 1px; padding: 0px 7px;\" height=\"24\"><br/></td></tr></tbody></table><p><span style=\";font-family:宋体\">&nbsp;</span></p><p style=\"line-height:20px\"><strong><span style=\";font-family:宋体\">4.3</span></strong><strong><span style=\";font-family:宋体\">、门店积分的兑换和核定标准</span></strong></p><p style=\"line-height:20px\"><span style=\";font-family:宋体\">总部的各项有偿服务或商品、材料都有明确的货币定价，门店可以用积分进行兑换积分可累计使用。</span></p><p style=\"line-height:20px\"><strong><span style=\";font-family:宋体\">具体说明</span></strong><span style=\";font-family:宋体\">：</span></p><p style=\"line-height:20px\"><span style=\";font-family:宋体\">1</span><span style=\";font-family: 宋体\">、每</span>1<span style=\";font-family:宋体\">元可获得100积分，积分可兑换使用标准中的任何有偿服务或商品。2、积分兑换的标准为100分兑换1元；</span></p><p style=\"line-height:20px\"><span style=\";font-family:宋体\">具体标准如下：</span></p><p style=\"text-align: center;\"><strong><span style=\"font-size:16px;font-family: 宋体\">积分的具体使用</span></strong></p><p><br/></p><p><br/></p><p>&lt;td width=&quot;170&quot; style=&quot;border-top-style: none; border-left-style: none; border-bottom-color: windowtext; border-bottom-width: 1px; border-right-color: windo</p><table cellspacing=\"0\" cellpadding=\"0\" width=\"613\"><tbody><tr style=\";height:26px\" class=\"firstRow\"><td width=\"206\" colspan=\"2\" style=\"border-color: windowtext; border-width: 1px; padding: 0px 7px;\" height=\"26\"><p style=\"text-align:center\"><strong><span style=\";font-family:宋体\">服务项目</span></strong></p></td><td width=\"75\" style=\"border-top-color: windowtext; border-right-color: windowtext; border-bottom-color: windowtext; border-top-width: 1px; border-right-width: 1px; border-bottom-width: 1px; border-left-style: none; padding: 0px 7px;\" height=\"26\"><p style=\"text-align:center\"><strong><span style=\";font-family:宋体\">货币定价</span></strong></p></td><td width=\"124\" style=\"border-top-color: windowtext; border-right-color: windowtext; border-bottom-color: windowtext; border-top-width: 1px; border-right-width: 1px; border-bottom-width: 1px; border-left-style: none; padding: 0px 7px;\" height=\"26\"><p style=\"text-align:center\"><strong><span style=\";font-family:宋体\">积分兑换标准</span></strong></p></td><td width=\"170\" style=\"border-top-color: windowtext; border-right-color: windowtext; border-bottom-color: windowtext; border-top-width: 1px; border-right-width: 1px; border-bottom-width: 1px; border-left-style: none; padding: 0px;\" height=\"26\"><p style=\"text-align:center\"><strong><span style=\";font-family:宋体\">备注</span></strong></p></td></tr><tr><td width=\"206\" colspan=\"2\" style=\"border-right-color: windowtext; border-bottom-color: windowtext; border-left-color: windowtext; border-right-width: 1px; border-bottom-width: 1px; border-left-width: 1px; border-top-style: none; padding: 0px 7px;\"><p>1<span style=\";font-family:宋体\">、推荐大工（喷漆和钣金）</span></p></td><td width=\"75\" style=\"border-top-style: none; border-left-style: none; border-bottom-color: windowtext; border-bottom-width: 1px; border-right-color: windowtext; border-right-width: 1px; padding: 0px 7px;\"><p style=\"text-align:center\">500<span style=\";font-family:宋体\">元</span>/<span style=\";font-family:宋体\">人次</span></p></td><td width=\"124\" style=\"border-top-style: none; border-left-style: none; border-bottom-color: windowtext; border-bottom-width: 1px; border-right-color: windowtext; border-right-width: 1px; padding: 0px 7px;\"><p style=\"text-align:center\">50000<span style=\";font-family:宋体\">分</span>/<span style=\";font-family:宋体\">人次</span></p></td><td width=\"170\" style=\"border-top-style: none; border-left-style: none; border-bottom-color: windowtext; border-bottom-width: 1px; border-right-color: windowtext; border-right-width: 1px; padding: 0px;\"><p><span style=\";font-family:宋体\">总部技术部需技术评定</span></p></td></tr><tr><td width=\"206\" colspan=\"2\" style=\"border-right-color: windowtext; border-bottom-color: windowtext; border-left-color: windowtext; border-right-width: 1px; border-bottom-width: 1px; border-left-width: 1px; border-top-style: none; padding: 0px 7px;\"><p>2<span style=\";font-family:宋体\">、推荐中工（喷漆和钣金）</span></p></td><td width=\"75\" style=\"border-top-style: none; border-left-style: none; border-bottom-color: windowtext; border-bottom-width: 1px; border-right-color: windowtext; border-right-width: 1px; padding: 0px 7px;\"><p style=\"text-align:center\">300<span style=\";font-family:宋体\">元</span>/<span style=\";font-family:宋体\">人次</span></p></td><td width=\"124\" style=\"border-top-style: none; border-left-style: none; border-bottom-color: windowtext; border-bottom-width: 1px; border-right-color: windowtext; border-right-width: 1px; padding: 0px 7px;\"><p style=\"text-align:center\">30000<span style=\";font-family:宋体\">分</span>/<span style=\";font-family:宋体\">人次</span></p></td><td width=\"170\" style=\"border-top-style: none; border-left-style: none; border-bottom-color: windowtext; border-bottom-width: 1px; border-right-color: windowtext; border-right-width: 1px; padding: 0px;\"><p><span style=\";font-family:宋体\">总部技术部需技术评定</span></p></td></tr><tr style=\";height:22px\"><td width=\"206\" colspan=\"2\" style=\"border-right-color: windowtext; border-bottom-color: windowtext; border-left-color: windowtext; border-right-width: 1px; border-bottom-width: 1px; border-left-width: 1px; border-top-style: none; padding: 0px 7px;\" height=\"22\"><p>3<span style=\";font-family:宋体\">、推荐熟练工或学徒</span></p></td><td width=\"75\" style=\"border-top-style: none; border-left-style: none; border-bottom-color: windowtext; border-bottom-width: 1px; border-right-color: windowtext; border-right-width: 1px; padding: 0px 7px;\" height=\"22\"><p style=\"text-align:center\">200<span style=\";font-family:宋体\">元</span>/<span style=\";font-family:宋体\">人次</span></p></td><td width=\"124\" style=\"border-top-style: none; border-left-style: none; border-bottom-color: windowtext; border-bottom-width: 1px; border-right-color: windowtext; border-right-width: 1px; padding: 0px 7px;\" height=\"22\"><p style=\"text-align:center\">20000<span style=\";font-family:宋体\">分</span>/<span style=\";font-family:宋体\">人次</span></p></td><td width=\"170\" style=\"border-top-style: none; border-left-style: none; border-bottom-color: windowtext; border-bottom-width: 1px; border-right-color: windowtext; border-right-width: 1px; padding: 0px;\" height=\"22\"><br/></td></tr><tr><td width=\"206\" colspan=\"2\" style=\"border-right-color: windowtext; border-bottom-color: windowtext; border-left-color: windowtext; border-right-width: 1px; border-bottom-width: 1px; border-left-width: 1px; border-top-style: none; padding: 0px 7px;\"><p>4<span style=\";font-family:宋体\">、新店开业培训</span></p></td><td width=\"75\" style=\"border-top-style: none; border-left-style: none; border-bottom-color: windowtext; border-bottom-width: 1px; border-right-color: windowtext; border-right-width: 1px; padding: 0px 7px;\"><p style=\"text-align:center\">10000<span style=\";font-family:宋体\">元</span>/<span style=\";font-family:宋体\">店</span>/<span style=\";font-family:宋体\">次</span></p></td><td width=\"124\" style=\"border-top-style: none; border-left-style: none; border-bottom-color: windowtext; border-bottom-width: 1px; border-right-color: windowtext; border-right-width: 1px; padding: 0px 7px;\"><p style=\"text-align:center\">1000000<span style=\";font-family:宋体\">分</span>/<span style=\";font-family:宋体\">店</span>/<span style=\";font-family:宋体\">次</span></p></td><td width=\"170\" valign=\"top\" style=\"border-top-style: none; border-left-style: none; border-bottom-color: windowtext; border-bottom-width: 1px; border-right-color: windowtext; border-right-width: 1px; padding: 0px;\"><p><span style=\";font-family:宋体\">二周时间</span></p></td></tr><tr><td width=\"206\" colspan=\"2\" style=\"border-right-color: windowtext; border-bottom-color: windowtext; border-left-color: windowtext; border-right-width: 1px; border-bottom-width: 1px; border-left-width: 1px; border-top-style: none; padding: 0px 7px;\"><p>5<span style=\";font-family:宋体\">、技术培训（全套）</span></p></td><td width=\"75\" style=\"border-top-style: none; border-left-style: none; border-bottom-color: windowtext; border-bottom-width: 1px; border-right-color: windowtext; border-right-width: 1px; padding: 0px 7px;\"><p style=\"text-align:center;line-height:24px\">2000<span style=\";font-family:宋体\">元</span>/<span style=\";font-family:宋体\">人次</span></p></td><td width=\"124\" style=\"border-top-style: none; border-left-style: none; border-bottom-color: windowtext; border-bottom-width: 1px; border-right-color: windowtext; border-right-width: 1px; padding: 0px 7px;\"><p style=\"text-align:center;line-height:24px\">200000<span style=\";font-family:宋体\">分</span>/<span style=\";font-family:宋体\">人次</span></p></td><td width=\"170\" style=\"border-top-style: none; border-left-style: none; border-bottom-color: windowtext; border-bottom-width: 1px; border-right-color: windowtext; border-right-width: 1px; padding: 0px;\"><br/></td></tr><tr><td width=\"206\" colspan=\"2\" style=\"border-right-color: windowtext; border-bottom-color: windowtext; border-left-color: windowtext; border-right-width: 1px; border-bottom-width: 1px; border-left-width: 1px; border-top-style: none; padding: 0px 7px;\"><p>6<span style=\";font-family:宋体\">、技术培训（调漆）</span></p></td><td width=\"75\" style=\"border-top-style: none; border-left-style: none; border-bottom-color: windowtext; border-bottom-width: 1px; border-right-color: windowtext; border-right-width: 1px; padding: 0px 7px;\"><p style=\"text-align:center\">1000<span style=\";font-family:宋体\">元</span>/<span style=\";font-family:宋体\">人次</span></p></td><td width=\"124\" style=\"border-top-style: none; border-left-style: none; border-bottom-color: windowtext; border-bottom-width: 1px; border-right-color: windowtext; border-right-width: 1px; padding: 0px 7px;\"><p style=\"text-align:center\">100000<span style=\";font-family:宋体\">分</span>/<span style=\";font-family:宋体\">人次</span></p></td><td width=\"170\" style=\"border-top-style: none; border-left-style: none; border-bottom-color: windowtext; border-bottom-width: 1px; border-right-color: windowtext; border-right-width: 1px; padding: 0px;\"><p><span style=\";font-family:宋体\">一周时间</span></p></td></tr><tr><td width=\"206\" colspan=\"2\" style=\"border-right-color: windowtext; border-bottom-color: windowtext; border-left-color: windowtext; border-right-width: 1px; border-bottom-width: 1px; border-left-width: 1px; border-top-style: none; padding: 0px 7px;\"><p>7<span style=\";font-family:宋体\">、技术培训（喷涂）</span></p></td><td width=\"75\" style=\"border-top-style: none; border-left-style: none; border-bottom-color: windowtext; border-bottom-width: 1px; border-right-color: windowtext; border-right-width: 1px; padding: 0px 7px;\"><p style=\"text-align:center\">800<span style=\";font-family:宋体\">元</span>/<span style=\";font-family:宋体\">人次</span></p></td><td width=\"124\" style=\"border-top-style: none; border-left-style: none; border-bottom-color: windowtext; border-bottom-width: 1px; border-right-color: windowtext; border-right-width: 1px; padding: 0px 7px;\"><p style=\"text-align:center\">80000<span style=\";font-family:宋体\">分</span>/<span style=\";font-family:宋体\">人次</span></p></td><td width=\"170\" style=\"border-top-style: none; border-left-style: none; border-bottom-color: windowtext; border-bottom-width: 1px; border-right-color: windowtext; border-right-width: 1px; padding: 0px;\"><p><span style=\";font-family:宋体\">四天时间</span></p></td></tr><tr><td width=\"206\" colspan=\"2\" style=\"border-right-color: windowtext; border-bottom-color: windowtext; border-left-color: windowtext; border-right-width: 1px; border-bottom-width: 1px; border-left-width: 1px; border-top-style: none; padding: 0px 7px;\"><p>8<span style=\";font-family:宋体\">、特效漆培训（全套）</span></p></td><td width=\"75\" style=\"border-top-style: none; border-left-style: none; border-bottom-color: windowtext; border-bottom-width: 1px; border-right-color: windowtext; border-right-width: 1px; padding: 0px 7px;\"><p style=\"text-align:center\">2000<span style=\";font-family:宋体\">元</span>/<span style=\";font-family:宋体\">人次</span></p></td><td width=\"124\" style=\"border-top-style: none; border-left-style: none; border-bottom-color: windowtext; border-bottom-width: 1px; border-right-color: windowtext; border-right-width: 1px; padding: 0px 7px;\"><p style=\"text-align:center\">200000<span style=\";font-family:宋体\">分</span>/<span style=\";font-family:宋体\">人次</span></p></td><td width=\"170\" style=\"border-top-style: none; border-left-style: none; border-bottom-color: windowtext; border-bottom-width: 1px; border-right-color: windowtext; border-right-width: 1px; padding: 0px;\"><p><span style=\";font-family:宋体\">一周时间</span></p></td></tr><tr><td width=\"206\" colspan=\"2\" style=\"border-right-color: windowtext; border-bottom-color: windowtext; border-left-color: windowtext; border-right-width: 1px; border-bottom-width: 1px; border-left-width: 1px; border-top-style: none; padding: 0px 7px;\"><p>9<span style=\";font-family:宋体\">、钣金培训</span></p></td><td width=\"75\" style=\"border-top-style: none; border-left-style: none; border-bottom-color: windowtext; border-bottom-width: 1px; border-right-color: windowtext; border-right-width: 1px; padding: 0px 7px;\"><p style=\"text-align:center\">800<span style=\";font-family:宋体\">元</span>/<span style=\";font-family:宋体\">人次</span></p></td><td width=\"124\" style=\"border-top-style: none; border-left-style: none; border-bottom-color: windowtext; border-bottom-width: 1px; border-right-color: windowtext; border-right-width: 1px; padding: 0px 7px;\"><p style=\"text-align:center\">80000<span style=\";font-family:宋体\">分</span>/<span style=\";font-family:宋体\">人次</span></p></td><td width=\"170\" style=\"border-top-style: none; border-left-style: none; border-bottom-color: windowtext; border-bottom-width: 1px; border-right-color: windowtext; border-right-width: 1px; padding: 0px;\"><p><span style=\";font-family:宋体\">四天时间</span></p></td></tr><tr><td width=\"206\" colspan=\"2\" style=\"border-right-color: windowtext; border-bottom-color: windowtext; border-left-color: windowtext; border-right-width: 1px; border-bottom-width: 1px; border-left-width: 1px; border-top-style: none; padding: 0px 7px;\"><p>10<span style=\";font-family:宋体\">、美容培训</span></p></td><td width=\"75\" style=\"border-top-style: none; border-left-style: none; border-bottom-color: windowtext; border-bottom-width: 1px; border-right-color: windowtext; border-right-width: 1px; padding: 0px 7px;\"><p style=\"text-align:center\">500<span style=\";font-family:宋体\">元</span>/<span style=\";font-family:宋体\">人次</span></p></td><td width=\"124\" style=\"border-top-style: none; border-left-style: none; border-bottom-color: windowtext; border-bottom-width: 1px; border-right-color: windowtext; border-right-width: 1px; padding: 0px 7px;\"><p style=\"text-align:center\">50000<span style=\";font-family:宋体\">分</span>/<span style=\";font-family:宋体\">人次</span></p></td><td width=\"170\" style=\"border-top-style: none; border-left-style: none; border-bottom-color: windowtext; border-bottom-width: 1px; border-right-color: windowtext; border-right-width: 1px; padding: 0px;\"><p><span style=\";font-family:宋体\">四天时间</span></p></td></tr><tr><td width=\"206\" colspan=\"2\" style=\"border-right-color: windowtext; border-bottom-color: windowtext; border-left-color: windowtext; border-right-width: 1px; border-bottom-width: 1px; border-left-width: 1px; border-top-style: none; padding: 0px 7px;\"><p>11<span style=\"font-family: 宋体\">、营运现场指导（日常）</span></p></td><td width=\"75\" style=\"border-top-style: none; border-left-style: none; border-bottom-color: windowtext; border-bottom-width: 1px; border-right-color: windowtext; border-right-width: 1px; padding: 0px 7px;\"><p style=\"text-align:center\">350<span style=\"font-family: 宋体\">元</span>/<span style=\"font-family: 宋体\">天</span>/<span style=\"font-family: 宋体\">人</span></p></td><td width=\"124\" style=\"border-top-style: none; border-left-style: none; border-bottom-color: windowtext; border-bottom-width: 1px; border-right-color: windowtext; border-right-width: 1px; padding: 0px 7px;\"><p style=\"text-align:center\">35000<span style=\"font-family: 宋体\">分</span>/<span style=\"font-family: 宋体\">天</span>/<span style=\"font-family: 宋体\">人</span></p></td><td width=\"170\" style=\"border-top-style: none; border-left-style: none; border-bottom-color: windowtext; border-bottom-width: 1px; border-right-color: windowtext; border-right-width: 1px; padding: 0px;\"><p><span style=\";font-family:宋体\">根据门店需求</span></p></td></tr><tr><td width=\"206\" colspan=\"2\" style=\"border-right-color: windowtext; border-bottom-color: windowtext; border-left-color: windowtext; border-right-width: 1px; border-bottom-width: 1px; border-left-width: 1px; border-top-style: none; padding: 0px 7px;\"><p>12<span style=\"font-family: 宋体\">、技术现场所指导（日常）</span></p></td><td width=\"75\" style=\"border-top-style: none; border-left-style: none; border-bottom-color: windowtext; border-bottom-width: 1px; border-right-color: windowtext; border-right-width: 1px; padding: 0px 7px;\"><p style=\"text-align:center\">350<span style=\"font-family: 宋体\">元</span>/<span style=\"font-family: 宋体\">天</span>/<span style=\"font-family: 宋体\">人</span></p></td><td width=\"124\" style=\"border-top-style: none; border-left-style: none; border-bottom-color: windowtext; border-bottom-width: 1px; border-right-color: windowtext; border-right-width: 1px; padding: 0px 7px;\"><p style=\"text-align:center\">35000<span style=\"font-family: 宋体\">分</span>/<span style=\"font-family: 宋体\">天</span>/<span style=\"font-family: 宋体\">人</span></p></td><td width=\"170\" style=\"border-top-style: none; border-left-style: none; border-bottom-color: windowtext; border-bottom-width: 1px; border-right-color: windowtext; border-right-width: 1px; padding: 0px;\"><p><span style=\";font-family:宋体\">根据门店需求</span></p></td></tr><tr><td width=\"206\" colspan=\"2\" style=\"border-right-color: windowtext; border-bottom-color: windowtext; border-left-color: windowtext; border-right-width: 1px; border-bottom-width: 1px; border-left-width: 1px; border-top-style: none; padding: 0px 7px;\"><p>13<span style=\"font-family: 宋体\">、营销现场指导</span>(<span style=\"font-family: 宋体\">日常</span>)</p></td><td width=\"75\" style=\"border-top-style: none; border-left-style: none; border-bottom-color: windowtext; border-bottom-width: 1px; border-right-color: windowtext; border-right-width: 1px; padding: 0px 7px;\"><p style=\"text-align:center\">350<span style=\"font-family: 宋体\">元</span>/<span style=\"font-family: 宋体\">天</span>/<span style=\"font-family: 宋体\">人</span></p></td><td width=\"124\" style=\"border-top-style: none; border-left-style: none; border-bottom-color: windowtext; border-bottom-width: 1px; border-right-color: windowtext; border-right-width: 1px; padding: 0px 7px;\"><p style=\"text-align:center\">35000<span style=\"font-family: 宋体\">分</span>/<span style=\"font-family: 宋体\">天</span>/<span style=\"font-family: 宋体\">人</span></p></td><td width=\"170\" style=\"border-top-style: none; border-left-style: none; border-bottom-color: windowtext; border-bottom-width: 1px; border-right-color: windowtext; border-right-width: 1px; padding: 0px;\"><br/></td></tr><tr style=\";height:21px\"><td width=\"103\" nowrap=\"\" rowspan=\"5\" style=\"border-right-color: windowtext; border-bottom-color: windowtext; border-left-color: windowtext; border-right-width: 1px; border-bottom-width: 1px; border-left-width: 1px; border-top-style: none; padding: 1px 1px 0px;\" height=\"21\"><p>14<span style=\"font-family: 宋体\">、技术支援</span></p></td><td width=\"103\" style=\"border-top-style: none; border-left-style: none; border-bottom-color: windowtext; border-bottom-width: 1px; border-right-color: windowtext; border-right-width: 1px; padding: 1px 1px 0px;\" height=\"21\"><p><span style=\"font-family: 宋体\">技术导师</span></p></td><td width=\"75\" nowrap=\"\" style=\"border-top-style: none; border-left-style: none; border-bottom-color: windowtext; border-bottom-width: 1px; border-right-color: windowtext; border-right-width: 1px; padding: 1px 1px 0px;\" height=\"21\"><p style=\"text-align:center\">350<span style=\"font-family: 宋体\">元</span>/<span style=\"font-family: 宋体\">天</span>/<span style=\"font-family: 宋体\">人</span></p></td><td width=\"124\" nowrap=\"\" style=\"border-top-style: none; border-left-style: none; border-bottom-color: windowtext; border-bottom-width: 1px; border-right-color: windowtext; border-right-width: 1px; padding: 1px 1px 0px;\" height=\"21\"><p style=\"text-align:center\">35000<span style=\"font-family: 宋体\">分</span>/<span style=\"font-family: 宋体\">天</span>/<span style=\"font-family: 宋体\">人</span></p></td><td width=\"170\" style=\"border-top-style: none; border-left-style: none; border-bottom-color: windowtext; border-bottom-width: 1px; border-right-color: windowtext; border-right-width: 1px; padding: 0px;\" height=\"21\"><br/></td></tr><tr style=\";height:18px\"><td width=\"103\" style=\"border-top-style: none; border-left-style: none; border-bottom-color: windowtext; border-bottom-width: 1px; border-right-color: windowtext; border-right-width: 1px; padding: 1px 1px 0px;\" height=\"18\"><p><span style=\"font-family: 宋体\">技术支持人员</span></p></td><td width=\"75\" nowrap=\"\" style=\"border-top-style: none; border-left-style: none; border-bottom-color: windowtext; border-bottom-width: 1px; border-right-color: windowtext; border-right-width: 1px; padding: 1px 1px 0px;\" height=\"18\"><p style=\"text-align:center\">300<span style=\"font-family: 宋体\">元</span>/<span style=\"font-family: 宋体\">天</span>/<span style=\"font-family: 宋体\">人</span></p></td><td width=\"124\" nowrap=\"\" style=\"border-top-style: none; border-left-style: none; border-bottom-color: windowtext; border-bottom-width: 1px; border-right-color: windowtext; border-right-width: 1px; padding: 1px 1px 0px;\" height=\"18\"><p style=\"text-align:center\">30000<span style=\"font-family: 宋体\">分</span>/<span style=\"font-family: 宋体\">天</span>/<span style=\"font-family: 宋体\">人</span></p></td><td width=\"170\" style=\"border-top-style: none; border-left-style: none; border-bottom-color: windowtext; border-bottom-width: 1px; border-right-color: windowtext; border-right-width: 1px; padding: 0px;\" height=\"18\"><br/></td></tr><tr style=\";height:24px\"><td width=\"103\" style=\"border-top-style: none; border-left-style: none; border-bottom-color: windowtext; border-bottom-width: 1px; border-right-color: windowtext; border-right-width: 1px; padding: 1px 1px 0px;\" height=\"24\"><p><span style=\"font-family: 宋体\">油漆大工</span></p></td><td width=\"75\" nowrap=\"\" style=\"border-top-style: none; border-left-style: none; border-bottom-color: windowtext; border-bottom-width: 1px; border-right-color: windowtext; border-right-width: 1px; padding: 1px 1px 0px;\" height=\"24\"><p style=\"text-align:center\">250<span style=\"font-family: 宋体\">元</span>/<span style=\"font-family: 宋体\">天</span>/<span style=\"font-family: 宋体\">人</span></p></td><td width=\"124\" nowrap=\"\" style=\"border-top-style: none; border-left-style: none; border-bottom-color: windowtext; border-bottom-width: 1px; border-right-color: windowtext; border-right-width: 1px; padding: 1px 1px 0px;\" height=\"24\"><p style=\"text-align:center\">25000<span style=\"font-family: 宋体\">分</span>/<span style=\"font-family: 宋体\">天</span>/<span style=\"font-family: 宋体\">人</span></p></td><td width=\"170\" style=\"border-top-style: none; border-left-style: none; border-bottom-color: windowtext; border-bottom-width: 1px; border-right-color: windowtext; border-right-width: 1px; padding: 0px;\" height=\"24\"><br/></td></tr><tr style=\";height:17px\"><td width=\"103\" style=\"border-top-style: none; border-left-style: none; border-bottom-color: windowtext; border-bottom-width: 1px; border-right-color: windowtext; border-right-width: 1px; padding: 1px 1px 0px;\" height=\"17\"><p><span style=\"font-family: 宋体\">油漆中工</span></p></td><td width=\"75\" nowrap=\"\" style=\"border-top-style: none; border-left-style: none; border-bottom-color: windowtext; border-bottom-width: 1px; border-right-color: windowtext; border-right-width: 1px; padding: 1px 1px 0px;\" height=\"17\"><p style=\"text-align:center\">200<span style=\"font-family: 宋体\">元</span>/<span style=\"font-family: 宋体\">天</span>/<span style=\"font-family: 宋体\">人</span></p></td><td width=\"124\" nowrap=\"\" style=\"border-top-style: none; border-left-style: none; border-bottom-color: windowtext; border-bottom-width: 1px; border-right-color: windowtext; border-right-width: 1px; padding: 1px 1px 0px;\" height=\"17\"><p style=\"text-align:center\">20000<span style=\"font-family: 宋体\">分</span>/<span style=\"font-family: 宋体\">天</span>/<span style=\"font-family: 宋体\">人</span></p></td><td width=\"170\" style=\"border-top-style: none; border-left-style: none; border-bottom-color: windowtext; border-bottom-width: 1px; border-right-color: windowtext; border-right-width: 1px; padding: 0px;\" height=\"17\"><br/></td></tr><tr style=\";height:23px\"><td width=\"103\" style=\"border-top-style: none; border-left-style: none; border-bottom-color: windowtext; border-bottom-width: 1px; border-right-color: windowtext; border-right-width: 1px; padding: 1px 1px 0px;\" height=\"23\"><p><span style=\"font-family: 宋体\">钣金工</span></p></td><td width=\"75\" nowrap=\"\" style=\"border-top-style: none; border-left-style: none; border-bottom-color: windowtext; border-bottom-width: 1px; border-right-color: windowtext; border-right-width: 1px; padding: 1px 1px 0px;\" height=\"23\"><p style=\"text-align:center\">200<span style=\"font-family: 宋体\">元</span>/<span style=\"font-family: 宋体\">天</span>/<span style=\"font-family: 宋体\">人</span></p></td><td width=\"124\" nowrap=\"\" style=\"border-top-style: none; border-left-style: none; border-bottom-color: windowtext; border-bottom-width: 1px; border-right-color: windowtext; border-right-width: 1px; padding: 1px 1px 0px;\" height=\"23\"><p style=\"text-align:center\">20000<span style=\"font-family: 宋体\">分</span>/<span style=\"font-family: 宋体\">天</span>/<span style=\"font-family: 宋体\">人</span></p></td><td width=\"170\" style=\"border-top-style: none; border-left-style: none; border-bottom-color: windowtext; border-bottom-width: 1px; border-right-color: windowtext; border-right-width: 1px; padding: 0px;\" height=\"23\"><br/></td></tr><tr style=\";height:21px\"><td width=\"206\" nowrap=\"\" colspan=\"2\" style=\"border-right-color: windowtext; border-bottom-color: windowtext; border-left-color: windowtext; border-right-width: 1px; border-bottom-width: 1px; border-left-width: 1px; border-top-style: none; padding: 1px 1px 0px;\" height=\"21\"><p>15<span style=\"font-family: 宋体\">、店址选择</span></p></td><td width=\"75\" nowrap=\"\" style=\"border-top-style: none; border-left-style: none; border-bottom-color: windowtext; border-bottom-width: 1px; border-right-color: windowtext; border-right-width: 1px; padding: 1px 1px 0px;\" height=\"21\"><br/></td><td width=\"124\" nowrap=\"\" style=\"border-top-style: none; border-left-style: none; border-bottom-color: windowtext; border-bottom-width: 1px; border-right-color: windowtext; border-right-width: 1px; padding: 1px 1px 0px;\" height=\"21\"><p style=\"text-align:center\">20000<span style=\"font-family: 宋体\">分</span></p></td><td width=\"170\" style=\"border-top-style: none; border-left-style: none; border-bottom-color: windowtext; border-bottom-width: 1px; border-right-color: windowtext; border-right-width: 1px; padding: 0px;\" height=\"21\"><p>2<span style=\";font-family:宋体\">次</span></p></td></tr><tr style=\";height:16px\"><td width=\"206\" nowrap=\"\" colspan=\"2\" style=\"border-right-color: windowtext; border-bottom-color: windowtext; border-left-color: windowtext; border-right-width: 1px; border-bottom-width: 1px; border-left-width: 1px; border-top-style: none; padding: 1px 1px 0px;\" height=\"16\"><p>16<span style=\";font-family:宋体\">、店面设计</span>/<span style=\";font-family:宋体\">指导</span>/<span style=\";font-family:宋体\">验收</span></p></td><td width=\"75\" nowrap=\"\" style=\"border-top-style: none; border-left-style: none; border-bottom-color: windowtext; border-bottom-width: 1px; border-right-color: windowtext; border-right-width: 1px; padding: 1px 1px 0px;\" height=\"16\"><br/></td><td width=\"124\" nowrap=\"\" style=\"border-top-style: none; border-left-style: none; border-bottom-color: windowtext; border-bottom-width: 1px; border-right-color: windowtext; border-right-width: 1px; padding: 1px 1px 0px;\" height=\"16\"><p style=\"text-align:center\">50000<span style=\";font-family:宋体\">分</span></p></td><td width=\"170\" style=\"border-top-style: none; border-left-style: none; border-bottom-color: windowtext; border-bottom-width: 1px; border-right-color: windowtext; border-right-width: 1px; padding: 0px;\" height=\"16\"><br/></td></tr><tr style=\";height:13px\"><td width=\"206\" nowrap=\"\" colspan=\"2\" style=\"border-right-color: windowtext; border-bottom-color: windowtext; border-left-color: windowtext; border-right-width: 1px; border-bottom-width: 1px; border-left-width: 1px; border-top-style: none; padding: 1px 1px 0px;\" height=\"13\"><p>17<span style=\";font-family:宋体\">、执照办理指导</span></p></td><td width=\"75\" nowrap=\"\" style=\"border-top-style: none; border-left-style: none; border-bottom-color: windowtext; border-bottom-width: 1px; border-right-color: windowtext; border-right-width: 1px; padding: 1px 1px 0px;\" height=\"13\"><br/></td><td width=\"124\" nowrap=\"\" style=\"border-top-style: none; border-left-style: none; border-bottom-color: windowtext; border-bottom-width: 1px; border-right-color: windowtext; border-right-width: 1px; padding: 1px 1px 0px;\" height=\"13\"><p style=\"text-align:center\">10000<span style=\";font-family:宋体\">分</span></p></td><td width=\"170\" style=\"border-top-style: none; border-left-style: none; border-bottom-color: windowtext; border-bottom-width: 1px; border-right-color: windowtext; border-right-width: 1px; padding: 0px;\" height=\"13\"><br/></td></tr><tr style=\";height:20px\"><td width=\"206\" nowrap=\"\" colspan=\"2\" style=\"border-right-color: windowtext; border-bottom-color: windowtext; border-left-color: windowtext; border-right-width: 1px; border-bottom-width: 1px; border-left-width: 1px; border-top-style: none; padding: 1px 1px 0px;\" height=\"20\"><p>18<span style=\";font-family:宋体\">、开业策划方案提供</span></p></td><td width=\"75\" nowrap=\"\" style=\"border-top-style: none; border-left-style: none; border-bottom-color: windowtext; border-bottom-width: 1px; border-right-color: windowtext; border-right-width: 1px; padding: 1px 1px 0px;\" height=\"20\"><br/></td><td width=\"124\" nowrap=\"\" style=\"border-top-style: none; border-left-style: none; border-bottom-color: windowtext; border-bottom-width: 1px; border-right-color: windowtext; border-right-width: 1px; padding: 1px 1px 0px;\" height=\"20\"><p style=\"text-align:center\">10000&lt;span style=&quot;;font-fami</p></td><td width=\"124\" nowrap=\"\" style=\"border-top-style: none; border-left-style: none; border-bottom-color: windowtext; border-bottom-width: 1px; border-right-color: windowtext; border-right-width: 1px; padding: 1px 1px 0px;\" height=\"20\"><br/></td></tr></tbody></table>'), ('194', '212', '<p style=\"padding: 0px; color: rgb(102, 102, 102); font-family: Arial, Verdana, 宋体; font-size: 12px; white-space: normal; background-color: rgb(255, 255, 255); line-height: 2em;\"><span style=\"padding: 0px; margin: 0px; font-size: 14px; font-family: 宋体, SimSun;\">第一条 &nbsp;为促进开放、透明、分享、责任、诚信的新商业文明，保障天汇城网站用户合法权益，维护天汇城网站正常经营秩序，特制定《天汇城网站平台规则》。</span></p><p style=\"padding: 0px; margin-bottom: 16px; color: rgb(102, 102, 102); font-family: Arial, Verdana, 宋体; font-size: 12px; white-space: normal; background-color: rgb(255, 255, 255); line-height: 2em;\"><span style=\"padding: 0px; margin: 0px; font-size: 14px; font-family: 宋体, SimSun;\">第二条 《天汇城网站平台规则》，是对天汇城用户增加基本义务或限制基本权利的条款。</span></p><p style=\"padding: 0px; margin-bottom: 16px; color: rgb(102, 102, 102); font-family: Arial, Verdana, 宋体; font-size: 12px; white-space: normal; background-color: rgb(255, 255, 255); line-height: 2em;\"><span style=\"padding: 0px; margin: 0px; font-size: 14px; font-family: 宋体, SimSun;\">第三条 &nbsp;违规行为的认定与处理，是基于天汇城认定的事实并严格依规执行。天汇城用户在适用规则上一律平等。</span></p><p style=\"padding: 0px; color: rgb(102, 102, 102); font-family: Arial, Verdana, 宋体; font-size: 12px; white-space: normal; background-color: rgb(255, 255, 255); line-height: 2em;\"><span style=\"padding: 0px; margin: 0px; font-size: 14px; font-family: 宋体, SimSun;\">第四条 &nbsp;用户应遵守国家法律、行政法规、部门规章等规范性文件。对任何涉嫌违反国家法律、行政法规、部门规章等规范性文件的行为，本规则已有规定的，适用本规则；本规则尚无规定的，天汇城有权酌情处理。但天汇城对用户的处理不免除其应尽的法律责任。</span></p><p style=\"padding: 0px; color: rgb(102, 102, 102); font-family: Arial, Verdana, 宋体; font-size: 12px; white-space: normal; background-color: rgb(255, 255, 255); line-height: 2em;\"><span style=\"padding: 0px; margin: 0px; font-size: 14px; font-family: 宋体, SimSun;\">用户在天汇城的任何行为，应同时遵守与天汇城及其关联公司所签订的各项协议。</span></p><p style=\"padding: 0px; margin-bottom: 16px; color: rgb(102, 102, 102); font-family: Arial, Verdana, 宋体; font-size: 12px; white-space: normal; background-color: rgb(255, 255, 255); line-height: 2em;\"><span style=\"padding: 0px; margin: 0px; font-size: 14px; font-family: 宋体, SimSun;\">商家在天汇城销售的商品或者提供的服务有违反工商行政管理法律、法规规章的行为的，天汇城有权及时采取措施制止，必要时可以停止对商家提供第三方交易平台服务。天汇城有权随时变更本规则并在网站上予以公告。若用户不同意相关变更，应立即停止使用天汇城的相关服务或产品。天汇城有权对用户行为及应适用的规则进行单方认定，并据此处理。</span></p><p><br/></p>'), ('196', '214', '<p style=\"text-indent: 2em; line-height: 3em;\"><span style=\";font-family:宋体;font-size:14px\"><span style=\"font-family:宋体\"><br/></span></span></p><p style=\"text-indent: 2em; line-height: 3em;\"><span style=\";font-family:宋体;font-size:14px\"><span style=\"font-family:宋体\">商城购买和金币充值功能后台一定要有可以设置某时间段内的关闭按钮，就是说，后台客服可以选择哪个时间段我关闭这两个功能（一是可以点击关闭按钮直接关闭，有个恢复按钮人工恢复。二是有个时间段设定，比如我设定凌晨</span>1<span style=\"font-family:宋体\">点到</span><span style=\"font-family:Times New Roman\">8</span><span style=\"font-family:宋体\">点时间段这两个功能是不能用的），这样一是可以在处理产生异常情况的时候用，二是可以避免大量的人在凌晨买东西和充值，第二天上线要处理的事太多。（这个功能开启后，商城购买和充值选项里，进行购买或充值时弹框说明下此时间段不允许购买或充值）。</span></span></p><p><br/></p>');
INSERT INTO `tp_article_txt` VALUES ('197', '215', '<p style=\"line-height: 2em; text-indent: 2em;\"><span style=\"color: rgb(51, 51, 51); font-family: \" microsoft=\"\" font-size:=\"\" background-color:=\"\">主播分3种，第一种非签约主播，就是有yy就可以直播的，没有官方承认</span><a href=\"https://www.baidu.com/s?wd=yy%E7%9B%B4%E6%92%AD&tn=44039180_cpr&fenlei=mv6quAkxTZn0IZRqIHckPjm4nH00T1YdPynvPAm1nWfvPHmYPj7b0ZwV5Hcvrjm3rH6sPfKWUMw85HfYnjn4nH6sgvPsT6KdThsqpZwYTjCEQLGCpyw9Uz4Bmy-bIi4WUvYETgN-TLwGUv3EnWmzPj03rjTkrHnzPH01rHmd\" target=\"_blank\" class=\"baidu-highlight\" rel=\"nofollow\" style=\"color: rgb(63, 136, 191); text-decoration: none; font-family: \" microsoft=\"\" font-size:=\"\" white-space:=\"\" background-color:=\"\">yy直播</a><span style=\"color: rgb(51, 51, 51); font-family: \" microsoft=\"\" font-size:=\"\" background-color:=\"\">的，刷蓝可以升级，但刷血瓶没用，看他的直播可以领豆子，第二种签约主播，属于一种职业了，刷血瓶会有分红，还有公会福利工资什么的，也是无法开启直播，第三种（名字我忘了）就当是明星主播，一周yy官方会评判处50位，可以开启竞猜，至于你说的开庄，必输局，哪怕最高赔率1比9.9也不会有人压，你能看出来别人看不出来么，没人压你的庄不就不赚了，开庄一般都会赚的，除非梭哈，只要2边赔率乘积小于1压满都会赚的，大于一肯定赔，赔本的买卖谁会干？开庄占据主动</span></p>'), ('201', '219', '<p style=\"text-indent: 2em; line-height: 1.75em;\"><span style=\"font-size: 14px; font-family: 宋体, SimSun;\"><br/></span></p><p style=\"text-indent: 2em; line-height: 1.75em;\"><span style=\"font-size: 14px; font-family: 宋体, SimSun;\">“游戏大作战”是够速推出的一种新型游戏玩法，至需一元就有可能买到至宝饰品！</span></p><p style=\"text-indent: 2em; line-height: 1.75em;\"><span style=\"font-size: 14px; font-family: 宋体, SimSun;\">游戏规则简单来说，就是我们把一件饰品平分成若干份，每份100金币，每份对应一个“夺宝号码”。当一件饰品的所有夺宝号码都售出时，我们会计会计算出一个幸运的夺宝号码，拥有该幸运号码的玩家即可获得该饰品。</span></p><p style=\"text-indent: 2em; line-height: 1.75em;\"><span style=\"font-size: 14px; font-family: 宋体, SimSun;\">整个流程公开透明，无法内幕操作，请各位玩家放心。</span></p><p style=\"text-indent: 2em; line-height: 1.75em;\"><span style=\"font-size: 14px; font-family: 宋体, SimSun;\">有任何问题可以直接微信咨询客服。</span></p>'), ('198', '216', '<p style=\"line-height: 2em; text-indent: 0em;\"><span style=\"font-size: 14px;\">游戏规则简单来说，就是我们把一件饰品平分成若干份，每份100金币，每份对应一个夺宝号码，当一件饰品的所有号码都售出时，我们会计算出一个幸运的夺宝号码，拥有改幸运号码的玩家即可获得高饰品。</span></p><p style=\"line-height: 2em; text-indent: 0em;\"><span style=\"font-size: 14px; text-indent: 2em;\">对此消息，Snapchat方面做出回应称，公司是否上市、何时上市取决于很多因素，而这些因素超出了Snapchat的控制范围。</span></p><p style=\"line-height: 2em; text-indent: 0em;\"><span style=\"font-size: 14px;\">而其实最早这个消息来自于其创始人斯皮格尔。去年五月份，斯皮格尔在参加Recode举办的科技大会时表示，“我们需要进行</span><span style=\"font-size: 14px;\">IPO</span><span style=\"font-size: 14px;\">”。</span></p><p style=\"line-height: 2em; text-indent: 0em;\"><span style=\"font-size: 14px;\">国内的用户或许从未使用过这款软件，但却对它的名字绝不陌生。</span></p><p style=\"line-height: 2em; text-indent: 0em;\"><span style=\"font-size: 14px;\">Snapchat的前身是FutureFreshman.com，2012年正式转型成为一</span></p><p style=\"line-height: 2em; text-indent: 0em;\"><span style=\"font-size: 14px;\"><br/></span></p>'), ('199', '217', '<p style=\"line-height: 2em;\"><span style=\"font-size: 12px; font-family: 微软雅黑, &quot;Microsoft YaHei&quot;;\">菠菜说明：</span></p><p style=\"line-height: 2em;\"><span style=\"font-size: 12px; font-family: 微软雅黑, &quot;Microsoft YaHei&quot;;\">1.单个竞猜题目的最低投注额为1金币，最高投注额依题目而定。</span></p><p style=\"line-height: 2em;\"><span style=\"font-size: 12px; font-family: 微软雅黑, &quot;Microsoft YaHei&quot;;\">2.题目选项后的数字为该选项的赔率，表示竞猜正确时您将赢得的金币倍数</span></p><p style=\"line-height: 2em;\"><span style=\"font-size: 12px; font-family: 微软雅黑, &quot;Microsoft YaHei&quot;;\">例如：</span></p><p style=\"line-height: 2em;\"><span style=\"font-size: 12px; font-family: 微软雅黑, &quot;Microsoft YaHei&quot;;\">IG（1.88） VS EG（2.23）。本场比赛IG VS EG相应的赔率为1.88、2.23，若您投注100金币猜主队IG获胜，比赛结果为IG获胜。</span></p><p style=\"line-height: 2em;\"><span style=\"font-size: 12px; font-family: 微软雅黑, &quot;Microsoft YaHei&quot;;\">3.投注特殊情况说明</span></p><p style=\"line-height: 2em;\"><span style=\"font-size: 12px; font-family: 微软雅黑, &quot;Microsoft YaHei&quot;;\">4. 点击【提交】按钮，同时将参与竞猜的消息分享给微博好友<br style=\"color: rgb(74, 74, 74); font-family: arial, 宋体; font-size: 12px; white-space: normal; background-color: rgb(244, 244, 244);\"/>5. 猜对：获得投注*赔率的积分（欢乐豆）；猜错：扣除投注的积分（欢乐豆）<br style=\"color: rgb(74, 74, 74); font-family: arial, 宋体; font-size: 12px; white-space: normal; background-color: rgb(244, 244, 244);\"/>6. 积分投注，每次最少10积分，最多4000积分；欢乐豆投注，扣除220豆门票后，每次最少10豆，最多8W豆<br style=\"color: rgb(74, 74, 74); font-family: arial, 宋体; font-size: 12px; white-space: normal; background-color: rgb(244, 244, 244);\"/>（注：扣除220豆之后欢乐豆账户余额大于等于1W豆时可参与欢乐豆投注）</span></p><p><br/></p>'), ('200', '218', '<p style=\"line-height: 1.5em; text-indent: 0em;\"><span style=\"font-size: 14px; font-family: 微软雅黑, \" microsoft=\"\">什么是DOTA饰品？</span></p><p style=\"line-height: 2em; text-indent: 0em;\"><span style=\"font-size: 14px; font-family: 微软雅黑, \" microsoft=\"\"><br/></span></p><p style=\"line-height: 2em; text-indent: 0em;\"><span style=\"font-size: 14px; font-family: 微软雅黑, \" microsoft=\"\">饰品是DOTA推出的一个全新特色元素，每个英雄都在配置界面中装备各种饰品，装备后英雄的外观、技能效果、甚至游戏界面都会发生变化。每个英雄多有自己的槽位，可以装备一套或多套的饰品，尽情打造属于自己的独特英雄。</span></p><p style=\"line-height: 2em; text-indent: 0em;\"><span style=\"font-size: 14px; font-family: 微软雅黑, \" microsoft=\"\">如何兑换饰品？</span></p><p style=\"line-height: 2em; text-indent: 0em;\"><span style=\"font-size: 14px; font-family: 微软雅黑, \" microsoft=\"\">1. 点击想要参加的竞猜<br style=\"color: rgb(74, 74, 74); font-family: arial, 宋体; font-size: 12px; white-space: normal; background-color: rgb(244, 244, 244);\"/>2. 选择你认为正确的选项，点击后会出现浅蓝色线框<br style=\"color: rgb(74, 74, 74); font-family: arial, 宋体; font-size: 12px; white-space: normal; background-color: rgb(244, 244, 244);\"/>3. 选择想投注的积分（欢乐豆），可以手动修改投注的基数或者点击相应倍数提高投注额<br style=\"color: rgb(74, 74, 74); font-family: arial, 宋体; font-size: 12px; white-space: normal; background-color: rgb(244, 244, 244);\"/>4. 点击【提交】按钮，同时将参与竞猜的消息分享给微博好友<br style=\"color: rgb(74, 74, 74); font-family: arial, 宋体; font-size: 12px; white-space: normal; background-color: rgb(244, 244, 244);\"/>5. 猜对：获得投注*赔率的积分（欢乐豆）；猜错：扣除投注的积分（欢乐豆）<br style=\"color: rgb(74, 74, 74); font-family: arial, 宋体; font-size: 12px; white-space: normal; background-color: rgb(244, 244, 244);\"/>6. 积分投注，每次最少10积分，最多4000积分；欢乐豆投注，扣除220豆门票后，每次最少10豆，最多8W豆<br style=\"color: rgb(74, 74, 74); font-family: arial, 宋体; font-size: 12px; white-space: normal; background-color: rgb(244, 244, 244);\"/>（注：扣除220豆之后欢乐豆账户余额大于等于1W豆时可参与欢乐豆投注）</span></p>');
COMMIT;

-- ----------------------------
--  Table structure for `tp_article_txt_photo`
-- ----------------------------
DROP TABLE IF EXISTS `tp_article_txt_photo`;
CREATE TABLE `tp_article_txt_photo` (
  `article_txt_photo_id` int(11) NOT NULL AUTO_INCREMENT COMMENT '自增主键',
  `article_id` int(11) NOT NULL DEFAULT '0' COMMENT '文章ID',
  `path_img` varchar(128) NOT NULL DEFAULT '' COMMENT '文章详情图片地址',
  PRIMARY KEY (`article_txt_photo_id`)
) ENGINE=MyISAM DEFAULT CHARSET=utf8 COMMENT='文章详情图片表';

-- ----------------------------
--  Table structure for `tp_bank_card`
-- ----------------------------
DROP TABLE IF EXISTS `tp_bank_card`;
CREATE TABLE `tp_bank_card` (
  `bank_card_id` int(10) unsigned NOT NULL AUTO_INCREMENT COMMENT '自增主键',
  `user_id` int(10) unsigned NOT NULL DEFAULT '0' COMMENT '用户ID',
  `bank_id` tinyint(3) unsigned NOT NULL DEFAULT '0' COMMENT '银行ID',
  `account` varchar(32) NOT NULL DEFAULT '' COMMENT '银行卡卡号',
  `realname` varchar(8) NOT NULL DEFAULT '' COMMENT '持卡人姓名',
  `opening_bank` varchar(32) NOT NULL DEFAULT '' COMMENT '开户行',
  `bind_time` int(10) unsigned NOT NULL DEFAULT '0' COMMENT '绑定时间',
  PRIMARY KEY (`bank_card_id`)
) ENGINE=MyISAM DEFAULT CHARSET=utf8 COMMENT='银行卡表';

-- ----------------------------
--  Table structure for `tp_bank_card_apply`
-- ----------------------------
DROP TABLE IF EXISTS `tp_bank_card_apply`;
CREATE TABLE `tp_bank_card_apply` (
  `bank_card_apply_id` int(10) unsigned NOT NULL AUTO_INCREMENT COMMENT '自增主键',
  `user_id` int(10) unsigned NOT NULL DEFAULT '0' COMMENT '用户ID',
  `bank_id` tinyint(3) unsigned NOT NULL DEFAULT '0' COMMENT '银行ID',
  `account` varchar(32) NOT NULL DEFAULT '' COMMENT '银行卡卡号',
  `realname` varchar(8) NOT NULL DEFAULT '' COMMENT '持卡人姓名',
  `opening_bank` varchar(32) NOT NULL DEFAULT '' COMMENT '开户行',
  `amount` decimal(10,2) unsigned NOT NULL DEFAULT '0.00' COMMENT '打款金额',
  `addtime` int(10) unsigned NOT NULL DEFAULT '0' COMMENT '提交申请时间',
  `tried_time` tinyint(3) unsigned NOT NULL DEFAULT '0' COMMENT '错误次数',
  `state` tinyint(3) unsigned NOT NULL DEFAULT '0' COMMENT '申请状态，0未处理，1已打款，2已通过，3管理员拒绝(与营业执照上的姓名不一致），4所填款项与打款金额不一致\n或其他原因，详情见管理员备注)',
  PRIMARY KEY (`bank_card_apply_id`)
) ENGINE=MyISAM DEFAULT CHARSET=utf8 COMMENT='银行卡绑定申请表';

-- ----------------------------
--  Table structure for `tp_big_area`
-- ----------------------------
DROP TABLE IF EXISTS `tp_big_area`;
CREATE TABLE `tp_big_area` (
  `big_area_id` int(10) unsigned NOT NULL AUTO_INCREMENT COMMENT '自增主键',
  `area_name` varchar(16) NOT NULL DEFAULT '' COMMENT '大区名称',
  `province_ids` varchar(255) NOT NULL DEFAULT '0' COMMENT '省份ids',
  `addtime` int(10) unsigned NOT NULL DEFAULT '0' COMMENT '添加时间',
  PRIMARY KEY (`big_area_id`)
) ENGINE=MyISAM DEFAULT CHARSET=utf8 COMMENT='大区表';

-- ----------------------------
--  Table structure for `tp_brand`
-- ----------------------------
DROP TABLE IF EXISTS `tp_brand`;
CREATE TABLE `tp_brand` (
  `brand_id` smallint(6) NOT NULL AUTO_INCREMENT COMMENT '自增主键',
  `brand_name` varchar(32) NOT NULL DEFAULT '' COMMENT '品牌名称',
  `brand_logo` varchar(128) NOT NULL DEFAULT '' COMMENT '品牌logo',
  `brand_url` varchar(128) NOT NULL DEFAULT '' COMMENT '品牌官网',
  `brand_desc` text NOT NULL COMMENT '品牌描述',
  `serial` tinyint(4) NOT NULL DEFAULT '0' COMMENT '排序号',
  `isuse` tinyint(4) NOT NULL DEFAULT '0' COMMENT '是否启用，1启用，0关闭',
  PRIMARY KEY (`brand_id`)
) ENGINE=MyISAM DEFAULT CHARSET=utf8 COMMENT='品牌表';

-- ----------------------------
--  Table structure for `tp_building`
-- ----------------------------
DROP TABLE IF EXISTS `tp_building`;
CREATE TABLE `tp_building` (
  `building_id` int(10) unsigned NOT NULL AUTO_INCREMENT,
  `province_id` int(10) unsigned NOT NULL DEFAULT '330000' COMMENT '省份ID',
  `city_id` int(10) unsigned NOT NULL DEFAULT '330300' COMMENT '城市ID',
  `area_id` int(10) unsigned NOT NULL DEFAULT '330382' COMMENT '地区ID',
  `building_name` varchar(16) NOT NULL DEFAULT '' COMMENT '小区/写字楼名称',
  `address` varchar(255) NOT NULL DEFAULT '' COMMENT '详细地址',
  `addtime` int(10) unsigned NOT NULL DEFAULT '0' COMMENT '添加时间',
  `longitude` decimal(10,7) unsigned NOT NULL DEFAULT '0.0000000' COMMENT '经度，商家所在经度',
  `latitude` decimal(9,7) unsigned NOT NULL DEFAULT '0.0000000' COMMENT '纬度，商家所在纬度',
  `isuse` tinyint(3) unsigned NOT NULL DEFAULT '0' COMMENT '状态，1有效，0已删除',
  PRIMARY KEY (`building_id`),
  KEY `tp_city_id` (`city_id`),
  KEY `tp_area_id` (`area_id`),
  KEY `tp_building_addtime` (`addtime`)
) ENGINE=MyISAM DEFAULT CHARSET=utf8 COMMENT='小区/写字楼表';

-- ----------------------------
--  Table structure for `tp_card_pay_log`
-- ----------------------------
DROP TABLE IF EXISTS `tp_card_pay_log`;
CREATE TABLE `tp_card_pay_log` (
  `card_pay_log_id` int(11) NOT NULL AUTO_INCREMENT COMMENT '自增主键',
  `user_id` int(11) NOT NULL DEFAULT '0' COMMENT '用户ID',
  `order_id` int(11) NOT NULL DEFAULT '0' COMMENT '订单ID',
  `sales_date` varchar(32) NOT NULL DEFAULT '' COMMENT '交易日期',
  `pos_no` varchar(32) NOT NULL DEFAULT '' COMMENT '机号',
  `center_water_no` varchar(32) NOT NULL DEFAULT '' COMMENT '中心交易流水号',
  `sales_bill_no` varchar(32) NOT NULL DEFAULT '' COMMENT '交易单号',
  `trading_money` decimal(10,2) NOT NULL DEFAULT '0.00' COMMENT '交易金额',
  `addtime` int(11) NOT NULL DEFAULT '0' COMMENT '记录生成时间',
  `card_code` varchar(32) NOT NULL DEFAULT '0' COMMENT '支付卡号',
  PRIMARY KEY (`card_pay_log_id`)
) ENGINE=MyISAM DEFAULT CHARSET=utf8 COMMENT='账户变动明细表';

-- ----------------------------
--  Table structure for `tp_city_change_log`
-- ----------------------------
DROP TABLE IF EXISTS `tp_city_change_log`;
CREATE TABLE `tp_city_change_log` (
  `city_change_log_id` int(10) unsigned NOT NULL AUTO_INCREMENT COMMENT '自增主键',
  `user_id` int(10) unsigned NOT NULL DEFAULT '0' COMMENT '用户ID',
  `start_area_id` mediumint(8) unsigned NOT NULL DEFAULT '0' COMMENT '切换前区县ID',
  `end_area_id` mediumint(8) unsigned NOT NULL DEFAULT '0' COMMENT '切换后区县ID',
  `addtime` int(10) unsigned NOT NULL DEFAULT '0' COMMENT '切换时间',
  `ip_area_id` int(10) unsigned NOT NULL DEFAULT '0' COMMENT 'IP所在区县ID',
  `remark` varchar(128) NOT NULL DEFAULT '' COMMENT '备注，系统自动生成，如 从已付款状态设置为已发货状态',
  `province_id` mediumint(8) unsigned NOT NULL DEFAULT '330000' COMMENT '省份ID',
  `city_id` mediumint(8) unsigned NOT NULL DEFAULT '330300' COMMENT '城市ID',
  `area_id` mediumint(8) unsigned NOT NULL DEFAULT '330382' COMMENT '区/县ID',
  PRIMARY KEY (`city_change_log_id`),
  KEY `tp_city` (`city_id`),
  KEY `tp_area` (`area_id`)
) ENGINE=MyISAM DEFAULT CHARSET=utf8 COMMENT='城市切换记录表';

-- ----------------------------
--  Table structure for `tp_class`
-- ----------------------------
DROP TABLE IF EXISTS `tp_class`;
CREATE TABLE `tp_class` (
  `class_id` smallint(5) unsigned NOT NULL AUTO_INCREMENT,
  `class_name` varchar(16) COLLATE utf8_unicode_ci NOT NULL DEFAULT '' COMMENT '一级分类名称',
  `class_tag` varchar(16) COLLATE utf8_unicode_ci NOT NULL DEFAULT '' COMMENT '分类标记，标记特定分类，如种子，营养液，种植机等',
  `serial` tinyint(3) unsigned NOT NULL DEFAULT '0' COMMENT '排序号',
  `isuse` tinyint(3) unsigned NOT NULL DEFAULT '0' COMMENT '是否有效，1有效，0无效',
  `is_index` tinyint(4) NOT NULL DEFAULT '0' COMMENT '是否在首页显示，0否，1是',
  `is_first_order` tinyint(4) NOT NULL DEFAULT '0' COMMENT '是否在快速订单显示，0否，1是',
  `class_icon` varchar(128) COLLATE utf8_unicode_ci NOT NULL DEFAULT '' COMMENT '分类图标',
  PRIMARY KEY (`class_id`)
) ENGINE=MyISAM AUTO_INCREMENT=5 DEFAULT CHARSET=utf8 COLLATE=utf8_unicode_ci COMMENT='商品一级分类表';

-- ----------------------------
--  Records of `tp_class`
-- ----------------------------
BEGIN;
INSERT INTO `tp_class` VALUES ('1', '土豪专区', '', '0', '1', '0', '0', '/Uploads/image/article/thumb/2016-09/20160910110708_54961.png'), ('2', '人气套装', '', '1', '1', '0', '0', '/Uploads/image/article/thumb/2016-09/20160910111418_89593.jpg'), ('3', '火爆单品', '', '2', '1', '0', '0', '/Uploads/image/article/thumb/2016-09/20160910111618_43004.jpg'), ('4', ' 实物专区', '', '3', '1', '0', '0', '/Uploads/image/article/thumb/2016-09/20160910111646_37840.jpg');
COMMIT;

-- ----------------------------
--  Table structure for `tp_collect`
-- ----------------------------
DROP TABLE IF EXISTS `tp_collect`;
CREATE TABLE `tp_collect` (
  `collect_id` int(11) unsigned NOT NULL AUTO_INCREMENT COMMENT '自增主键',
  `user_id` int(11) unsigned NOT NULL DEFAULT '0' COMMENT '用户ID，0表示未登录用户',
  `item_id` int(11) unsigned NOT NULL DEFAULT '0' COMMENT '商品ID',
  `addtime` int(11) unsigned NOT NULL DEFAULT '0' COMMENT '添加时间',
  PRIMARY KEY (`collect_id`)
) ENGINE=MyISAM DEFAULT CHARSET=utf8 COMMENT='商品收藏表';

-- ----------------------------
--  Table structure for `tp_config`
-- ----------------------------
DROP TABLE IF EXISTS `tp_config`;
CREATE TABLE `tp_config` (
  `config_name` varchar(32) NOT NULL COMMENT '配置项英文名，主键',
  `config_value` varchar(255) NOT NULL DEFAULT '' COMMENT '配置项值',
  PRIMARY KEY (`config_name`)
) ENGINE=MyISAM DEFAULT CHARSET=utf8 COMMENT='系统配置表';

-- ----------------------------
--  Records of `tp_config`
-- ----------------------------
BEGIN;
INSERT INTO `tp_config` VALUES ('shop_name', '车奇士电商服务平台'), ('smtp_email_open', 'SMTP邮件发送开启'), ('smtp_email_host', 'SMTP发送服务器域名'), ('smtp_email_account', 'SMTP发送邮箱账号'), ('smtp_email_password', 'SMTP发送邮箱密码'), ('smtp_email_reply', 'SMTP回复邮箱账号'), ('free_shipping_status', '0'), ('free_shipping_total', '300'), ('new_user_discount_status', '0'), ('new_user_discount_total', '90'), ('sms_open', '1'), ('customer_service_address', '浙江省杭州市江干区九环路9号B座601室'), ('sn_prefix', 's'), ('sn_length', '6'), ('company_name', '杭州车奇士汽车维修有限公司'), ('mall_price_name', ''), ('real_price_name', ''), ('system_money_name', '鱼翅'), ('hot_keywords', '番茄,大白菜,樱桃,苹果'), ('default_user_rank_id', '1'), ('default_msg', '欢迎关注亲，马上到'), ('android_version', '0.8.3'), ('integrals_per_rmb', '100'), ('integral_deduct_rmb_rate', '20'), ('customer_service_telephone', ''), ('complaints_hotline', ''), ('order_hotline', ''), ('service_hotline', ''), ('official_record', '车奇士官方网站：www.cqs9191.com'), ('customer_service_qq', ''), ('system_logo', ''), ('qr_code', ''), ('major_title', '994抗鱼眼剂'), ('major_link', 'http://cheqishi.yurtree.com/FrontMall/item_detail/item_id/203'), ('major_pic', '/Uploads/image/article/thumb/2015-08/20150824195811_85071.jpg'), ('default_class_id', '14'), ('access_token', 'Bs3MU9bYDdk1hek0i7LzEwLRSUxxsHjIUZ9jXmYRQ8-5d3IQwRHfa2J5jpv7tdkH_M2OIZz0Otpfw04Q0biCFrCEBCZ_7CjMTPjFm_aP7uReIdVG7wSRbktRrpnBCjxiPTHeABAYCQ'), ('access_token_expire_time', '1473586694'), ('jsapi_ticket', 'kgt8ON7yVITDhtdwci0qeYQAHREO0HbYL2-fFn3US2MwQ-ofLdf_PAws6DAGoBqHP3n28IRaALhiCcT2MZX4mg'), ('jsapi_ticket_expire_time', '1473586694'), ('mail_address', 'wuzeguo888@163.com'), ('mail_loginname', 'wuzeguo888@163.com'), ('mail_smtp', 'smtp.163.com'), ('mail_password', 'wzg1991923'), ('show_page_trace', '0'), ('fromname', '盈软科技'), ('close_end_time', '1473453149'), ('close_start_time', '1473516029'), ('is_close', '1'), ('system_close_reason', '啊,亲,太不巧了！由于累了所以我要休息一会儿，O(∩_∩)O~。很快就会回来哦！'), ('sms_uid', '达利2015'), ('sms_key', 'e5d272fbac61f0e59878'), ('draw_prop', '2'), ('rmb_exchange_prop', '100'), ('alipay', 'https://qr.alipay.com/aphyrtbnmc8jau4p36'), ('close_recharge_alert', '现在客服已下班了，请明天吧');
COMMIT;

-- ----------------------------
--  Table structure for `tp_coupon`
-- ----------------------------
DROP TABLE IF EXISTS `tp_coupon`;
CREATE TABLE `tp_coupon` (
  `coupon_id` int(10) unsigned NOT NULL AUTO_INCREMENT COMMENT '自增主键',
  `user_id` int(10) unsigned NOT NULL DEFAULT '0' COMMENT '用户ID',
  `coupon_name` varchar(32) NOT NULL DEFAULT '' COMMENT '优惠券名称',
  `price_limit` int(10) unsigned NOT NULL DEFAULT '0' COMMENT '使用该优惠券的订单金额限制',
  `num` int(10) unsigned NOT NULL DEFAULT '0' COMMENT '优惠券面额',
  `order_id` int(10) unsigned NOT NULL DEFAULT '0' COMMENT '订单ID',
  `deadline` int(10) unsigned NOT NULL DEFAULT '0' COMMENT '截止日期',
  `state` tinyint(3) unsigned NOT NULL DEFAULT '0' COMMENT '状态，0未使用，1已使用，2已过期',
  `addtime` int(10) unsigned NOT NULL DEFAULT '0' COMMENT '领取时间',
  `discount` decimal(10,2) unsigned DEFAULT '0.00' COMMENT '实际抵扣金额',
  `use_time` int(10) unsigned DEFAULT '0' COMMENT '使用时间',
  PRIMARY KEY (`coupon_id`)
) ENGINE=MyISAM DEFAULT CHARSET=utf8 COMMENT='抵用券表';

-- ----------------------------
--  Table structure for `tp_cust_flash`
-- ----------------------------
DROP TABLE IF EXISTS `tp_cust_flash`;
CREATE TABLE `tp_cust_flash` (
  `cust_flash_id` int(10) unsigned NOT NULL AUTO_INCREMENT COMMENT '自增主键',
  `title` varchar(32) NOT NULL DEFAULT '' COMMENT '商品标题',
  `link` varchar(128) NOT NULL DEFAULT '' COMMENT '链接',
  `pic` varchar(128) NOT NULL DEFAULT '' COMMENT '图片路径',
  `serial` tinyint(3) unsigned NOT NULL DEFAULT '0' COMMENT '排序号',
  `isuse` tinyint(3) unsigned NOT NULL DEFAULT '0' COMMENT '有效性，0不显示，1显示，2已删除',
  `is_menu` tinyint(3) NOT NULL DEFAULT '0' COMMENT '是否是导航栏',
  PRIMARY KEY (`cust_flash_id`)
) ENGINE=MyISAM AUTO_INCREMENT=5 DEFAULT CHARSET=utf8 COMMENT='轮播图片表';

-- ----------------------------
--  Records of `tp_cust_flash`
-- ----------------------------
BEGIN;
INSERT INTO `tp_cust_flash` VALUES ('1', '够鱼', '', '/Uploads/image/article/thumb/2016-09/20160911021637_76645.jpg', '0', '1', '0'), ('2', '竞猜', '', '/Uploads/image/article/thumb/2016-09/20160911021703_96504.jpg', '1', '1', '0'), ('3', '迪士尼', '', '/Uploads/image/article/thumb/2016-09/20160911021721_46691.jpg', '2', '1', '0'), ('4', '南京南京', '', '/Uploads/image/article/thumb/2016-09/20160911021746_47914.jpg', '3', '1', '0');
COMMIT;

-- ----------------------------
--  Table structure for `tp_customer_service_online`
-- ----------------------------
DROP TABLE IF EXISTS `tp_customer_service_online`;
CREATE TABLE `tp_customer_service_online` (
  `customer_service_online_id` tinyint(4) NOT NULL AUTO_INCREMENT COMMENT '自增主键',
  `customer_service_online_name` varchar(16) NOT NULL DEFAULT '' COMMENT '客服昵称',
  `service_type` tinyint(4) NOT NULL DEFAULT '1' COMMENT '客服类型，1为QQ，2为旺旺',
  `is_after_service` tinyint(3) unsigned NOT NULL DEFAULT '0' COMMENT '0售前，1售后',
  `account` varchar(32) NOT NULL DEFAULT '' COMMENT '客服账号',
  `clickdot` int(10) unsigned NOT NULL DEFAULT '0' COMMENT '点击量',
  `isuse` tinyint(3) unsigned NOT NULL DEFAULT '0' COMMENT '是否显示，1是，0否',
  `addtime` int(10) unsigned NOT NULL DEFAULT '0' COMMENT '添加时间',
  PRIMARY KEY (`customer_service_online_id`)
) ENGINE=MyISAM DEFAULT CHARSET=utf8 COMMENT='在线客服表';

-- ----------------------------
--  Table structure for `tp_deposit_apply`
-- ----------------------------
DROP TABLE IF EXISTS `tp_deposit_apply`;
CREATE TABLE `tp_deposit_apply` (
  `deposit_apply_id` int(10) unsigned NOT NULL AUTO_INCREMENT COMMENT '自增主键',
  `user_id` int(10) unsigned NOT NULL DEFAULT '0' COMMENT '用户ID',
  `deposit_type` tinyint(3) unsigned NOT NULL DEFAULT '0' COMMENT '提现类型，1余额提现，2镖金奖励提现',
  `bank_card_id` int(10) unsigned NOT NULL DEFAULT '0' COMMENT '银行卡ID',
  `money` decimal(10,2) unsigned NOT NULL DEFAULT '0.00' COMMENT '提现金额',
  `state` tinyint(3) unsigned NOT NULL DEFAULT '0' COMMENT '提现状态，0未处理，1已通过，2已拒绝',
  `admin_remark` varchar(255) NOT NULL DEFAULT '' COMMENT '管理员备注',
  `addtime` int(10) unsigned NOT NULL DEFAULT '0' COMMENT '提交时间',
  `role_type` tinyint(3) unsigned DEFAULT '0' COMMENT '角色类型，筛选用，2商家，4镖师',
  `pass_time` int(10) unsigned DEFAULT '0' COMMENT '处理时间',
  PRIMARY KEY (`deposit_apply_id`)
) ENGINE=MyISAM DEFAULT CHARSET=utf8 COMMENT='提现申请表';

-- ----------------------------
--  Table structure for `tp_dept`
-- ----------------------------
DROP TABLE IF EXISTS `tp_dept`;
CREATE TABLE `tp_dept` (
  `dept_id` int(11) NOT NULL AUTO_INCREMENT COMMENT '自增主键',
  `node_code` varchar(32) NOT NULL DEFAULT '0' COMMENT '门店编码',
  `node_name` varchar(128) NOT NULL DEFAULT '0' COMMENT '门店名称',
  `address` varchar(128) NOT NULL DEFAULT '' COMMENT '地址',
  `phone_number` varchar(32) NOT NULL DEFAULT '' COMMENT '电话',
  `node_type` int(11) NOT NULL DEFAULT '0' COMMENT '类型 0门店 2配送中心',
  `addtime` int(11) NOT NULL DEFAULT '0' COMMENT '记录生成时间',
  `isuse` tinyint(4) NOT NULL DEFAULT '0' COMMENT '是否有效',
  `serial` int(11) NOT NULL DEFAULT '0' COMMENT '排序号',
  PRIMARY KEY (`dept_id`)
) ENGINE=MyISAM DEFAULT CHARSET=utf8 COMMENT='门店列表';

-- ----------------------------
--  Table structure for `tp_draw_prize`
-- ----------------------------
DROP TABLE IF EXISTS `tp_draw_prize`;
CREATE TABLE `tp_draw_prize` (
  `draw_prize_id` int(11) NOT NULL AUTO_INCREMENT COMMENT '自增主键',
  `user_id` int(11) NOT NULL DEFAULT '0' COMMENT '用户',
  `treasure_id` int(11) NOT NULL DEFAULT '0' COMMENT '夺宝',
  `treasure_user_id` int(11) NOT NULL DEFAULT '0',
  `prize_id` int(11) NOT NULL DEFAULT '0' COMMENT '奖品',
  `lottery` int(5) NOT NULL DEFAULT '0' COMMENT '中奖号码',
  `join_times` tinyint(4) NOT NULL DEFAULT '0' COMMENT '参与次数',
  `award_rate` tinyint(3) NOT NULL DEFAULT '0' COMMENT '中奖率',
  `is_deliver` tinyint(4) NOT NULL DEFAULT '0' COMMENT '是否已发货',
  `addtime` int(11) NOT NULL DEFAULT '0',
  PRIMARY KEY (`draw_prize_id`),
  KEY `tp_treasure_user_user_id` (`user_id`),
  KEY `tp_treasure_user_treasure_id` (`treasure_id`)
) ENGINE=MyISAM AUTO_INCREMENT=2 DEFAULT CHARSET=utf8 COMMENT='中奖表';

-- ----------------------------
--  Records of `tp_draw_prize`
-- ----------------------------
BEGIN;
INSERT INTO `tp_draw_prize` VALUES ('1', '39609', '12', '3', '6', '1', '1', '100', '1', '1473581927');
COMMIT;

-- ----------------------------
--  Table structure for `tp_email_log`
-- ----------------------------
DROP TABLE IF EXISTS `tp_email_log`;
CREATE TABLE `tp_email_log` (
  `email_log_id` int(11) NOT NULL AUTO_INCREMENT COMMENT '自增主键',
  `send_email_account` varchar(32) NOT NULL DEFAULT '' COMMENT '发送邮箱账号',
  `email_recipients` text COMMENT '收件人列表，不同收件人直接用逗号隔开',
  `subject` text COMMENT '主题',
  `send_time` int(11) NOT NULL DEFAULT '0' COMMENT '发送时间',
  `state` tinyint(4) NOT NULL DEFAULT '0' COMMENT '发送状态',
  PRIMARY KEY (`email_log_id`)
) ENGINE=MyISAM AUTO_INCREMENT=3 DEFAULT CHARSET=utf8 COMMENT='邮件发送日志表';

-- ----------------------------
--  Records of `tp_email_log`
-- ----------------------------
BEGIN;
INSERT INTO `tp_email_log` VALUES ('1', 'wuzeguo888@163.com', '1283071085@qq.com', '验证邮箱', '1473506634', '1'), ('2', 'wuzeguo888@163.com', '1283071085@qq.com', '验证邮箱', '1473523716', '1');
COMMIT;

-- ----------------------------
--  Table structure for `tp_first_buy_item`
-- ----------------------------
DROP TABLE IF EXISTS `tp_first_buy_item`;
CREATE TABLE `tp_first_buy_item` (
  `first_buy_item_id` int(10) unsigned NOT NULL AUTO_INCREMENT COMMENT '主键ID',
  `item_id` int(11) NOT NULL DEFAULT '0' COMMENT '商品ID',
  `number` int(11) NOT NULL DEFAULT '1' COMMENT '预设商品数量',
  PRIMARY KEY (`first_buy_item_id`)
) ENGINE=MyISAM DEFAULT CHARSET=utf8 COLLATE=utf8_unicode_ci COMMENT='首批订单商品表';

-- ----------------------------
--  Table structure for `tp_foot_man`
-- ----------------------------
DROP TABLE IF EXISTS `tp_foot_man`;
CREATE TABLE `tp_foot_man` (
  `foot_man_id` int(10) unsigned NOT NULL COMMENT '自增主键',
  `province_id` mediumint(8) unsigned NOT NULL DEFAULT '330000' COMMENT '省份ID',
  `city_id` mediumint(8) unsigned NOT NULL DEFAULT '330300' COMMENT '城市ID',
  `area_id` mediumint(8) unsigned NOT NULL DEFAULT '330382' COMMENT '区/县ID',
  `left_freight` int(10) unsigned NOT NULL DEFAULT '0' COMMENT '剩余运费（镖金）数',
  `left_award` int(10) unsigned NOT NULL DEFAULT '0' COMMENT '奖励数',
  `total_freight` int(10) unsigned NOT NULL DEFAULT '0' COMMENT '累计收入',
  `total_award` int(10) unsigned NOT NULL DEFAULT '0' COMMENT '累计奖金',
  `pay_password` varchar(32) NOT NULL DEFAULT 'e10adc3949ba59abbe56e057f20f883e' COMMENT '支付密码，MD5加密值，默认为123456的MD5值',
  `id_photo` varchar(128) NOT NULL DEFAULT '' COMMENT '身份证照片',
  `head_photo` varchar(128) NOT NULL DEFAULT '' COMMENT '镖师头像',
  `online` tinyint(3) unsigned NOT NULL DEFAULT '0' COMMENT '1是，0否',
  `foot_man_sn` varchar(16) NOT NULL DEFAULT '' COMMENT '镖师编号',
  `rank_id` mediumint(8) unsigned NOT NULL DEFAULT '0' COMMENT '镖师等级ID',
  `meters` int(8) unsigned NOT NULL DEFAULT '0' COMMENT '累计里程数，单位km',
  `score_avg` decimal(2,1) unsigned NOT NULL DEFAULT '5.0' COMMENT '平均评分',
  `total_order_num` mediumint(5) unsigned NOT NULL DEFAULT '0' COMMENT '累计跑单数',
  `on_time_order_num` mediumint(8) unsigned NOT NULL DEFAULT '0' COMMENT '及时到达的订单数',
  `on_time_rate` decimal(5,2) unsigned NOT NULL DEFAULT '100.00' COMMENT '准时率',
  `is_enable` tinyint(4) unsigned NOT NULL DEFAULT '0' COMMENT '禁用状态，0禁用，1启用，2删除',
  `longitude` decimal(10,7) unsigned NOT NULL DEFAULT '120.0000000' COMMENT '经度',
  `latitude` decimal(9,7) unsigned NOT NULL DEFAULT '30.0000000' COMMENT '纬度',
  PRIMARY KEY (`foot_man_id`),
  KEY `city_id` (`city_id`),
  KEY `area_id` (`area_id`)
) ENGINE=MyISAM DEFAULT CHARSET=utf8 COMMENT='镖师表';

-- ----------------------------
--  Table structure for `tp_foot_man_apply`
-- ----------------------------
DROP TABLE IF EXISTS `tp_foot_man_apply`;
CREATE TABLE `tp_foot_man_apply` (
  `foot_man_apply_id` int(10) unsigned NOT NULL AUTO_INCREMENT COMMENT '自增主键',
  `province_id` mediumint(8) unsigned NOT NULL DEFAULT '330000' COMMENT '省份ID',
  `city_id` mediumint(8) unsigned NOT NULL DEFAULT '330300' COMMENT '城市ID',
  `area_id` mediumint(8) unsigned NOT NULL DEFAULT '330382' COMMENT '区/县ID',
  `foot_man_id` int(10) unsigned NOT NULL DEFAULT '0' COMMENT '镖师ID',
  `is_experienced` tinyint(3) unsigned NOT NULL DEFAULT '0' COMMENT '跑腿经验，0无，1一年以上，2两年以上，3三年以上',
  `has_car_battery` tinyint(3) unsigned NOT NULL DEFAULT '0' COMMENT '是否有电瓶车，0无，1有，2可以购买',
  `apply_state` tinyint(3) unsigned NOT NULL DEFAULT '0' COMMENT '申请状态，0审核中，1已通过，2已拒绝',
  `admin_remark` varchar(255) NOT NULL DEFAULT '' COMMENT '管理员备注',
  `apply_time` int(10) unsigned NOT NULL DEFAULT '0' COMMENT '申请时间',
  PRIMARY KEY (`foot_man_apply_id`),
  KEY `city_id` (`city_id`),
  KEY `area_id` (`area_id`)
) ENGINE=MyISAM DEFAULT CHARSET=utf8 COMMENT='镖师申请表';

-- ----------------------------
--  Table structure for `tp_foot_man_award`
-- ----------------------------
DROP TABLE IF EXISTS `tp_foot_man_award`;
CREATE TABLE `tp_foot_man_award` (
  `foot_man_award_id` int(10) unsigned NOT NULL AUTO_INCREMENT COMMENT '自增主键',
  `foot_man_id` int(10) unsigned NOT NULL DEFAULT '0' COMMENT '镖师ID',
  `change_type` tinyint(3) unsigned NOT NULL DEFAULT '0' COMMENT '变动类型，1用户加价，2系统补贴，3活动赠送，4提现',
  `award_num` smallint(5) unsigned NOT NULL DEFAULT '0' COMMENT '奖励数量',
  `start_num` int(10) unsigned NOT NULL DEFAULT '0' COMMENT '变动前数量',
  `end_num` int(10) unsigned NOT NULL DEFAULT '0' COMMENT '变动后数量',
  `id` int(10) unsigned NOT NULL DEFAULT '0' COMMENT '若是活动获得，则为活动ID，若是订单相关，则为订单ID',
  `addtime` int(10) unsigned NOT NULL DEFAULT '0' COMMENT '记录生成时间',
  `remark` varchar(255) NOT NULL DEFAULT '' COMMENT '备注',
  `ip` varchar(16) NOT NULL DEFAULT '' COMMENT '操作人IP',
  `province_id` mediumint(8) unsigned NOT NULL DEFAULT '330000' COMMENT '省份ID',
  `city_id` mediumint(8) unsigned NOT NULL DEFAULT '330300' COMMENT '城市ID',
  `area_id` mediumint(8) unsigned NOT NULL DEFAULT '330382' COMMENT '区/县ID',
  PRIMARY KEY (`foot_man_award_id`),
  KEY `tp_foot_man_award_user_id` (`foot_man_id`),
  KEY `tp_freight_addtime` (`addtime`),
  KEY `city_id` (`city_id`),
  KEY `area_id` (`area_id`)
) ENGINE=MyISAM DEFAULT CHARSET=utf8 COMMENT='镖师奖励表';

-- ----------------------------
--  Table structure for `tp_foot_man_rank`
-- ----------------------------
DROP TABLE IF EXISTS `tp_foot_man_rank`;
CREATE TABLE `tp_foot_man_rank` (
  `foot_man_rank_id` smallint(5) unsigned NOT NULL AUTO_INCREMENT COMMENT '自增主键',
  `rank_name` varchar(32) NOT NULL DEFAULT '' COMMENT '镖师等级名称',
  `upgrade_distance` int(11) NOT NULL,
  `discount` tinyint(4) NOT NULL DEFAULT '0' COMMENT '该等级镖师享受的镖金比例，保存100以内的整数，如85即为85折',
  `desc` text COMMENT '备注',
  `logo` varchar(128) NOT NULL DEFAULT '' COMMENT '等级LOGO，非必填',
  `province_id` mediumint(8) unsigned NOT NULL DEFAULT '330000' COMMENT '省份ID',
  `city_id` mediumint(8) unsigned NOT NULL DEFAULT '330300' COMMENT '城市ID',
  `area_id` mediumint(8) unsigned NOT NULL DEFAULT '330382' COMMENT '区/县ID',
  `is_enable` tinyint(4) NOT NULL DEFAULT '1',
  PRIMARY KEY (`foot_man_rank_id`),
  KEY `tp_area` (`area_id`)
) ENGINE=MyISAM DEFAULT CHARSET=utf8 COMMENT='镖师等级表';

-- ----------------------------
--  Table structure for `tp_foot_man_refund`
-- ----------------------------
DROP TABLE IF EXISTS `tp_foot_man_refund`;
CREATE TABLE `tp_foot_man_refund` (
  `foot_man_refund_id` int(10) unsigned NOT NULL AUTO_INCREMENT COMMENT '自增主键',
  `order_id` int(10) unsigned NOT NULL DEFAULT '0' COMMENT '订单ID',
  `refund_money` decimal(10,2) unsigned NOT NULL DEFAULT '0.00' COMMENT '退款数量',
  `refund_state` tinyint(3) unsigned NOT NULL DEFAULT '0' COMMENT '退款状态，0未处理，1已退款，2已拒绝，3管理员同意，4管理员拒绝',
  `addtime` int(10) unsigned NOT NULL DEFAULT '0' COMMENT '提交时间',
  `handle_time` int(10) unsigned NOT NULL DEFAULT '0' COMMENT '处理时间',
  `province_id` int(10) unsigned NOT NULL DEFAULT '0' COMMENT '省份ID',
  `city_id` int(10) unsigned NOT NULL DEFAULT '0' COMMENT '城市ID',
  `area_id` int(10) unsigned NOT NULL DEFAULT '0' COMMENT '地区ID',
  PRIMARY KEY (`foot_man_refund_id`),
  KEY `tp_foot_man_refund_order_id` (`order_id`),
  KEY `city_id` (`city_id`),
  KEY `area_id` (`area_id`)
) ENGINE=MyISAM DEFAULT CHARSET=utf8 COMMENT='镖师退款表';

-- ----------------------------
--  Table structure for `tp_freight`
-- ----------------------------
DROP TABLE IF EXISTS `tp_freight`;
CREATE TABLE `tp_freight` (
  `freight_id` int(10) unsigned NOT NULL AUTO_INCREMENT COMMENT '自增主键',
  `user_id` int(10) unsigned NOT NULL DEFAULT '0' COMMENT '用户ID',
  `change_type` tinyint(3) unsigned NOT NULL DEFAULT '0' COMMENT '变动类型，1活动获得，2系统赠送，3订单支付抵扣，4订单退款',
  `freight` smallint(5) unsigned NOT NULL DEFAULT '0' COMMENT '变动数量',
  `start_freight` int(10) unsigned NOT NULL DEFAULT '0' COMMENT '变动前镖金数量',
  `end_freight` int(10) unsigned NOT NULL DEFAULT '0' COMMENT '变动后镖金数量',
  `id` int(10) unsigned NOT NULL DEFAULT '0' COMMENT '若是活动获得，则为活动ID，若是订单相关，则为订单ID',
  `addtime` int(10) unsigned NOT NULL DEFAULT '0' COMMENT '记录生成时间',
  `remark` varchar(255) NOT NULL DEFAULT '' COMMENT '备注',
  `ip` varchar(16) NOT NULL DEFAULT '' COMMENT '操作人IP',
  `province_id` mediumint(8) unsigned NOT NULL DEFAULT '330000' COMMENT '省份ID',
  `city_id` mediumint(8) unsigned NOT NULL DEFAULT '330300' COMMENT '城市ID',
  `area_id` mediumint(8) unsigned NOT NULL DEFAULT '330382' COMMENT '区/县ID',
  PRIMARY KEY (`freight_id`),
  KEY `tp_freight_user_id` (`user_id`),
  KEY `tp_freight_addtime` (`addtime`),
  KEY `city_id` (`city_id`),
  KEY `area_id` (`area_id`)
) ENGINE=MyISAM DEFAULT CHARSET=utf8 COMMENT='用户镖金明细表';

-- ----------------------------
--  Table structure for `tp_freight_activity`
-- ----------------------------
DROP TABLE IF EXISTS `tp_freight_activity`;
CREATE TABLE `tp_freight_activity` (
  `freight_activity_id` int(10) unsigned NOT NULL AUTO_INCREMENT COMMENT '自增主键',
  `freight_activity_rule_id` int(10) unsigned NOT NULL DEFAULT '0' COMMENT '镖金活动规则ID',
  `order_id` int(10) unsigned NOT NULL DEFAULT '0' COMMENT '订单ID',
  `user_id` int(10) unsigned NOT NULL DEFAULT '0' COMMENT '用户ID',
  `activity_type` tinyint(3) unsigned NOT NULL DEFAULT '0' COMMENT '活动类型，0，默认规则(当天无设置情况下用该规则)，1好友红包，2新用户红包，3节假日红包，4管理员发放，5其他',
  `total_num` tinyint(3) unsigned NOT NULL DEFAULT '0' COMMENT '红包总个数',
  `limit_freight` tinyint(3) unsigned NOT NULL DEFAULT '0' COMMENT '上限',
  `valid_day_num` tinyint(3) unsigned NOT NULL DEFAULT '0' COMMENT '抵价券有效期，单位天，从用户领取之时开始计算',
  `deadline` int(10) unsigned NOT NULL DEFAULT '0' COMMENT '当前活动截止日期',
  `state` tinyint(3) unsigned NOT NULL DEFAULT '0' COMMENT '状态，0未使用，1已使用，2已过期',
  `addtime` int(10) unsigned NOT NULL DEFAULT '0' COMMENT '红包生成时间',
  `province_id` mediumint(8) unsigned NOT NULL DEFAULT '330000' COMMENT '省份ID',
  `city_id` mediumint(8) unsigned NOT NULL DEFAULT '330300' COMMENT '城市ID',
  `area_id` mediumint(8) unsigned NOT NULL DEFAULT '330382' COMMENT '区/县ID',
  PRIMARY KEY (`freight_activity_id`),
  KEY `tp_area` (`area_id`)
) ENGINE=MyISAM DEFAULT CHARSET=utf8 COMMENT='镖金活动表';

-- ----------------------------
--  Table structure for `tp_freight_activity_rule`
-- ----------------------------
DROP TABLE IF EXISTS `tp_freight_activity_rule`;
CREATE TABLE `tp_freight_activity_rule` (
  `freight_activity_rule_id` int(10) unsigned NOT NULL AUTO_INCREMENT COMMENT '自增主键',
  `activity_type` tinyint(3) unsigned NOT NULL DEFAULT '0' COMMENT '活动类型，0，默认规则(当天无设置情况下用该规则)，1好友红包，2新用户红包，3节假日红包，4管理员发放，5其他',
  `total_num` tinyint(3) unsigned NOT NULL DEFAULT '0' COMMENT '红包总个数',
  `limit_freight` tinyint(3) unsigned NOT NULL DEFAULT '0' COMMENT '上限',
  `total_freight` tinyint(3) unsigned NOT NULL DEFAULT '0' COMMENT '总镖金上限',
  `coupon_valid_day_num` tinyint(3) unsigned NOT NULL DEFAULT '0' COMMENT '抵价券有效期，单位天，从用户领取之时开始计算',
  `activity_valid_day_num` int(10) unsigned NOT NULL DEFAULT '0' COMMENT '活动有效天数',
  `day_time` int(10) unsigned NOT NULL DEFAULT '0' COMMENT '日期时间戳，每天每个活动类型可设置一个规则',
  `activity_name` varchar(64) NOT NULL DEFAULT '' COMMENT '活动名称',
  `activity_desc` varchar(255) NOT NULL DEFAULT '' COMMENT '活动描述',
  `activity_small_pic` varchar(255) NOT NULL DEFAULT '' COMMENT '分享缩略图路径',
  `activity_pic` varchar(255) NOT NULL DEFAULT '' COMMENT '图片路径',
  `bg_pic` varchar(255) NOT NULL DEFAULT '' COMMENT '背景图路径',
  `link` varchar(255) NOT NULL DEFAULT '' COMMENT '链接',
  `state` tinyint(3) unsigned NOT NULL DEFAULT '0' COMMENT '状态，针对节假日红包等群发性质的红包，1已发送，0未发送',
  `province_id` mediumint(8) unsigned NOT NULL DEFAULT '330000' COMMENT '省份ID',
  `city_id` mediumint(8) unsigned NOT NULL DEFAULT '330300' COMMENT '城市ID',
  `area_id` mediumint(8) unsigned NOT NULL DEFAULT '330382' COMMENT '区/县ID',
  PRIMARY KEY (`freight_activity_rule_id`),
  KEY `tp_area` (`area_id`)
) ENGINE=MyISAM DEFAULT CHARSET=utf8 COMMENT='镖金活动规则表';

-- ----------------------------
--  Table structure for `tp_freight_coupon`
-- ----------------------------
DROP TABLE IF EXISTS `tp_freight_coupon`;
CREATE TABLE `tp_freight_coupon` (
  `freight_coupon_id` int(10) unsigned NOT NULL AUTO_INCREMENT COMMENT '自增主键',
  `user_id` int(10) unsigned NOT NULL DEFAULT '0' COMMENT '用户ID',
  `activity_type` tinyint(3) unsigned NOT NULL DEFAULT '0' COMMENT '活动类型，0，默认规则(当天无设置情况下用该规则)，1好友红包，2新用户红包，3节假日红包，4管理员发放，5其他',
  `freight_activity_id` int(10) unsigned NOT NULL DEFAULT '0' COMMENT '活动ID',
  `num` tinyint(3) unsigned NOT NULL DEFAULT '0' COMMENT '红包面额',
  `deadline` int(10) unsigned NOT NULL DEFAULT '0' COMMENT '截止日期',
  `state` tinyint(3) unsigned NOT NULL DEFAULT '0' COMMENT '状态，0未使用，1已使用，2已过期',
  `addtime` int(10) unsigned NOT NULL DEFAULT '0' COMMENT '领取时间',
  `province_id` mediumint(8) unsigned NOT NULL DEFAULT '330000' COMMENT '省份ID',
  `city_id` mediumint(8) unsigned NOT NULL DEFAULT '330300' COMMENT '城市ID',
  `area_id` mediumint(8) unsigned NOT NULL DEFAULT '330382' COMMENT '区/县ID',
  `merge_pay_id` int(10) unsigned DEFAULT '0' COMMENT '合并支付ID',
  `freight_discount` decimal(10,2) unsigned DEFAULT '0.00' COMMENT '实际抵扣金额',
  `use_time` int(10) unsigned DEFAULT '0' COMMENT '使用时间',
  PRIMARY KEY (`freight_coupon_id`),
  KEY `tp_area` (`area_id`)
) ENGINE=MyISAM DEFAULT CHARSET=utf8 COMMENT='镖金抵用券表';

-- ----------------------------
--  Table structure for `tp_game`
-- ----------------------------
DROP TABLE IF EXISTS `tp_game`;
CREATE TABLE `tp_game` (
  `game_id` int(8) NOT NULL AUTO_INCREMENT COMMENT '自增主键',
  `game_name` varchar(32) NOT NULL DEFAULT '' COMMENT '名称',
  `addtime` int(11) NOT NULL DEFAULT '0' COMMENT '游戏id',
  `serial` tinyint(4) NOT NULL DEFAULT '0' COMMENT '排序号',
  `isuse` tinyint(4) NOT NULL DEFAULT '0' COMMENT '是否启用，1启用，0关闭',
  PRIMARY KEY (`game_id`)
) ENGINE=MyISAM AUTO_INCREMENT=17 DEFAULT CHARSET=utf8 COMMENT='游戏表';

-- ----------------------------
--  Records of `tp_game`
-- ----------------------------
BEGIN;
INSERT INTO `tp_game` VALUES ('1', '对对碰', '1473495829', '0', '1'), ('2', '大冒险', '1473495848', '1', '1'), ('3', ' 坦克大战', '1473495869', '2', '1'), ('4', '诛仙手游', '1473495973', '4', '1'), ('5', '战国立志传', '1473495994', '3', '1'), ('6', '欢乐斗地主', '1473496015', '5', '1'), ('7', '进击的巨人', '1473496029', '6', '1'), ('8', '黎明杀机', '1473496042', '7', '1'), ('9', '海贼王：燃血', '1473496058', '8', '1'), ('10', '火影风暴4', '1473496076', '9', '1'), ('11', '无人深空', '1473496088', '10', '1'), ('12', '杀出重围', '1473496108', '11', '1'), ('13', '国土防线2', '1473496121', '12', '1'), ('14', '火之审判', '1473496134', '13', '1'), ('15', '星界边境', '1473496148', '14', '1'), ('16', '百战天虫', '1473496160', '15', '1');
COMMIT;

-- ----------------------------
--  Table structure for `tp_group_buy`
-- ----------------------------
DROP TABLE IF EXISTS `tp_group_buy`;
CREATE TABLE `tp_group_buy` (
  `group_buy_id` int(11) NOT NULL AUTO_INCREMENT COMMENT '自增主键',
  `group_name` varchar(255) NOT NULL DEFAULT '' COMMENT '团购名称',
  `group_desc` varchar(255) NOT NULL DEFAULT '商品简介' COMMENT '商品简介',
  `unit` varchar(8) NOT NULL COMMENT '单位',
  `item_sn` varchar(32) NOT NULL DEFAULT '' COMMENT '商品货号',
  `base_pic` varchar(128) NOT NULL DEFAULT '' COMMENT '原图',
  `group_price` decimal(10,2) NOT NULL DEFAULT '0.00' COMMENT '团购价',
  `sales_num` int(11) NOT NULL DEFAULT '0' COMMENT '销售量',
  `clickdot` int(11) NOT NULL DEFAULT '0' COMMENT '点击量',
  `addtime` int(11) NOT NULL DEFAULT '0' COMMENT '添加时间',
  `onstore_time` int(10) unsigned NOT NULL DEFAULT '0' COMMENT '上架时间',
  `serial` tinyint(4) NOT NULL DEFAULT '0' COMMENT '排序号',
  `isuse` tinyint(4) NOT NULL DEFAULT '0' COMMENT '3种含义，0下架，1上架，2已删除（假删除）',
  `stock` int(11) NOT NULL DEFAULT '0' COMMENT '库存',
  `market_price` decimal(10,2) NOT NULL DEFAULT '0.00' COMMENT '市场价',
  `item_id` int(11) NOT NULL DEFAULT '0' COMMENT '商品号',
  `people_limit` int(8) NOT NULL DEFAULT '0' COMMENT '参团人数',
  `end_time` int(11) NOT NULL DEFAULT '0' COMMENT '到期时间',
  `start_time` int(11) NOT NULL DEFAULT '0' COMMENT '开始时间',
  `status` tinyint(6) NOT NULL DEFAULT '0' COMMENT '状态：0,未开团， 1,已开团， 2,组团完成',
  PRIMARY KEY (`group_buy_id`)
) ENGINE=MyISAM AUTO_INCREMENT=11 DEFAULT CHARSET=utf8 COMMENT='团购商品表';

-- ----------------------------
--  Table structure for `tp_group_buy_user`
-- ----------------------------
DROP TABLE IF EXISTS `tp_group_buy_user`;
CREATE TABLE `tp_group_buy_user` (
  `group_buy_user_id` int(11) unsigned NOT NULL AUTO_INCREMENT COMMENT '自增主键',
  `group_buy_id` int(11) NOT NULL DEFAULT '0' COMMENT '团购ID',
  `user_id` int(11) NOT NULL DEFAULT '0' COMMENT '用户ID',
  `addtime` int(11) NOT NULL,
  `order_id` int(11) NOT NULL DEFAULT '0' COMMENT '订单',
  PRIMARY KEY (`group_buy_user_id`),
  KEY `tp_group_buy` (`group_buy_id`),
  KEY `tp_users` (`user_id`) USING BTREE
) ENGINE=MyISAM AUTO_INCREMENT=12 DEFAULT CHARSET=utf8 COMMENT='团购-用户关联表';

-- ----------------------------
--  Table structure for `tp_guess`
-- ----------------------------
DROP TABLE IF EXISTS `tp_guess`;
CREATE TABLE `tp_guess` (
  `guess_id` int(8) NOT NULL AUTO_INCREMENT COMMENT '自增主键',
  `guess_name` varchar(32) NOT NULL DEFAULT '' COMMENT '声次名称',
  `host_team` smallint(8) unsigned NOT NULL DEFAULT '0' COMMENT '主队',
  `guest_team` smallint(8) unsigned NOT NULL DEFAULT '0' COMMENT '客队',
  `start_time` int(11) NOT NULL DEFAULT '0' COMMENT '开盘时间',
  `addtime` int(11) NOT NULL DEFAULT '0',
  `serial` tinyint(4) NOT NULL DEFAULT '0' COMMENT '排序号',
  `isuse` tinyint(4) NOT NULL DEFAULT '0' COMMENT '是否启用，1启用，0关闭',
  `is_over` tinyint(4) NOT NULL DEFAULT '0' COMMENT '是否结束  1, 已开盘，不得下， 2, 可以下',
  `host_score` smallint(6) NOT NULL DEFAULT '0' COMMENT '主队分数',
  `guest_score` smallint(6) NOT NULL DEFAULT '0' COMMENT '客队分数',
  `over_time` int(11) NOT NULL DEFAULT '0',
  `is_start` tinyint(4) NOT NULL DEFAULT '0' COMMENT '是否开盘 1, 王工， 2,关',
  PRIMARY KEY (`guess_id`)
) ENGINE=MyISAM AUTO_INCREMENT=15 DEFAULT CHARSET=utf8 COMMENT='竟猜';

-- ----------------------------
--  Records of `tp_guess`
-- ----------------------------
BEGIN;
INSERT INTO `tp_guess` VALUES ('1', '纯牛奶', '3', '5', '1473476432', '0', '0', '1', '1', '100', '100', '1473559551', '0'), ('2', '赛事竞猜', '4', '6', '1473476712', '0', '1', '1', '1', '200', '180', '1473560174', '0'), ('3', '冷暖自知', '2', '3', '1473494852', '0', '2', '1', '0', '100', '180', '0', '0'), ('4', '海盗队', '7', '4', '1473926926', '0', '3', '1', '0', '0', '0', '0', '0'), ('5', '麦芒', '2', '5', '1473494959', '0', '5', '1', '0', '360', '165', '0', '0'), ('6', '车道上', '2', '5', '1472458189', '0', '4', '1', '1', '1800', '1980', '1473559578', '0'), ('7', '逗我', '2', '6', '1473495033', '0', '6', '1', '0', '160', '180', '0', '0'), ('8', '我还能打', '4', '6', '1473495083', '0', '7', '1', '0', '100', '180', '0', '0'), ('9', '回家洗洗睡', '7', '4', '1473495105', '0', '8', '1', '0', '160', '158', '0', '0'), ('10', '超少年', '5', '7', '1473063175', '0', '9', '1', '0', '170', '172', '0', '0'), ('11', '定位', '2', '5', '1474359201', '0', '10', '1', '0', '0', '0', '0', '0'), ('12', '夺宝君', '2', '6', '1473495235', '0', '11', '1', '0', '0', '0', '0', '0'), ('13', ' 上网去', '5', '2', '1475050475', '0', '12', '1', '0', '0', '0', '0', '0'), ('14', ' 萨瓦迪卡', '4', '5', '1473495344', '0', '13', '1', '0', '0', '0', '0', '0');
COMMIT;

-- ----------------------------
--  Table structure for `tp_guess_champion`
-- ----------------------------
DROP TABLE IF EXISTS `tp_guess_champion`;
CREATE TABLE `tp_guess_champion` (
  `guess_champion_id` int(8) NOT NULL AUTO_INCREMENT COMMENT '自增主键',
  `title` varchar(128) NOT NULL DEFAULT '' COMMENT '名称',
  `start_time` int(11) NOT NULL DEFAULT '0' COMMENT '开始时间',
  `end_time` int(11) NOT NULL DEFAULT '0' COMMENT '结束时间',
  `province_id` int(10) unsigned NOT NULL DEFAULT '330000' COMMENT '省份ID',
  `city_id` int(10) unsigned NOT NULL DEFAULT '330300' COMMENT '城市ID',
  `area_id` int(10) unsigned NOT NULL DEFAULT '330382' COMMENT '地区ID',
  `address` varchar(128) NOT NULL DEFAULT '' COMMENT '地点',
  `img_path` varchar(128) NOT NULL DEFAULT '' COMMENT '图片地址',
  `addtime` int(11) NOT NULL DEFAULT '0',
  `serial` tinyint(4) NOT NULL DEFAULT '0' COMMENT '排序号',
  `isuse` tinyint(4) NOT NULL DEFAULT '0' COMMENT '是否启用，1启用，0关闭',
  `is_over` tinyint(4) NOT NULL DEFAULT '0' COMMENT '是否结束',
  `result` int(8) NOT NULL DEFAULT '0' COMMENT '结果，胜出队id',
  PRIMARY KEY (`guess_champion_id`)
) ENGINE=MyISAM AUTO_INCREMENT=7 DEFAULT CHARSET=utf8 COMMENT='冠军赛';

-- ----------------------------
--  Records of `tp_guess_champion`
-- ----------------------------
BEGIN;
INSERT INTO `tp_guess_champion` VALUES ('1', '马拉松赛事竞猜', '1473683504', '1475245910', '330000', '330100', '330110', '文一西路恒生科技园', '/Uploads/image/article/thumb/2016-09/20160910223247_93462.jpg', '1473517973', '0', '1', '0', '0'), ('2', '守望先锋', '1473579352', '1474547763', '110000', '110000', '110101', '天安门', '/Uploads/image/article/thumb/2016-09/20160910223634_84220.jpg', '1473518198', '1', '1', '0', '0'), ('3', '大鱼吃小鱼', '1473691152', '1475246355', '150000', '150400', '150404', '世纪大道699号', '/Uploads/image/article/thumb/2016-09/20160910223938_12421.jpg', '1473518386', '2', '1', '0', '0'), ('4', '大虾吃小虾', '1473518489', '1475764895', '120000', '120000', '120104', '南开大学', '/Uploads/image/article/thumb/2016-09/20160910224305_76666.jpg', '1473518589', '3', '1', '0', '0'), ('5', '战火英雄', '1474469003', '1475246605', '210000', '210500', '210504', '文一西路1218号', '/Uploads/image/article/thumb/2016-09/20160910224403_70846.jpg', '1473518647', '4', '1', '0', '0'), ('6', '双人打僵尸', '1473687864', '1473777871', '230000', '230600', '230606', '文一西路1218号', '/Uploads/image/article/thumb/2016-09/20160910224518_73715.jpg', '1473518722', '5', '1', '0', '0');
COMMIT;

-- ----------------------------
--  Table structure for `tp_guess_champion_team`
-- ----------------------------
DROP TABLE IF EXISTS `tp_guess_champion_team`;
CREATE TABLE `tp_guess_champion_team` (
  `guess_champion_team_id` int(8) NOT NULL AUTO_INCREMENT COMMENT '自增主键',
  `guess_champion_id` int(8) NOT NULL DEFAULT '0' COMMENT 'id',
  `odds` float(6,2) NOT NULL DEFAULT '0.00' COMMENT '赔率',
  `team_id` int(8) NOT NULL DEFAULT '0' COMMENT '队伍',
  `addtime` int(11) NOT NULL DEFAULT '0',
  `serial` tinyint(4) NOT NULL DEFAULT '0' COMMENT '排序号',
  `isuse` tinyint(4) NOT NULL DEFAULT '0' COMMENT '是否启用，1启用，0关闭',
  PRIMARY KEY (`guess_champion_team_id`)
) ENGINE=MyISAM AUTO_INCREMENT=6 DEFAULT CHARSET=utf8 COMMENT='冠军赛对应的队伍';

-- ----------------------------
--  Records of `tp_guess_champion_team`
-- ----------------------------
BEGIN;
INSERT INTO `tp_guess_champion_team` VALUES ('1', '1', '1.25', '5', '1473517994', '0', '1'), ('2', '4', '1.88', '3', '1473559605', '1', '1'), ('3', '6', '2.00', '5', '1473559654', '2', '1'), ('4', '5', '1.75', '4', '1473559925', '3', '1'), ('5', '6', '1.77', '7', '1473560249', '4', '1');
COMMIT;

-- ----------------------------
--  Table structure for `tp_guess_champion_user`
-- ----------------------------
DROP TABLE IF EXISTS `tp_guess_champion_user`;
CREATE TABLE `tp_guess_champion_user` (
  `guess_champion_user_id` int(11) NOT NULL AUTO_INCREMENT COMMENT '自增主键',
  `guess_champion_id` int(11) NOT NULL DEFAULT '0' COMMENT '所属竞猜',
  `user_id` int(11) unsigned NOT NULL DEFAULT '0' COMMENT '用户',
  `team_id` int(8) NOT NULL DEFAULT '0' COMMENT '队伍id',
  `add_money` float(8,2) NOT NULL DEFAULT '0.00' COMMENT '投注金额',
  `odds` float(4,2) NOT NULL DEFAULT '0.00' COMMENT '赔率',
  `is_pay` tinyint(4) NOT NULL DEFAULT '0' COMMENT '1,是，0否',
  `addtime` int(11) NOT NULL DEFAULT '0',
  `is_prize` tinyint(4) NOT NULL DEFAULT '0' COMMENT '是否中奖',
  `prize_money` float(8,2) NOT NULL DEFAULT '0.00' COMMENT '奖金',
  `guess_champion_team_id` int(8) NOT NULL DEFAULT '0' COMMENT '所选队伍',
  PRIMARY KEY (`guess_champion_user_id`)
) ENGINE=MyISAM AUTO_INCREMENT=9 DEFAULT CHARSET=utf8 COMMENT='猜冠军用户表';

-- ----------------------------
--  Records of `tp_guess_champion_user`
-- ----------------------------
BEGIN;
INSERT INTO `tp_guess_champion_user` VALUES ('1', '1', '39607', '5', '10000.00', '1.25', '1', '1473558854', '0', '0.00', '1'), ('2', '1', '39609', '5', '100.00', '1.25', '1', '1473578404', '0', '0.00', '1'), ('3', '1', '39609', '5', '100.00', '1.25', '1', '1473578749', '0', '0.00', '1'), ('4', '1', '39609', '5', '100.00', '1.25', '1', '1473579221', '0', '0.00', '1'), ('5', '1', '39609', '5', '150.00', '1.25', '1', '1473579610', '0', '0.00', '1'), ('6', '1', '39609', '5', '1000.00', '1.25', '1', '1473580166', '0', '0.00', '1'), ('7', '1', '39609', '5', '100.00', '1.25', '1', '1473582591', '0', '0.00', '1'), ('8', '1', '39609', '5', '100.00', '1.25', '1', '1473582730', '0', '0.00', '1');
COMMIT;

-- ----------------------------
--  Table structure for `tp_guess_field`
-- ----------------------------
DROP TABLE IF EXISTS `tp_guess_field`;
CREATE TABLE `tp_guess_field` (
  `guess_field_id` int(8) NOT NULL AUTO_INCREMENT COMMENT '自增主键',
  `guess_field_name` varchar(32) NOT NULL DEFAULT '' COMMENT '名称',
  `start_time` int(11) NOT NULL DEFAULT '0' COMMENT '开盘时间',
  `addtime` int(11) NOT NULL DEFAULT '0',
  `serial` tinyint(4) NOT NULL DEFAULT '0' COMMENT '排序号',
  `isuse` tinyint(4) NOT NULL DEFAULT '0' COMMENT '是否启用，1启用，0关闭',
  `guess_id` int(11) NOT NULL DEFAULT '0' COMMENT '所在竞猜',
  `is_over` tinyint(4) NOT NULL DEFAULT '0' COMMENT '是否结束',
  `is_start` tinyint(4) NOT NULL DEFAULT '0' COMMENT '是否开盘',
  PRIMARY KEY (`guess_field_id`)
) ENGINE=MyISAM AUTO_INCREMENT=36 DEFAULT CHARSET=utf8 COMMENT='竟猜局数';

-- ----------------------------
--  Records of `tp_guess_field`
-- ----------------------------
BEGIN;
INSERT INTO `tp_guess_field` VALUES ('1', '冷VS先锋', '1473483777', '0', '0', '1', '1', '0', '2'), ('2', '第二局', '1473487603', '0', '1', '1', '1', '0', '2'), ('3', '第一局', '1473440857', '0', '0', '1', '2', '1', '0'), ('19', '第二局', '1473575016', '0', '1', '1', '2', '0', '2'), ('4', '第一局', '1473487698', '0', '3', '1', '3', '0', '2'), ('5', '第二局', '1474434540', '0', '1', '1', '4', '0', '2'), ('6', '第一局', '1473574196', '0', '5', '1', '6', '0', '2'), ('7', '魂斗VS创新', '1473052230', '0', '6', '1', '7', '0', '2'), ('8', '魂斗VS创新第二局', '1473660655', '0', '7', '1', '7', '0', '2'), ('9', '第一局', '1473059478', '0', '0', '1', '9', '0', '2'), ('10', '第一局', '1475169101', '0', '9', '1', '8', '0', '2'), ('11', '第一局', '1473700509', '0', '10', '1', '5', '0', '2'), ('12', '敢死VS创新争锋对决', '1473945486', '0', '11', '1', '8', '0', '2'), ('13', '魂斗巅峰对决', '1473614371', '0', '4', '1', '11', '0', '2'), ('14', '星空对决', '1474996836', '0', '2', '1', '10', '0', '2'), ('15', '第一局', '1473660568', '0', '0', '1', '14', '0', '2'), ('16', '第二局', '1473574844', '0', '1', '1', '9', '0', '2'), ('17', '第二局', '1473574890', '0', '1', '1', '3', '0', '2'), ('18', '第一局', '1473574950', '0', '0', '1', '4', '0', '2'), ('20', '第二局', '1473575088', '0', '1', '1', '5', '0', '2'), ('21', '第二局', '1473575100', '0', '2', '1', '5', '0', '2'), ('22', '第一局', '1473575255', '0', '0', '1', '11', '0', '2'), ('23', '第二局', '1473575267', '0', '1', '1', '11', '0', '2'), ('24', '第三局', '1473575278', '0', '2', '1', '11', '0', '2'), ('25', '第三局', '1473575291', '0', '3', '1', '11', '0', '2'), ('26', '第一局', '1473575324', '0', '1', '1', '10', '0', '2'), ('27', '第二局', '1473575335', '0', '0', '1', '10', '0', '2'), ('28', '第三局', '1473575365', '0', '4', '1', '10', '0', '2'), ('29', '第三局', '1473575382', '0', '3', '1', '10', '0', '2'), ('30', '第一局', '1473575434', '0', '0', '1', '13', '0', '2'), ('31', '第一局', '1473575630', '0', '0', '1', '12', '0', '2'), ('32', '第二局', '1473575686', '0', '1', '1', '13', '0', '2'), ('33', '第二局', '1473749838', '0', '2', '1', '14', '0', '0'), ('34', '第88局', '1473663768', '0', '1', '1', '14', '0', '2'), ('35', '第一局', '1473579263', '0', '1', '1', '4', '0', '0');
COMMIT;

-- ----------------------------
--  Table structure for `tp_guess_field_question`
-- ----------------------------
DROP TABLE IF EXISTS `tp_guess_field_question`;
CREATE TABLE `tp_guess_field_question` (
  `guess_field_question_id` int(8) NOT NULL AUTO_INCREMENT COMMENT '自增主键',
  `guess_question_id` int(8) NOT NULL DEFAULT '0' COMMENT '题目id',
  `host_odds` float(4,2) NOT NULL DEFAULT '1.00' COMMENT '主队赔率',
  `guest_odds` float(4,2) NOT NULL DEFAULT '1.00' COMMENT '客队赔率',
  `guess_field_id` int(11) NOT NULL DEFAULT '0' COMMENT '所在局',
  `guess_id` int(11) NOT NULL DEFAULT '0' COMMENT '所属竞猜',
  `addtime` int(11) NOT NULL DEFAULT '0',
  `serial` tinyint(4) NOT NULL DEFAULT '0' COMMENT '排序号',
  `isuse` tinyint(4) NOT NULL DEFAULT '0' COMMENT '是否启用，1启用，0关闭',
  `is_over` tinyint(4) NOT NULL DEFAULT '0' COMMENT '是否已结束',
  `result` tinyint(4) NOT NULL DEFAULT '0' COMMENT '1,主队胜， 2,客队胜',
  PRIMARY KEY (`guess_field_question_id`)
) ENGINE=MyISAM AUTO_INCREMENT=61 DEFAULT CHARSET=utf8 COMMENT='竟猜局数题目';

-- ----------------------------
--  Records of `tp_guess_field_question`
-- ----------------------------
BEGIN;
INSERT INTO `tp_guess_field_question` VALUES ('1', '2', '1.00', '1.00', '1', '1', '1473527135', '0', '1', '0', '0'), ('2', '1', '1.00', '1.00', '7', '7', '1473561243', '1', '1', '0', '0'), ('3', '3', '1.00', '1.00', '9', '9', '1473574876', '0', '1', '0', '0'), ('4', '4', '1.00', '1.00', '1', '1', '1473574932', '0', '1', '1', '1'), ('5', '3', '1.00', '1.00', '12', '8', '1473575129', '1', '1', '0', '0'), ('6', '3', '1.00', '1.00', '4', '3', '1473575158', '0', '1', '0', '0'), ('7', '5', '1.00', '1.00', '4', '3', '1473575172', '1', '1', '0', '0'), ('8', '3', '1.00', '1.00', '17', '3', '1473575208', '0', '1', '0', '0'), ('9', '5', '1.00', '1.00', '17', '3', '1473575218', '1', '1', '0', '0'), ('10', '3', '1.00', '1.00', '17', '3', '1473575229', '2', '1', '0', '0'), ('11', '5', '1.00', '1.00', '17', '3', '1473575240', '3', '1', '0', '0'), ('12', '3', '1.00', '1.00', '17', '3', '1473575422', '4', '1', '0', '0'), ('13', '4', '1.00', '1.00', '30', '13', '1473575461', '0', '1', '0', '0'), ('14', '5', '1.00', '1.00', '30', '13', '1473575469', '1', '1', '0', '0'), ('15', '5', '4.90', '1.23', '15', '14', '1473575501', '0', '1', '0', '0'), ('16', '5', '1.00', '1.00', '15', '14', '1473575511', '1', '1', '0', '0'), ('17', '4', '1.00', '1.00', '15', '14', '1473575519', '2', '1', '0', '0'), ('18', '5', '1.00', '1.00', '22', '11', '1473575566', '0', '1', '0', '0'), ('19', '4', '1.00', '1.00', '22', '11', '1473575584', '1', '1', '0', '0'), ('20', '3', '1.00', '1.00', '22', '11', '1473575592', '2', '1', '0', '0'), ('21', '4', '1.00', '1.00', '31', '12', '1473575651', '0', '1', '0', '0'), ('22', '4', '1.00', '1.00', '31', '12', '1473575661', '1', '1', '0', '0'), ('23', '4', '1.00', '1.00', '3', '2', '1473575768', '0', '1', '0', '0'), ('24', '3', '1.00', '1.00', '3', '2', '1473575781', '1', '1', '0', '0'), ('25', '4', '1.00', '1.00', '3', '2', '1473575784', '0', '1', '0', '0'), ('26', '5', '1.00', '1.00', '10', '8', '1473575912', '0', '1', '0', '0'), ('27', '4', '1.00', '1.00', '10', '8', '1473575919', '1', '1', '0', '0'), ('28', '3', '1.00', '1.00', '2', '1', '1473575938', '0', '1', '1', '1'), ('29', '4', '1.00', '1.00', '9', '9', '1473575968', '1', '1', '0', '0'), ('30', '5', '1.00', '1.00', '9', '9', '1473575978', '2', '1', '0', '0'), ('31', '2', '1.00', '1.00', '33', '14', '1473577079', '1', '1', '0', '0'), ('32', '2', '1.00', '1.00', '31', '12', '1473577714', '0', '1', '0', '0'), ('33', '4', '10.79', '1.08', '31', '12', '1473577768', '1', '1', '0', '0'), ('34', '2', '1.00', '1.00', '9', '9', '1473577823', '0', '1', '0', '0'), ('35', '3', '1.00', '1.00', '31', '12', '1473577852', '0', '1', '0', '0'), ('36', '3', '1.00', '1.00', '31', '12', '1473577868', '0', '1', '0', '0'), ('37', '2', '1.00', '1.00', '31', '12', '1473577886', '0', '1', '0', '0'), ('38', '3', '1.00', '1.00', '22', '11', '1473577904', '0', '1', '0', '0'), ('39', '4', '1.00', '1.00', '24', '11', '1473577929', '0', '1', '0', '0'), ('40', '2', '1.00', '1.00', '27', '10', '1473577943', '1', '1', '0', '0'), ('41', '2', '1.00', '1.00', '18', '4', '1473577957', '1', '1', '0', '0'), ('42', '2', '1.00', '1.00', '8', '7', '1473577968', '1', '1', '0', '0'), ('43', '4', '1.00', '1.00', '16', '9', '1473577983', '1', '1', '0', '0'), ('44', '3', '1.00', '1.00', '29', '10', '1473578005', '0', '1', '0', '0'), ('45', '5', '1.00', '1.00', '9', '9', '1473578017', '0', '1', '0', '0'), ('46', '4', '1.00', '1.00', '14', '10', '1473578047', '1', '1', '0', '0'), ('47', '1', '1.00', '1.00', '8', '7', '1473578059', '0', '1', '0', '0'), ('48', '2', '1.00', '1.00', '30', '13', '1473578142', '0', '1', '0', '0'), ('49', '3', '1.00', '1.00', '31', '12', '1473578170', '0', '1', '0', '0'), ('50', '3', '1.00', '1.00', '24', '11', '1473578195', '0', '1', '0', '0'), ('51', '3', '1.00', '1.00', '27', '10', '1473578212', '0', '1', '0', '0'), ('52', '4', '1.00', '1.00', '22', '11', '1473578223', '0', '1', '0', '0'), ('53', '3', '1.00', '1.00', '22', '11', '1473578243', '0', '1', '0', '0'), ('54', '2', '1.00', '1.00', '22', '11', '1473578269', '0', '1', '0', '0'), ('55', '2', '1.00', '1.00', '31', '12', '1473578292', '0', '1', '0', '0'), ('56', '2', '1.00', '1.00', '21', '5', '1473578314', '0', '1', '0', '0'), ('57', '4', '1.00', '1.00', '23', '11', '1473578324', '0', '1', '0', '0'), ('58', '4', '1.00', '1.00', '9', '9', '1473578540', '3', '1', '0', '0'), ('59', '3', '1.00', '1.00', '24', '11', '1473578572', '1', '1', '0', '0'), ('60', '4', '1.00', '1.00', '29', '10', '1473579017', '1', '1', '0', '0');
COMMIT;

-- ----------------------------
--  Table structure for `tp_guess_question`
-- ----------------------------
DROP TABLE IF EXISTS `tp_guess_question`;
CREATE TABLE `tp_guess_question` (
  `guess_question_id` int(8) NOT NULL AUTO_INCREMENT COMMENT '自增主键',
  `desc` varchar(128) NOT NULL DEFAULT '' COMMENT '内容',
  `serial` tinyint(4) NOT NULL DEFAULT '0' COMMENT '排序号',
  `isuse` tinyint(4) NOT NULL DEFAULT '0' COMMENT '是否启用，1是，0否',
  PRIMARY KEY (`guess_question_id`)
) ENGINE=MyISAM AUTO_INCREMENT=6 DEFAULT CHARSET=utf8 COMMENT='题目表';

-- ----------------------------
--  Records of `tp_guess_question`
-- ----------------------------
BEGIN;
INSERT INTO `tp_guess_question` VALUES ('1', '大鱼吃小鱼赛事延迟', '0', '1'), ('2', '双人打僵尸取消', '1', '1'), ('3', '第一局比赛胜利者是？', '2', '1'), ('4', '第一局比赛哪个队伍会拿下第一滴血？', '3', '1'), ('5', '第一局哪一队比赛会先来十个击杀？', '4', '1');
COMMIT;

-- ----------------------------
--  Table structure for `tp_guess_user`
-- ----------------------------
DROP TABLE IF EXISTS `tp_guess_user`;
CREATE TABLE `tp_guess_user` (
  `guess_user_id` int(11) NOT NULL AUTO_INCREMENT COMMENT '自增主键',
  `guess_id` int(11) NOT NULL DEFAULT '0' COMMENT '所属竞猜',
  `user_id` int(11) unsigned NOT NULL DEFAULT '0' COMMENT '用户',
  `guess_field_question_id` smallint(8) unsigned NOT NULL DEFAULT '0' COMMENT '所属问题',
  `team_type` tinyint(4) NOT NULL DEFAULT '0' COMMENT '哪个队伍：1,主队，2,客队',
  `team_id` int(8) NOT NULL DEFAULT '0' COMMENT '队伍id',
  `add_money` float(8,2) NOT NULL DEFAULT '0.00' COMMENT '投注金额',
  `odds` float(4,2) NOT NULL DEFAULT '0.00' COMMENT '赔率',
  `is_pay` tinyint(4) NOT NULL DEFAULT '0' COMMENT '1,是，0否',
  `addtime` int(11) NOT NULL DEFAULT '0',
  `is_prize` tinyint(4) NOT NULL DEFAULT '0' COMMENT '是否中奖',
  `prize_money` float(8,2) NOT NULL DEFAULT '0.00' COMMENT '奖金',
  PRIMARY KEY (`guess_user_id`)
) ENGINE=MyISAM AUTO_INCREMENT=13 DEFAULT CHARSET=utf8 COMMENT='竟猜用户表';

-- ----------------------------
--  Records of `tp_guess_user`
-- ----------------------------
BEGIN;
INSERT INTO `tp_guess_user` VALUES ('1', '7', '39607', '2', '2', '6', '1000.00', '1.00', '1', '1473561343', '0', '0.00'), ('2', '14', '39607', '15', '2', '5', '1000.00', '1.00', '1', '1473581257', '0', '0.00'), ('3', '14', '39607', '15', '1', '4', '100.00', '1.00', '1', '1473581275', '0', '0.00'), ('4', '14', '39607', '15', '1', '4', '200.00', '10.78', '1', '1473581294', '0', '0.00'), ('5', '14', '39607', '15', '2', '5', '100.00', '1.27', '1', '1473581438', '0', '0.00'), ('6', '14', '39607', '15', '2', '5', '100.00', '1.25', '1', '1473581448', '0', '0.00'), ('7', '12', '39613', '21', '2', '6', '100.00', '1.00', '1', '1473582543', '0', '0.00'), ('8', '12', '39613', '49', '2', '6', '111.00', '1.00', '1', '1473582743', '0', '0.00'), ('9', '12', '39613', '33', '1', '2', '111.00', '1.00', '1', '1473582754', '0', '0.00'), ('10', '12', '39613', '55', '1', '2', '11111.00', '1.00', '1', '1473582767', '0', '0.00'), ('11', '12', '39613', '33', '2', '6', '1111.00', '1.00', '1', '1473582790', '0', '0.00'), ('12', '12', '39613', '35', '2', '6', '111.00', '1.00', '1', '1473582863', '0', '0.00');
COMMIT;

-- ----------------------------
--  Table structure for `tp_help`
-- ----------------------------
DROP TABLE IF EXISTS `tp_help`;
CREATE TABLE `tp_help` (
  `help_id` mediumint(8) unsigned NOT NULL AUTO_INCREMENT,
  `title` varchar(64) COLLATE utf8_unicode_ci NOT NULL DEFAULT '',
  `help_sort_id` smallint(3) unsigned NOT NULL DEFAULT '0',
  `help_tag` varchar(16) COLLATE utf8_unicode_ci NOT NULL DEFAULT '',
  `serial` smallint(3) unsigned NOT NULL DEFAULT '0',
  `isuse` tinyint(1) unsigned NOT NULL DEFAULT '0',
  `is_navigator_show` tinyint(1) unsigned NOT NULL DEFAULT '0' COMMENT '是否在导航栏显示',
  `is_bottom_show` tinyint(1) unsigned NOT NULL DEFAULT '0' COMMENT '是否在底部显示',
  `addtime` int(10) unsigned NOT NULL DEFAULT '0' COMMENT '添加时间',
  `province_id` mediumint(8) unsigned NOT NULL DEFAULT '330000' COMMENT '省份ID',
  `city_id` mediumint(8) unsigned NOT NULL DEFAULT '330300' COMMENT '城市ID',
  `area_id` mediumint(8) unsigned NOT NULL DEFAULT '330382' COMMENT '区/县ID',
  `user_type` tinyint(3) unsigned NOT NULL DEFAULT '0' COMMENT '用户类型，0通用，1管理员，2商家，3用户，4镖师',
  PRIMARY KEY (`help_id`),
  KEY `tp_area` (`area_id`)
) ENGINE=MyISAM AUTO_INCREMENT=24 DEFAULT CHARSET=utf8 COLLATE=utf8_unicode_ci;

-- ----------------------------
--  Records of `tp_help`
-- ----------------------------
BEGIN;
INSERT INTO `tp_help` VALUES ('1', '关于我们', '1', 'about_us', '1', '1', '1', '1', '1413333333', '330000', '330300', '330382', '0'), ('2', '只为帮助你', '2', '购物|指南', '0', '1', '0', '0', '1413333333', '330000', '330300', '330382', '0'), ('3', '货到付款', '4', '支付|货到付款', '2', '1', '1', '1', '1413333333', '330000', '330300', '330382', '0'), ('4', '如何用支付宝', '4', '', '0', '1', '1', '1', '1413333333', '330000', '330300', '330382', '0'), ('5', '需要帮助吗', '6', '', '38', '1', '0', '1', '1413333333', '330000', '330300', '330382', '0'), ('6', '测试帮助', '1', '', '1', '1', '1', '1', '1413333333', '330000', '330300', '330382', '0'), ('8', '如何使用帮助', '8', '', '0', '1', '1', '1', '1413333333', '330000', '330300', '330382', '0'), ('9', '配送距离', '3', '', '0', '1', '1', '1', '1413333333', '330000', '330300', '330382', '0'), ('10', '如何注册', '2', '', '4', '1', '1', '1', '1413333333', '330000', '330300', '330382', '1'), ('11', '1', '1', '', '2', '1', '1', '1', '1413333333', '330000', '330300', '330382', '0'), ('12', '如何抢单', '2', '', '2', '1', '1', '1', '1413333333', '330000', '330300', '330382', '0'), ('13', 'gwbz1', '4', '', '2', '0', '0', '0', '1413333333', '330000', '330300', '330382', '0'), ('14', '如何下单', '2', '', '3', '1', '1', '1', '1413333333', '330000', '330300', '330382', '0'), ('15', '服务条款', '1', '', '0', '1', '0', '0', '1413333333', '330000', '330300', '330382', '0'), ('18', '配送工具', '3', '', '0', '1', '1', '1', '1428543862', '330000', '330300', '330382', '4'), ('19', '嘿，看这里', '2', '', '1', '1', '1', '1', '1428544546', '330000', '330300', '330382', '0'), ('23', 'afas', '3', '', '0', '1', '0', '0', '1432007370', '330000', '330300', '330382', '0');
COMMIT;

-- ----------------------------
--  Table structure for `tp_help_sort`
-- ----------------------------
DROP TABLE IF EXISTS `tp_help_sort`;
CREATE TABLE `tp_help_sort` (
  `help_sort_id` smallint(3) unsigned NOT NULL AUTO_INCREMENT,
  `help_sort_name` varchar(16) COLLATE utf8_unicode_ci NOT NULL DEFAULT '',
  `serial` smallint(3) unsigned NOT NULL DEFAULT '0',
  `isuse` tinyint(1) unsigned NOT NULL DEFAULT '0',
  `province_id` mediumint(8) unsigned NOT NULL DEFAULT '330000' COMMENT '省份ID',
  `city_id` mediumint(8) unsigned NOT NULL DEFAULT '330300' COMMENT '城市ID',
  `area_id` mediumint(8) unsigned NOT NULL DEFAULT '330382' COMMENT '区/县ID',
  `user_type` tinyint(3) unsigned NOT NULL DEFAULT '0' COMMENT '用户类型，0通用，1管理员，2商家，3用户，4镖师',
  PRIMARY KEY (`help_sort_id`),
  KEY `tp_city` (`city_id`),
  KEY `tp_area` (`area_id`)
) ENGINE=MyISAM AUTO_INCREMENT=18 DEFAULT CHARSET=utf8 COLLATE=utf8_unicode_ci;

-- ----------------------------
--  Records of `tp_help_sort`
-- ----------------------------
BEGIN;
INSERT INTO `tp_help_sort` VALUES ('1', '购物 帮助', '1', '0', '330000', '330300', '330382', '0'), ('2', '购物指南', '0', '1', '330000', '330300', '330382', '0'), ('3', '配送方式', '0', '1', '330000', '330300', '330382', '0'), ('4', '支付方式', '0', '1', '330000', '330300', '330382', '0'), ('5', '售后服务', '0', '0', '330000', '330300', '330382', '0'), ('6', '特色服务', '0', '0', '330000', '330300', '330382', '0'), ('7', 'VIP服务', '0', '0', '330000', '330300', '330382', '0'), ('8', 'help ', '0', '0', '330000', '330300', '330382', '0');
COMMIT;

-- ----------------------------
--  Table structure for `tp_help_txt`
-- ----------------------------
DROP TABLE IF EXISTS `tp_help_txt`;
CREATE TABLE `tp_help_txt` (
  `help_id` mediumint(8) unsigned NOT NULL DEFAULT '0',
  `contents` text COLLATE utf8_unicode_ci,
  `province_id` mediumint(8) unsigned NOT NULL DEFAULT '330000' COMMENT '省份ID',
  `city_id` mediumint(8) unsigned NOT NULL DEFAULT '330300' COMMENT '城市ID',
  `area_id` mediumint(8) unsigned NOT NULL DEFAULT '330382' COMMENT '区/县ID',
  PRIMARY KEY (`help_id`),
  KEY `tp_city` (`city_id`),
  KEY `tp_area` (`area_id`)
) ENGINE=MyISAM DEFAULT CHARSET=utf8 COLLATE=utf8_unicode_ci;

-- ----------------------------
--  Records of `tp_help_txt`
-- ----------------------------
BEGIN;
INSERT INTO `tp_help_txt` VALUES ('2', '&lt;img src=&quot;/Uploads/image/article/2015-05/20150519114814_72753.jpg&quot; alt=&quot;&quot; /&gt;&lt;img src=&quot;/Uploads/image/article/2015-05/20150519114814_19256.jpg&quot; alt=&quot;&quot; /&gt;\r\n&lt;p&gt;\r\n	樱桃小丸子\r\n&lt;/p&gt;\r\n&lt;p&gt;\r\n	&lt;img src=&quot;##img_domain##/image/article/2014-03/20140319112104_10774.jpg&quot; alt=&quot;&quot; /&gt; \r\n&lt;/p&gt;\r\n&lt;p&gt;\r\n	##################### 寂寞的分割线 ###########################\r\n&lt;/p&gt;\r\n&lt;p&gt;\r\n	&lt;img src=&quot;##img_domain##/image/article/2014-03/20140319112214_54486.jpg&quot; alt=&quot;&quot; /&gt; \r\n&lt;/p&gt;\r\n&lt;p&gt;\r\n	#######################################################\r\n&lt;/p&gt;\r\n&lt;p&gt;\r\n	&lt;img src=&quot;##img_domain##/image/article/2014-03/20140320170615_18410.jpg&quot; alt=&quot;&quot; /&gt; \r\n&lt;/p&gt;', '330000', '330300', '330382'), ('3', '&lt;ul class=&quot;List_Number&quot;&gt;\r\n	&lt;li style=&quot;color:black;&quot;&gt;\r\n		京东在全国大部分城市中开通了货到付款服务。&lt;a href=&quot;http://help.jd.com/help/distribution-768.html&quot;&gt;查看您是否享受该服务&lt;/a&gt; \r\n	&lt;/li&gt;\r\n	&lt;li style=&quot;color:black;&quot;&gt;\r\n		您可选择现金、POS机刷卡、支票的方式支付货款。其中，京东快递配送时可支持现金、POS机刷卡、支票支付（仅限北京、上海、成都、沈阳、武汉、广州地区）。您可与为您送货时的配送员联系咨询可使用的支付方式。\r\n	&lt;/li&gt;\r\n	&lt;li style=&quot;color:black;&quot;&gt;\r\n		POS机刷卡：目前仅支持带有银联标识的银行卡，信用卡POS机刷卡消费赠送积分以各银行为准，具体信息请致电发卡行确认。若您下单时在订单中填写POS机刷卡，支付时也可换成现金支付。\r\n	&lt;/li&gt;\r\n	&lt;li style=&quot;color:black;&quot;&gt;\r\n		支票支付方式：需要您将支票内容填写完整且需要款到账后方可送货，北京、上海、成都、沈阳、武汉、广州地区客户可使用此服务。&lt;br /&gt;\r\n&lt;a href=&quot;http://help.jd.com/help/question-948.html&quot;&gt;支票支付详情查询请点击此处&lt;/a&gt; \r\n	&lt;/li&gt;\r\n	&lt;li style=&quot;color:black;&quot;&gt;\r\n		注意：货到付款的订单，如果一个ID帐号在一个月内有过1次以上或一年内有过3次以上，无理由不接收我司配送的商品，我司将在相应的ID帐户里按每单扣除50个积分或500个京豆做为运费；时间计算方法为：成功提交订单后向前推算30天为一个月，成功提交订单后向前推算365天为一年，不以自然月和自然年计算。\r\n	&lt;/li&gt;\r\n	&lt;li style=&quot;color:black;&quot;&gt;\r\n		京东自营商品：注册、铜牌、银牌、金牌会员在京东网站购买满59元以上（含59元）的商品，即可享受免费配送的服务（偏远地区或选择极速达配送服务方式除外）；钻石会员、企业会员购买满39元以上（含39元）的商品，即可享受免费配送的服务（偏远地区或选择极速达配送服务方式除外）。&lt;a href=&quot;http://help.jd.com/help/question-892.html&quot;&gt;配送费收取标准查询&lt;/a&gt; \r\n	&lt;/li&gt;\r\n	&lt;li style=&quot;color:black;&quot;&gt;\r\n		入驻卖家商品配送费用以卖家在商品信息页公示的运费信息为准。\r\n	&lt;/li&gt;\r\n&lt;/ul&gt;\r\n&lt;p&gt;\r\n	&lt;span style=&quot;line-height:1.5;&quot;&gt;##########################下面是图片################################################################&lt;/span&gt; \r\n&lt;/p&gt;\r\n&lt;p&gt;\r\n	&lt;span style=&quot;line-height:1.5;&quot;&gt;&lt;img src=&quot;##img_domain##/image/article/2014-03/20140319125806_78263.jpg&quot; alt=&quot;&quot; /&gt;&lt;br /&gt;\r\n&lt;/span&gt; \r\n&lt;/p&gt;\r\n&lt;p&gt;\r\n	&lt;span style=&quot;line-height:1.5;&quot;&gt;&lt;img src=&quot;##img_domain##/image/article/2014-03/20140319125829_35675.jpg&quot; alt=&quot;&quot; /&gt;&lt;br /&gt;\r\n&lt;/span&gt; \r\n&lt;/p&gt;\r\n&lt;p&gt;\r\n	&lt;span style=&quot;line-height:1.5;&quot;&gt;########################################################################################&lt;/span&gt; \r\n&lt;/p&gt;\r\n&lt;p&gt;\r\n	&lt;span style=&quot;line-height:1.5;&quot;&gt;&lt;img src=&quot;##img_domain##/image/article/2014-03/20140320170838_74445.jpg&quot; alt=&quot;&quot; /&gt;&lt;br /&gt;\r\n&lt;/span&gt; \r\n&lt;/p&gt;', '330000', '330300', '330382'), ('4', '如何用支付宝如何用支付宝如何用支付宝如何用支付宝', '330000', '330300', '330382'), ('5', '&lt;p&gt;\r\n	需要帮助吗\r\n&lt;/p&gt;\r\n&lt;p&gt;\r\n	需要吗\r\n&lt;/p&gt;\r\n&lt;p&gt;\r\n	&lt;img src=&quot;##img_domain##/image/article/2014-03/20140320185052_80518.jpg&quot; alt=&quot;&quot; /&gt; \r\n&lt;/p&gt;\r\n&lt;p&gt;\r\n	不需要吗\r\n&lt;/p&gt;\r\n&lt;p&gt;\r\n	&lt;img src=&quot;##img_domain##/image/article/2014-03/20140320185107_99890.jpg&quot; alt=&quot;&quot; /&gt; \r\n&lt;/p&gt;', '330000', '330300', '330382'), ('11', '111', '330000', '330300', '330382'), ('12', '一二三四五六七八九十', '330000', '330300', '330382'), ('13', '3453543453453', '330000', '330300', '330382'), ('14', '2222', '330000', '330300', '330382'), ('10', '&lt;p&gt;\r\n	注意：以下图片\r\n&lt;/p&gt;\r\n&lt;p&gt;\r\n	******************\r\n&lt;/p&gt;\r\n&lt;p&gt;\r\n	&lt;br /&gt;\r\n&lt;/p&gt;', '330000', '330300', '330382'), ('9', '111', '330000', '330300', '330382'), ('23', 'adca', '330000', '330300', '330382'), ('15', '服务条款服务条款服务条款服务条款服务条款服务条款服务条款服务条款服务条款服务条款服务条款服务条款服务条款服务条款服务条款服务条款服务条款服务条款服务条款服务条款服务条款服务条款服务条款服务条款服务条款服务条款服务条款', '330000', '330300', '330382'), ('18', '1111111111111111111111', '330000', '330300', '330382'), ('19', '啧啧啧啧啧啧', '330000', '330300', '330382');
COMMIT;

-- ----------------------------
--  Table structure for `tp_help_txt_photo`
-- ----------------------------
DROP TABLE IF EXISTS `tp_help_txt_photo`;
CREATE TABLE `tp_help_txt_photo` (
  `help_txt_photo_id` mediumint(8) unsigned NOT NULL AUTO_INCREMENT,
  `help_id` mediumint(8) unsigned NOT NULL DEFAULT '0',
  `path_img` varchar(128) COLLATE utf8_unicode_ci NOT NULL DEFAULT '',
  `province_id` mediumint(8) unsigned NOT NULL DEFAULT '330000' COMMENT '省份ID',
  `city_id` mediumint(8) unsigned NOT NULL DEFAULT '330300' COMMENT '城市ID',
  `area_id` mediumint(8) unsigned NOT NULL DEFAULT '330382' COMMENT '区/县ID',
  PRIMARY KEY (`help_txt_photo_id`),
  KEY `tp_city` (`city_id`),
  KEY `tp_area` (`area_id`)
) ENGINE=MyISAM AUTO_INCREMENT=11 DEFAULT CHARSET=utf8 COLLATE=utf8_unicode_ci;

-- ----------------------------
--  Records of `tp_help_txt_photo`
-- ----------------------------
BEGIN;
INSERT INTO `tp_help_txt_photo` VALUES ('1', '2', '##img_domain##/image/article/2014-03/20140320170615_18410.jpg', '330000', '330300', '330382'), ('2', '3', '##img_domain##/image/article/2014-03/20140320170838_74445.jpg', '330000', '330300', '330382'), ('3', '5', '##img_domain##/image/article/2014-03/20140320185052_80518.jpg', '330000', '330300', '330382'), ('4', '5', '##img_domain##/image/article/2014-03/20140320185107_99890.jpg', '330000', '330300', '330382'), ('6', '10', '##img_domain##/image/article/2014-04/20140410142426_75670.png', '330000', '330300', '330382'), ('7', '11', '/Uploads/image/article/2014-04/20140414194505_46192.jpg', '330000', '330300', '330382'), ('9', '2', '/Uploads/image/article/2015-05/20150519114814_72753.jpg', '330000', '330300', '330382'), ('10', '2', '/Uploads/image/article/2015-05/20150519114814_19256.jpg', '330000', '330300', '330382');
COMMIT;

-- ----------------------------
--  Table structure for `tp_integral`
-- ----------------------------
DROP TABLE IF EXISTS `tp_integral`;
CREATE TABLE `tp_integral` (
  `integral_id` int(10) unsigned NOT NULL AUTO_INCREMENT COMMENT '自增主键',
  `user_id` int(10) unsigned NOT NULL DEFAULT '0' COMMENT '用户ID',
  `change_type` tinyint(3) unsigned NOT NULL DEFAULT '0' COMMENT '变动类型，1充值购买，2订单赠送，3积分兑换，4系统赠送，5活动获得，6订单支付抵扣，7订单退款',
  `integral` int(10) NOT NULL DEFAULT '0' COMMENT '变动数量',
  `start_integral` int(10) unsigned NOT NULL DEFAULT '0' COMMENT '变动前积分数量',
  `end_integral` int(10) unsigned NOT NULL DEFAULT '0' COMMENT '变动后积分数量',
  `id` int(10) unsigned NOT NULL DEFAULT '0' COMMENT '若是活动获得，则为活动ID，若是订单相关，则为订单ID',
  `operater` int(10) NOT NULL DEFAULT '0' COMMENT '操作人',
  `addtime` int(10) unsigned NOT NULL DEFAULT '0' COMMENT '记录生成时间',
  `remark` varchar(255) NOT NULL DEFAULT '' COMMENT '备注',
  `ip` varchar(16) NOT NULL DEFAULT '' COMMENT '操作人IP',
  `pay_code` varchar(64) NOT NULL DEFAULT '' COMMENT '第三方支付平台返回的交易码',
  PRIMARY KEY (`integral_id`)
) ENGINE=MyISAM DEFAULT CHARSET=utf8 COMMENT='积分变动明细表';

-- ----------------------------
--  Table structure for `tp_integral_change_class`
-- ----------------------------
DROP TABLE IF EXISTS `tp_integral_change_class`;
CREATE TABLE `tp_integral_change_class` (
  `integral_change_class_id` smallint(5) unsigned NOT NULL AUTO_INCREMENT,
  `class_name` varchar(8) COLLATE utf8_unicode_ci NOT NULL DEFAULT '' COMMENT '一级分类名称',
  `serial` tinyint(3) unsigned NOT NULL DEFAULT '0' COMMENT '排序号',
  `isuse` tinyint(3) unsigned NOT NULL DEFAULT '0' COMMENT '是否有效，1有效，0无效',
  PRIMARY KEY (`integral_change_class_id`)
) ENGINE=MyISAM DEFAULT CHARSET=utf8 COLLATE=utf8_unicode_ci COMMENT='商品一级分类表';

-- ----------------------------
--  Table structure for `tp_integral_change_sort`
-- ----------------------------
DROP TABLE IF EXISTS `tp_integral_change_sort`;
CREATE TABLE `tp_integral_change_sort` (
  `integral_change_sort_id` smallint(5) unsigned NOT NULL AUTO_INCREMENT,
  `class_id` smallint(5) unsigned NOT NULL DEFAULT '0' COMMENT '一级分类ID',
  `sort_name` varchar(8) COLLATE utf8_unicode_ci NOT NULL DEFAULT '' COMMENT '二级分类名称',
  `sort_tag` varchar(16) COLLATE utf8_unicode_ci NOT NULL DEFAULT '' COMMENT '分类标签',
  `serial` tinyint(3) unsigned NOT NULL DEFAULT '0' COMMENT '排序号',
  `isuse` tinyint(3) unsigned NOT NULL DEFAULT '0' COMMENT '是否有效，1有效，0无效',
  PRIMARY KEY (`integral_change_sort_id`)
) ENGINE=MyISAM DEFAULT CHARSET=utf8 COLLATE=utf8_unicode_ci COMMENT='商品二级分类表';

-- ----------------------------
--  Table structure for `tp_integral_exchange_record`
-- ----------------------------
DROP TABLE IF EXISTS `tp_integral_exchange_record`;
CREATE TABLE `tp_integral_exchange_record` (
  `exchange_record_id` int(11) unsigned NOT NULL AUTO_INCREMENT COMMENT '自增主键',
  `exchange_record_sn` varchar(16) NOT NULL COMMENT '兑换订单序列号',
  `pay_amount` decimal(10,2) unsigned NOT NULL DEFAULT '0.00' COMMENT '实际积分积分',
  `total_num` int(11) NOT NULL DEFAULT '0' COMMENT '商品数量',
  `order_status` tinyint(4) unsigned NOT NULL DEFAULT '0' COMMENT '0未付款，1已付款，2已发货，3已确认收货，4已取消, 5退款中, 6退款受理中，7退货商品寄送中，8 退款货物确认收货，9已退款',
  `user_id` int(11) unsigned NOT NULL DEFAULT '0' COMMENT '用户ID',
  `user_address_id` int(10) unsigned NOT NULL DEFAULT '0' COMMENT '用户地址ID',
  `express_company_id` tinyint(4) NOT NULL DEFAULT '0' COMMENT '物流公司ID',
  `express_number` varchar(32) NOT NULL DEFAULT '' COMMENT '物流单号',
  `express_fee` decimal(10,2) unsigned NOT NULL DEFAULT '0.00' COMMENT '物流费用',
  `weight` int(11) NOT NULL DEFAULT '0' COMMENT '商品总重量，单位g',
  `pay_code` varchar(32) NOT NULL DEFAULT '' COMMENT '支付平台返回的交易码，唯一',
  `payway` varchar(32) NOT NULL DEFAULT '' COMMENT '支付方式，英文名',
  `addtime` int(11) unsigned NOT NULL DEFAULT '0' COMMENT '下单时间',
  `pay_time` int(11) unsigned NOT NULL DEFAULT '0' COMMENT '支付时间',
  `start_delivery_time` int(10) unsigned NOT NULL DEFAULT '0' COMMENT '发货时间',
  `confirm_time` int(10) unsigned NOT NULL DEFAULT '0' COMMENT '确认时间',
  `user_remark` varchar(255) NOT NULL DEFAULT '' COMMENT '用户备注',
  `isuse` tinyint(4) unsigned NOT NULL DEFAULT '1' COMMENT '是否已删除订单，0是，1否',
  PRIMARY KEY (`exchange_record_id`)
) ENGINE=MyISAM DEFAULT CHARSET=utf8 COMMENT='积分兑换记录主表';

-- ----------------------------
--  Table structure for `tp_integral_exchange_record_item`
-- ----------------------------
DROP TABLE IF EXISTS `tp_integral_exchange_record_item`;
CREATE TABLE `tp_integral_exchange_record_item` (
  `exchange_item_id` int(11) NOT NULL AUTO_INCREMENT COMMENT '自增主键',
  `exchange_record_id` int(11) NOT NULL DEFAULT '0' COMMENT '订单ID',
  `merchant_id` int(10) unsigned NOT NULL DEFAULT '0' COMMENT '商家ID',
  `item_id` int(11) NOT NULL DEFAULT '0' COMMENT '商品ID',
  `item_name` varchar(255) NOT NULL DEFAULT '' COMMENT '商品名称',
  `item_sn` varchar(32) NOT NULL DEFAULT '' COMMENT '商品货号',
  `item_sku_price_id` int(11) NOT NULL DEFAULT '0' COMMENT '商品SKU价格关联表ID，若商品有SKU，则为ID值，否则为0',
  `property` varchar(32) NOT NULL DEFAULT '' COMMENT '商品规格属性',
  `number` int(11) NOT NULL DEFAULT '0' COMMENT '购买商品数量',
  `unit` varchar(8) NOT NULL DEFAULT '' COMMENT '单位',
  `real_price` decimal(10,2) NOT NULL DEFAULT '0.00' COMMENT '拿货价',
  `small_pic` varchar(128) NOT NULL DEFAULT '' COMMENT '小图路径',
  `cost_price` decimal(10,2) NOT NULL DEFAULT '0.00' COMMENT '成本价',
  PRIMARY KEY (`exchange_item_id`)
) ENGINE=MyISAM DEFAULT CHARSET=utf8 COMMENT='兑换订单商品关联表';

-- ----------------------------
--  Table structure for `tp_item`
-- ----------------------------
DROP TABLE IF EXISTS `tp_item`;
CREATE TABLE `tp_item` (
  `item_id` int(11) unsigned NOT NULL AUTO_INCREMENT COMMENT '自增主键',
  `item_name` varchar(255) NOT NULL DEFAULT '' COMMENT '商品名称',
  `item_desc` varchar(255) NOT NULL DEFAULT '商品简介' COMMENT '商品简介',
  `unit` varchar(8) NOT NULL COMMENT '单位',
  `item_sn` varchar(32) NOT NULL DEFAULT '' COMMENT '商品货号',
  `has_sku` tinyint(4) NOT NULL DEFAULT '0' COMMENT '是否包含尺寸规格（SKU），1有，0无，默认0',
  `is_gift` tinyint(3) unsigned NOT NULL DEFAULT '0' COMMENT '是否礼品，1是，0否，礼品则只出现在积分兑换专区，即只能用积分全额购买',
  `item_type_id` tinyint(3) unsigned NOT NULL DEFAULT '0' COMMENT '商品类型ID',
  `base_pic` varchar(128) NOT NULL DEFAULT '' COMMENT '原图',
  `mall_price` decimal(10,2) NOT NULL DEFAULT '0.00' COMMENT '店铺价',
  `class_id` smallint(6) NOT NULL DEFAULT '0' COMMENT '一级分类ID',
  `sort_id` smallint(6) NOT NULL DEFAULT '0' COMMENT '二级分类ID',
  `stock` int(11) NOT NULL DEFAULT '0' COMMENT '库存',
  `sales_num` int(11) NOT NULL DEFAULT '0' COMMENT '销售量',
  `clickdot` int(11) NOT NULL DEFAULT '0' COMMENT '点击量',
  `addtime` int(11) NOT NULL DEFAULT '0' COMMENT '添加时间',
  `onstore_time` int(10) unsigned NOT NULL DEFAULT '0' COMMENT '上架时间',
  `serial` tinyint(4) NOT NULL DEFAULT '0' COMMENT '排序号',
  `default_serial` decimal(10,2) NOT NULL DEFAULT '0.00' COMMENT '综合排序，综合商品销量、商家好评率、上架时间、价格排序',
  `isuse` tinyint(4) NOT NULL DEFAULT '0' COMMENT '3种含义，0下架，1上架，2已删除（假删除）',
  `purchase_limit` tinyint(3) unsigned DEFAULT '0' COMMENT '限购数量，0表示不限制',
  `brand_id` smallint(5) unsigned NOT NULL DEFAULT '0' COMMENT '品牌id',
  `integral_exchange_rate` decimal(10,2) NOT NULL DEFAULT '0.00' COMMENT '积分抵扣比例',
  `stock_alarm` int(11) NOT NULL DEFAULT '0' COMMENT '警戒库存',
  `weight` int(11) NOT NULL DEFAULT '0' COMMENT '重量，单位g',
  `market_price` decimal(10,2) NOT NULL DEFAULT '0.00' COMMENT '市场价',
  `goods_code` varchar(32) CHARACTER SET utf8 COLLATE utf8_unicode_ci NOT NULL DEFAULT '7000' COMMENT '商品编码',
  `is_real` tinyint(4) NOT NULL DEFAULT '0' COMMENT '是否实物',
  `is_recommend` tinyint(4) NOT NULL DEFAULT '0' COMMENT '是否首页显示',
  `use_hero` varchar(32) NOT NULL DEFAULT '' COMMENT '使用英雄',
  PRIMARY KEY (`item_id`)
) ENGINE=MyISAM AUTO_INCREMENT=56 DEFAULT CHARSET=utf8 COMMENT='商品表';

-- ----------------------------
--  Records of `tp_item`
-- ----------------------------
BEGIN;
INSERT INTO `tp_item` VALUES ('1', '纯金斧头', '为弹花*热情洋溢（15天）、（90天）2种，开炮后洋溢炫光，如同罗兰弥漫，自由奔放！', '', 's000001', '0', '0', '0', '/Uploads/image/2016-09/57d3845173020.png', '12000.00', '1', '0', '97', '3', '0', '1473477815', '0', '0', '0.00', '1', '0', '0', '0.00', '20', '200', '12000.00', '7000', '1', '1', '炼金术士'), ('2', '纯正 永世之辉煌', '分为弹花*姹紫嫣红（15天）、（90天）2种，开炮后绚丽紫红，如同神秘蝎子，寻觅深海！', '', 's000002', '0', '0', '0', '/Uploads/image/2016-09/57d44f4d75633.jpg', '100.00', '1', '0', '1000', '0', '0', '1473479739', '0', '1', '0.00', '1', '0', '0', '0.00', '300', '20', '100.00', '7000', '1', '1', '影魔'), ('3', '纯金原子束推进器', '飞机纯金不朽', '', 's000003', '0', '0', '0', '/Uploads/image/2016-09/57d39cc9e2d63.png', '3000.00', '1', '0', '30', '0', '0', '1473486050', '0', '2', '0.00', '1', '0', '0', '0.00', '10', '1000', '3000.00', '7000', '1', '1', '七个小矮人'), ('4', '帝皇烈焰', '本届赛事在全国30个城市全面开战，', '', 's000004', '0', '0', '0', '/Uploads/image/2016-09/57d39d84b02f4.jpg', '12000.00', '1', '0', '30', '0', '0', '1473486263', '0', '3', '0.00', '1', '0', '0', '0.00', '5', '100', '12000.00', '7000', '1', '1', '迪迦奥特曼'), ('5', '纯正 荣耀之星', '《剑灵》第三届武灵天下赛，在全国范围内全面开战（城市赛），从城市选拔赛到区域大战（赛区赛），最终才是全国总决赛的强强对决。', '', 's000005', '0', '0', '0', '/Uploads/image/2016-09/57d39e2cd8c98.jpg', '1000.00', '1', '0', '60', '0', '0', '1473486415', '0', '4', '0.00', '1', '0', '0', '0.00', '5', '200', '1000.00', '7000', '1', '1', '炼金术师'), ('6', '纯正 极光神杖', '经过一段时间的激战，南北两大赛区选手均已决出，并且在不断的淘汰对决中，更强者的选手已经准备好迎接最后的区域赛冠军之位了。', '', 's000006', '0', '0', '0', '/Uploads/image/2016-09/57d45508b6a63.jpg', '800.00', '1', '0', '400', '0', '0', '1473486574', '0', '5', '0.00', '1', '0', '0', '0.00', '10', '300', '800.00', '7000', '1', '1', '艺术互动'), ('7', '纯正 烟雾炸弹', '南部赛区决战中，无论是个人战，还是团队战，都是更强者（团队）对战更强者（团队），华丽、精彩有目共睹！', '', 's000007', '0', '0', '0', '/Uploads/image/2016-09/57d3a02bb2d01.jpg', '1400.00', '1', '0', '30', '0', '0', '1473486919', '0', '6', '0.00', '1', '0', '0', '0.00', '2', '300', '1400.00', '7000', '1', '1', '使徒行者'), ('8', '破碎大刀', '现场观战就送观战礼 不怕人多你来就送', '', 's000008', '0', '0', '0', '/Uploads/image/2016-09/57d4553258087.jpg', '1600.00', '1', '0', '1300', '0', '0', '1473487135', '0', '7', '0.00', '1', '0', '0', '0.00', '100', '3200', '1600.00', '7000', '0', '1', '斯蒂芬'), ('9', ' 极光神棍', '在竞技赛场上，城市赛奖励、赛区赛奖励和全国总决赛奖励都十分丰厚，与灵芝的互动送礼也始终在进行。', '', 's000009', '0', '0', '0', '/Uploads/image/2016-09/57d3a1aedc677.jpg', '13000.00', '1', '0', '54631', '0', '0', '1473487306', '0', '8', '0.00', '1', '0', '0', '0.00', '13', '13030', '13000.00', '7000', '1', '1', '三只松鼠'), ('10', '的尊烟斗', '最华丽的赛事，由《剑灵》献上！第三届武灵天下赛全国开战，决选最能代表中国征战国际战场的个人或团队种子选手，现在，15个南部城市组成的南部赛区，决战时间就在周末，南部赛区最强者的荣誉即将揭晓！', '', 's000010', '0', '0', '0', '/Uploads/image/2016-09/57d45450ed84c.jpg', '20000.00', '1', '0', '30', '0', '0', '1473487482', '0', '9', '0.00', '1', '0', '0', '0.00', '20', '3000', '20000.00', '7000', '1', '1', '马达加斯加'), ('11', '纯正 包谷拿弓箭', '《剑灵》即将到来全新IP新作《剑灵洪门崛起》，该作背景故事架构为《剑灵》剧情前传，其内游戏角色、时间观、技能等诸多元素都基本继承了端游版《剑灵》，力求带给玩家最原汁的游戏体验。关注微信公众号，新游动态早知道，还有机会获得首测体验资格哦！', '', 's000011', '0', '0', '0', '/Uploads/image/2016-09/57d3a395ef78c.jpg', '12800.00', '1', '0', '10000', '0', '0', '1473487778', '0', '10', '0.00', '1', '0', '0', '0.00', '100', '3000', '12800.00', '7000', '1', '1', '神笔马良'), ('12', '请收下我的膝盖', '《剑灵》即将到来全新IP新作《剑灵洪门崛起》，该作背景故事架构为《剑灵》剧情前传，其内游戏角色、时间观、技能等诸多元素都基本继承了端游版《剑灵》，力求带给玩家最原汁的游戏体验。关注微信公众号，新游动态早知道，还有机会获得首测体验资格哦！', '', 's000012', '0', '0', '0', '/Uploads/image/2016-09/57d3a41617ff7.jpg', '12000.00', '1', '0', '6000', '0', '0', '1473487978', '0', '11', '0.00', '1', '0', '0', '0.00', '5000', '600', '12000.00', '7000', '1', '1', '莱特兄弟'), ('13', '火炼星', '毕业于北京师范大学中文系、现年77岁的退休儿童作家陈秋影曾经连续三年担任习近平的初中语文老师。', '', 's000013', '0', '0', '0', '/Uploads/image/2016-09/57d4559789f7b.jpg', '1500.00', '1', '0', '6400', '0', '0', '1473488080', '0', '12', '0.00', '1', '0', '0', '0.00', '300', '3000', '1500.00', '7000', '1', '1', '莱特兄弟'), ('14', '金斗神棍', '毕业于北京师范大学中文系、现年77岁的退休儿童作家陈秋影曾经连续三年担任习近平的初中语文老师。', '', 's000014', '0', '0', '0', '/Uploads/image/2016-09/57d455dbf310b.jpg', '6000.00', '1', '0', '23030', '0', '0', '1473488168', '0', '13', '0.00', '1', '0', '0', '0.00', '30', '6000', '6000.00', '7000', '1', '1', '梅长苏'), ('15', '登山涉水', '陈秋影提到一件小事，“中学楼门很小，当几个同学或老师一起进去时，他会做个手势让老师先进。一般在这个年龄像他这样做的很少。”', '', 's000015', '0', '0', '0', '/Uploads/image/2016-09/57d45049cfa19.png', '30000.00', '2', '0', '300', '0', '0', '1473488302', '0', '0', '0.00', '1', '0', '0', '0.00', '30', '3000', '30000.00', '7000', '1', '1', '优酷'), ('19', '手榴弹', '陈秋影提到一件小事，“中学楼门很小，当几个同学或老师一起进去时，他会做个手势让老师先进。一般在这个年龄像他这样做的很少。”', '', 's000019', '0', '0', '0', '/Uploads/image/2016-09/57d3a796a20f8.jpg', '1200.00', '2', '0', '160', '0', '0', '1473488805', '0', '1', '0.00', '1', '0', '0', '0.00', '30', '1650000', '1200.00', '7000', '1', '1', '詹姆斯'), ('16', '拉姆空军', '作为语文教师，陈秋影表示：“习近平对国学情有独钟，学习成绩挺好的。”“他的阅读量很丰富，很喜欢杜甫的诗。”她还记得，当讲完杜甫的《绝句》，习近平在下课之后来主动来问老师，说他十分喜爱杜甫这位大诗人，还希望更多的读一些杜甫的作品，陈老师当时提到了《望岳》、《春夜喜雨》等。', '', 's000016', '0', '0', '0', '/Uploads/image/2016-09/57d3a63601f3d.jpg', '50000.00', '2', '0', '2000', '0', '0', '1473488465', '0', '0', '0.00', '0', '0', '0', '0.00', '10', '3020', '50000.00', '7000', '1', '1', ' 忍者'), ('17', '火焰战斗', '作为语文教师，陈秋影表示：“习近平对国学情有独钟，学习成绩挺好的。”“他的阅读量很丰富，很喜欢杜甫的诗。”她还记得，当讲完杜甫的《绝句》，习近平在下课之后来主动来问老师，说他十分喜爱杜甫这位大诗人，还希望更多的读一些杜甫的作品，陈老师当时提到了《望岳》、《春夜喜雨》等。', '', 's000017', '0', '0', '0', '/Uploads/image/2016-09/57d3a692506ac.jpg', '15000.00', '2', '0', '13200', '0', '0', '1473488560', '0', '1', '0.00', '0', '0', '0', '0.00', '120', '3000', '15000.00', '7000', '1', '1', '定位赛'), ('18', '模拟机', '陈秋影提到一件小事，“中学楼门很小，当几个同学或老师一起进去时，他会做个手势让老师先进。一般在这个年龄像他这样做的很少。”', '', 's000018', '0', '0', '0', '/Uploads/image/2016-09/57d3a6ed2f426.jpg', '1000.00', '2', '0', '9100', '0', '0', '1473488637', '0', '2', '0.00', '1', '0', '0', '0.00', '1450', '6000', '1000.00', '7000', '1', '1', '傻妞妞'), ('20', '战斗手枪', '陈秋影提到一件小事，“中学楼门很小，当几个同学或老师一起进去时，他会做个手势让老师先进。一般在这个年龄像他这样做的很少。”', '', 's000020', '0', '0', '0', '/Uploads/image/2016-09/57d3a833dd5be.png', '0.00', '2', '0', '2652', '0', '0', '1473488887', '0', '3', '0.00', '0', '0', '0', '0.00', '320', '233', '0.00', '7000', '0', '1', '莱特'), ('21', '地下室探光灯', '陈秋影老师回忆，习近平是1965年秋季在八一学校就读初中的。在班里，习近平的年龄稍小，但是，已有五年教学经验的陈老师很快就发现，这位很少在课间休息时喊叫打闹的小小少年，性格十分稳重仁厚，“一个12岁的少年，却能表示得如此平静，小小年纪就‘每临大事有静气’”。', '', 's000021', '0', '0', '0', '/Uploads/image/2016-09/57d4588a382a3.jpg', '18000.00', '2', '0', '156', '0', '0', '1473489087', '0', '4', '0.00', '1', '0', '0', '0.00', '16', '1500', '18000.00', '7000', '1', '1', '扯蛋'), ('22', '捕鱼达人', '当被问及“学生时代的习近平是否爱玩”时，陈秋影说道：“爱玩，他喜欢足球。”在陈秋影印象中，当时学校成立了一个足球队，习近平虽不是足球队的成员，但这并未影响他对足球的热爱之情。“一到课间他就和同学踢足球，直到今天他也依旧很喜欢足球。”', '', 's000022', '0', '0', '0', '/Uploads/image/2016-09/57d3a8f956795.jpg', '160000.00', '2', '0', '30', '0', '0', '1473489160', '0', '3', '0.00', '1', '0', '0', '0.00', '6', '1500', '160000.00', '7000', '1', '1', '测试'), ('23', '防盾牌', '作为习近平少年时代的老师，陈秋影一直通过各种渠道，关注着这位优秀学子的进步和成长，无论环境如何变迁，师生联络从未间断。', '', 's000023', '0', '0', '0', '/Uploads/image/2016-09/57d459dfc1b4a.jpg', '18000.00', '2', '0', '16000', '0', '0', '1473489268', '0', '5', '0.00', '1', '0', '0', '0.00', '1600', '21300', '18000.00', '7000', '1', '1', '猪'), ('24', '飞天魔神器', '作为习近平少年时代的老师，陈秋影一直通过各种渠道，关注着这位优秀学子的进步和成长，无论环境如何变迁，师生联络从未间断。', '', 's000024', '0', '0', '0', '/Uploads/image/2016-09/57d3a9e417597.jpg', '23200.00', '2', '0', '1300', '0', '0', '1473489385', '0', '6', '0.00', '1', '0', '0', '0.00', '23', '132563', '23200.00', '7000', '1', '1', '愤怒的小鸟'), ('25', '助推神器', '陈秋影老师回忆，习近平在外地工作期间，每逢有来北京开会或是处理党政工作的机会，他总会抽出一些时间，和少年时代的学友相聚，或是去拜望教过他学习课业的老师。陈秋影在90年代曾遭遇过一次车祸，习近平曾亲自到家中探望。', '', 's000025', '0', '0', '0', '/Uploads/image/2016-09/57d3aa559576e.png', '7000.00', '2', '0', '1600', '0', '0', '1473489514', '0', '7', '0.00', '1', '0', '0', '0.00', '1300', '3600', '7000.00', '7000', '1', '1', '勇者斗士'), ('26', '神笔马良', '陈秋影老师回忆，习近平在外地工作期间，每逢有来北京开会或是处理党政工作的机会，他总会抽出一些时间，和少年时代的学友相聚，或是去拜望教过他学习课业的老师。陈秋影在90年代曾遭遇过一次车祸，习近平曾亲自到家中探望。', '', 's000026', '0', '0', '0', '/Uploads/image/2016-09/57d3aad9b3b1e.jpg', '120000.00', '2', '0', '23000', '0', '0', '1473489650', '0', '8', '0.00', '1', '0', '0', '0.00', '1300', '1200', '120000.00', '7000', '1', '1', '仙女设计师'), ('27', '垂手而得', '1999年夏天，已退休的陈秋影老师笔耕不辍，新创作出版了一册十余万字的童话集。她把还散发着油墨香气的新书寄赠习近平，作为精神上的沟通与交流。', '', 's000027', '0', '0', '0', '/Uploads/image/2016-09/57d3ab84f0c4e.jpg', '360.00', '2', '0', '3', '0', '0', '1473489809', '0', '9', '0.00', '1', '0', '0', '0.00', '1', '200', '360.00', '7000', '1', '1', '百德'), ('28', '攻打神器', '1999年夏天，已退休的陈秋影老师笔耕不辍，新创作出版了一册十余万字的童话集。她把还散发着油墨香气的新书寄赠习近平，作为精神上的沟通与交流。', '', 's000028', '0', '0', '0', '/Uploads/image/2016-09/57d3abe3de568.jpg', '15000.00', '2', '0', '5', '0', '0', '1473489921', '0', '10', '0.00', '0', '0', '0', '0.00', '4', '300', '15000.00', '7000', '0', '1', '桑蚕丝'), ('29', '射击英雄', '包含蓝胖的双面盟友', '', 's000029', '0', '0', '0', '/Uploads/image/2016-09/57d3ac648cc20.jpg', '18000.00', '2', '0', '10', '0', '0', '1473490037', '0', '11', '0.00', '1', '0', '0', '0.00', '8', '1500', '18000.00', '7000', '1', '1', '蓝胖'), ('30', '烈火之铠甲', '不久之后，习近平寄来回信，信中对陈老师退休之后仍辛勤耕耘不止表达敬佩。他写道，“尊师敬教是中华民族的传统美德，正如毛主席对徐特立老人所说的那样：您过去是我的老师，现在仍然是我的老师，将来还是我的老师。”这封信寄出的时间是1999年11月19日，但是陈老师至今仍能背诵朗读这封感人至深的回信。', '', 's000030', '0', '0', '0', '/Uploads/image/2016-09/57d3accdcf547.jpg', '1500.00', '2', '0', '1300', '0', '0', '1473490143', '0', '13', '0.00', '0', '0', '0', '0.00', '100', '1300000', '1500.00', '7000', '1', '0', '妲己'), ('31', '小丑华夫', '不久之后，习近平寄来回信，信中对陈老师退休之后仍辛勤耕耘不止表达敬佩。他写道，“尊师敬教是中华民族的传统美德，正如毛主席对徐特立老人所说的那样：您过去是我的老师，现在仍然是我的老师，将来还是我的老师。”这封信寄出的时间是1999年11月19日，但是陈老师至今仍能背诵朗读这封感人至深的回信。', '', 's000031', '0', '0', '0', '/Uploads/image/2016-09/57d4594c6af76.jpg', '12000.00', '2', '0', '600', '0', '0', '1473490237', '0', '10', '0.00', '1', '0', '0', '0.00', '500', '2300', '12000.00', '7000', '1', '1', '星矢达人'), ('32', '幻梦往昔', '用稿费为老师买机票', '', 's000032', '0', '0', '0', '/Uploads/image/2016-09/57d3adcb72f05.jpg', '1500.00', '2', '0', '100', '0', '0', '1473490411', '0', '11', '0.00', '0', '0', '0', '0.00', '3', '2562', '1500.00', '7000', '1', '0', '扎西说'), ('33', '骄阳勇士的复仇', '习近平在各地任职期间，除借来京开会等机会探望陈秋影老师外，还曾多次在福建、浙江等地与陈秋影会面。1996年6月，陈秋影因公前往福州出差，与已担任福建省委副书记的习近平见面，“我接触到的文化、教育各界朋友，对习书记的工作作风和个人品质发自内心的肯定与称赞，都令我这个习近平少年时代的老师感到欣慰。”', '', 's000033', '0', '0', '0', '/Uploads/image/2016-09/57d3ae4e87921.jpg', '85000.00', '3', '0', '30', '0', '0', '1473490539', '0', '0', '0.00', '1', '0', '0', '0.00', '20', '8000', '85000.00', '7000', '1', '1', '脚痒'), ('34', '忍者刺客', '想开网约车要考试 无资质上路最高可罚3万', '', 's000034', '0', '0', '0', '/Uploads/image/2016-09/57d450bb3e1c7.jpg', '1010.00', '3', '0', '320', '0', '0', '1473490705', '0', '1', '0.00', '1', '0', '0', '0.00', '2', '6000', '1010.00', '7000', '1', '1', '赏金猎人'), ('35', '天目说', '新京报讯 （记者郭超）网约车驾驶员上岗也需要经过从业资格考试，无从业资格证从事经营活动，可能面临1万元以上3万元以下罚款。有暴力犯罪记录的不得从事出租车驾驶员工作；出租车司机绕路、拒载等违规行为，将面临最高2000元的罚款。', '', 's000035', '0', '0', '0', '/Uploads/image/2016-09/57d451b6e32eb.jpg', '48000.00', '3', '0', '36', '0', '0', '1473490813', '0', '2', '0.00', '1', '0', '0', '0.00', '32', '3000', '48000.00', '7000', '1', '1', '赏金猎人'), ('36', '幻梦往昔', '本次修改最大的变化是将原来《出租汽车经营服务管理规定》名称，修改为《巡游出租汽车经营服务管理规定》。', '', 's000036', '0', '0', '0', '/Uploads/image/2016-09/57d3afce7052e.png', '1000.00', '3', '0', '1200', '0', '0', '1473490914', '0', '3', '0.00', '1', '0', '0', '0.00', '36', '1320', '1000.00', '7000', '1', '1', '赏金猎人'), ('37', '双刀刺客', '交通专家指出，此举旨在根据巡游出租车和网络预约出租车的服务特性，分别制订服务规范，网约车服务管理规范已征求过意见，经过修改后将适时发布。', '', 's000037', '0', '0', '0', '/Uploads/image/2016-09/57d3b03549136.png', '2500.00', '3', '0', '60', '0', '0', '1473491011', '0', '4', '0.00', '1', '0', '0', '0.00', '50', '200', '2500.00', '7000', '1', '1', '赏金猎人'), ('38', '倾城之眼', '交通专家指出，此举旨在根据巡游出租车和网络预约出租车的服务特性，分别制订服务规范，网约车服务管理规范已征求过意见，经过修改后将适时发布。', '', 's000038', '0', '0', '0', '/Uploads/image/2016-09/57d3b0937a29e.jpg', '1700.00', '3', '0', '2', '0', '0', '1473491113', '0', '5', '0.00', '0', '0', '0', '0.00', '2', '100', '1700.00', '7000', '1', '1', '海盗'), ('39', '黑色枝丫', '记者在新规中发现，出租车汽车在城市中的定位有了调整。将“出租车定位为城市交通的组成部分”调整为“城市公共交通的补充，为社会公众提供个性化运输服务”。', '', 's000039', '0', '0', '0', '/Uploads/image/2016-09/57d3b1035ce06.jpg', '1500.00', '3', '0', '100', '0', '0', '1473491224', '0', '6', '0.00', '0', '0', '0', '0.00', '300', '3000', '1500.00', '7000', '0', '0', '海盗'), ('40', '飞狮之戒全解锁', '1网约车驾驶员上岗需通过资格考试', '', 's000040', '0', '0', '0', '/Uploads/image/2016-09/57d4525fed79c.jpg', '4800.00', '3', '0', '320', '0', '0', '1473491342', '0', '7', '0.00', '1', '0', '0', '0.00', '10', '1', '4800.00', '7000', '0', '0', '剑豪'), ('41', '邪恶狂热者', '根据《规定》，如果出租车驾驶员，包括网约车驾驶员，没有取得从业资格证或者超越从业资格证核定范围从事经营活动，有可能面临1万元以上3万元以下的罚款。', '', 's000041', '0', '0', '0', '/Uploads/image/2016-09/57d4535a12d1a.jpg', '1000.00', '3', '0', '20', '0', '0', '1473491446', '0', '8', '0.00', '1', '0', '0', '0.00', '20', '230', '1000.00', '7000', '1', '1', '神龙战士'), ('42', '邪恶的马达', '出租车司机绕路拒载最高可罚2000元', '', 's000042', '0', '0', '0', '/Uploads/image/2016-09/57d452c6ba241.jpg', '16000.00', '3', '0', '13', '0', '0', '1473491649', '0', '9', '0.00', '1', '0', '0', '0.00', '14', '600', '16000.00', '7000', '1', '1', '下沙战士'), ('43', '玻璃栈道', '新的管理规定还调整了部分法律责任，对出租车驾驶员八种服务不规范问题加大处罚力度。明确了拒载、议价、途中甩客或者故意绕道行驶的；未经乘客同意搭载其他乘客的；不按照规定使用计价器、违规收费的；不按照规定出具相应车费票据的；不按照规定携带道路运输证、从业资格证的；不按照规定使用出租汽车相关设备的；接受出租汽车电召任务后未履行约定的；不按照规定使用文明用语，车容车貌不符合要求这八种违规行为，将要受到200元以上2000元以下罚款。修改前的规范，对违反这八类行为的处罚，最高罚款200元。', '', 's000043', '0', '0', '0', '/Uploads/image/2016-09/57d3b315b233e.png', '100.00', '3', '0', '2', '0', '0', '1473491753', '0', '10', '0.00', '1', '0', '0', '0.00', '1', '300', '100.00', '7000', '1', '1', '纯粹是'), ('44', '废物', '长期关注网约车政策动向的中国政法大学传播法中心副主任朱巍认为，将网约车驾驶员也纳入出租车驾驶员资质考试中，会给网约车的发展带来障碍。', '', 's000044', '0', '0', '0', '/Uploads/image/2016-09/57d3b366e48b1.png', '3400.00', '4', '0', '23', '0', '0', '1473491848', '0', '0', '0.00', '0', '0', '0', '0.00', '22', '132', '3400.00', '7000', '1', '1', '互联网'), ('45', '方便面', '“担忧新规给网约车发展带来障碍”', '', 's000045', '0', '0', '0', '/Uploads/image/2016-09/57d3b3f04fa9c.jpg', '2.00', '4', '0', '33', '0', '0', '1473491968', '0', '1', '0.00', '1', '0', '0', '0.00', '3', '12', '2.00', '7000', '1', '0', '懒洋洋'), ('46', '谁动了我的奶酪？', '长期关注网约车政策动向的中国政法大学传播法中心副主任朱巍认为，将网约车驾驶员也纳入出租车驾驶员资质考试中，会给网约车的发展带来障碍。', '', 's000046', '0', '0', '0', '/Uploads/image/2016-09/57d3b45154a73.jpg', '16000.00', '4', '0', '3600', '0', '0', '1473492076', '0', '2', '0.00', '1', '0', '0', '0.00', '322', '130', '16000.00', '7000', '1', '1', '想吃啥'), ('47', '粗大事', '长期关注网约车政策动向的中国政法大学传播法中心副主任朱巍认为，将网约车驾驶员也纳入出租车驾驶员资质考试中，会给网约车的发展带来障碍。', '', 's000047', '0', '0', '0', '/Uploads/image/2016-09/57d3b4b517cab.jpg', '25000.00', '4', '0', '0', '0', '0', '1473492176', '0', '3', '0.00', '0', '0', '0', '0.00', '0', '0', '25000.00', '7000', '1', '1', '远处的山'), ('48', '谁动了我的奶酪', '新的管理规定还调整了部分法律责任', '', 's000048', '0', '0', '0', '/Uploads/image/2016-09/57d3b516d2bf7.jpg', '99999999.99', '4', '0', '1', '0', '0', '1473492263', '0', '4', '0.00', '1', '0', '0', '0.00', '1', '2800000', '99999999.99', '7000', '0', '1', '幢'), ('49', '喜羊羊', '不按照规定使用出租汽车相关设备的；接受出租汽车电召任务后未履行约定的；不按照规定使用文明用语，车容车貌不符合要求这八种违规行为，将要受到200元以上2000元以下罚款。修改前的规范，对违反这八类行为的处罚，最高罚款200元。', '', 's000049', '0', '0', '0', '/Uploads/image/2016-09/57d3b5649b43c.jpg', '200.00', '4', '0', '36', '0', '0', '1473492348', '0', '5', '0.00', '0', '0', '0', '0.00', '20', '23000', '200.00', '7000', '1', '1', '星矢战斗士'), ('50', '苹果笔记本', '苹果最新笔记本\r\n兑换状态：兑换前请询问客服人员是否有货\r\n能效等级：一级\r\n品牌：alien mac\r\ncpu平台：i10-6700HQ\r\n显卡类型：GTX\r\n显存容量：3GB\r\n该商品在苹果专卖店采购，保证正品\r\n工作人员会在24小时之内发货', '', 's000050', '0', '0', '0', '/Uploads/image/2016-09/57d3b84f7f3b6.jpg', '170000.00', '4', '0', '600', '0', '0', '1473493145', '0', '6', '0.00', '0', '0', '0', '0.00', '2', '1500', '170000.00', '7000', '1', '1', '游戏本'), ('51', 'iPad3', '能效等级：一级\r\n品牌：alien mac\r\ncpu平台：i10-6700HQ\r\n显卡类型：GTX\r\n显存容量：3GB', '', 's000051', '0', '0', '0', '/Uploads/image/2016-09/57d3b901214c5.jpg', '360000.00', '4', '0', '300', '0', '0', '1473493279', '0', '7', '0.00', '0', '0', '0', '0.00', '300', '260', '360000.00', '7000', '1', '1', '东江环保'), ('52', 'iPhone6', '版本内存：16GB\r\n手机颜色：银色、金色可选\r\n套装：官方标配', '', 's000052', '0', '0', '0', '/Uploads/image/2016-09/57d3ba0ca02b8.jpg', '680000.00', '4', '0', '300', '0', '0', '1473493535', '0', '8', '0.00', '1', '0', '0', '0.00', '30', '2200', '680000.00', '7000', '1', '1', '乔老爷'), ('53', 'sony入耳式耳机', 'MDR-EX31BN 蓝牙+降噪 入耳式耳机 | 索尼Sony官方网站', '', 's000053', '0', '0', '0', '/Uploads/image/2016-09/57d3bb26deb8c.jpg', '150000.00', '4', '0', '200', '0', '0', '1473493909', '0', '9', '0.00', '1', '0', '0', '0.00', '200', '3200', '150000.00', '7000', '0', '1', '哈达少爷'), ('54', '头戴式重低音耳机', 'SONY/索尼 MDR-XB400重低音耳机 头戴式电脑手机大耳机潮流男女生-淘宝网', '', 's000054', '0', '0', '0', '/Uploads/image/2016-09/57d3bc78adedd.jpg', '500000.00', '4', '0', '1230', '0', '0', '1473494199', '0', '10', '0.00', '1', '0', '0', '0.00', '120', '2300', '500000.00', '7000', '1', '1', ''), ('55', '电脑键盘', '能效等级：一级\r\n品牌：alien mac\r\ncpu平台：i10-6700HQ', '', 's000055', '0', '0', '0', '/Uploads/image/2016-09/57d3bd182afe6.jpg', '120000.00', '4', '0', '100', '0', '0', '1473494403', '0', '10', '0.00', '1', '0', '0', '0.00', '80', '3000', '120000.00', '7000', '1', '1', '上线');
COMMIT;

-- ----------------------------
--  Table structure for `tp_item_extend_property`
-- ----------------------------
DROP TABLE IF EXISTS `tp_item_extend_property`;
CREATE TABLE `tp_item_extend_property` (
  `item_extend_property_id` int(11) NOT NULL AUTO_INCREMENT COMMENT '主键',
  `item_id` int(11) NOT NULL DEFAULT '0' COMMENT '商品ID',
  `property_value_id` smallint(6) NOT NULL DEFAULT '0' COMMENT '扩展属性ID',
  PRIMARY KEY (`item_extend_property_id`)
) ENGINE=MyISAM AUTO_INCREMENT=21 DEFAULT CHARSET=utf8 COMMENT='商品扩展属性关联表';

-- ----------------------------
--  Records of `tp_item_extend_property`
-- ----------------------------
BEGIN;
INSERT INTO `tp_item_extend_property` VALUES ('20', '26', '569'), ('2', '16', '560'), ('19', '26', '566');
COMMIT;

-- ----------------------------
--  Table structure for `tp_item_package`
-- ----------------------------
DROP TABLE IF EXISTS `tp_item_package`;
CREATE TABLE `tp_item_package` (
  `item_package_id` int(11) NOT NULL AUTO_INCREMENT COMMENT '自增主键',
  `item_name` varchar(255) NOT NULL DEFAULT '' COMMENT '商品名称',
  `item_desc` varchar(255) NOT NULL DEFAULT '商品简介' COMMENT '商品简介',
  `unit` varchar(8) NOT NULL COMMENT '单位',
  `item_sn` varchar(32) NOT NULL DEFAULT '' COMMENT '商品货号',
  `base_pic` varchar(128) NOT NULL DEFAULT '' COMMENT '原图',
  `mall_price` decimal(10,2) NOT NULL DEFAULT '0.00' COMMENT '店铺价',
  `integral_exchange_rate` decimal(10,2) NOT NULL DEFAULT '0.00' COMMENT '积分抵扣比例，100镖师可积分全额购买，10镖师最多可用积分抵抗10%的费用',
  `class_id` smallint(6) NOT NULL DEFAULT '0' COMMENT '一级分类ID',
  `sales_num` int(11) NOT NULL DEFAULT '0' COMMENT '销售量',
  `clickdot` int(11) NOT NULL DEFAULT '0' COMMENT '点击量',
  `addtime` int(11) NOT NULL DEFAULT '0' COMMENT '添加时间',
  `onstore_time` int(10) unsigned NOT NULL DEFAULT '0' COMMENT '上架时间',
  `serial` tinyint(4) NOT NULL DEFAULT '0' COMMENT '排序号',
  `isuse` tinyint(4) NOT NULL DEFAULT '0' COMMENT '3种含义，0下架，1上架，2已删除（假删除）',
  `stock` int(11) NOT NULL DEFAULT '0' COMMENT '库存',
  `market_price` decimal(10,2) NOT NULL DEFAULT '0.00' COMMENT '市场价',
  PRIMARY KEY (`item_package_id`)
) ENGINE=MyISAM DEFAULT CHARSET=utf8 COMMENT='套餐商品表';

-- ----------------------------
--  Table structure for `tp_item_package_detail`
-- ----------------------------
DROP TABLE IF EXISTS `tp_item_package_detail`;
CREATE TABLE `tp_item_package_detail` (
  `item_package_detail_id` int(11) unsigned NOT NULL AUTO_INCREMENT COMMENT '自增主键',
  `item_package_id` int(11) NOT NULL DEFAULT '0' COMMENT '订单ID',
  `item_id` int(11) NOT NULL DEFAULT '0' COMMENT '商品ID',
  `number` int(11) NOT NULL DEFAULT '0' COMMENT '商品数量',
  PRIMARY KEY (`item_package_detail_id`),
  KEY `tp_item_package` (`item_package_id`),
  KEY `tp_item` (`item_id`)
) ENGINE=MyISAM DEFAULT CHARSET=utf8 COMMENT='套餐-商品关联表';

-- ----------------------------
--  Table structure for `tp_item_package_photo`
-- ----------------------------
DROP TABLE IF EXISTS `tp_item_package_photo`;
CREATE TABLE `tp_item_package_photo` (
  `item_package_photo_id` int(11) NOT NULL AUTO_INCREMENT COMMENT '自增主键',
  `item_id` int(11) NOT NULL DEFAULT '0' COMMENT '商品ID',
  `is_default` tinyint(4) NOT NULL DEFAULT '0' COMMENT '是否默认图片，1是，0否',
  `base_pic` varchar(128) NOT NULL DEFAULT '' COMMENT '原图，大图后缀b，中图后缀m，小图后缀s',
  PRIMARY KEY (`item_package_photo_id`)
) ENGINE=MyISAM DEFAULT CHARSET=utf8 COMMENT='商品图片表';

-- ----------------------------
--  Table structure for `tp_item_package_txt`
-- ----------------------------
DROP TABLE IF EXISTS `tp_item_package_txt`;
CREATE TABLE `tp_item_package_txt` (
  `item_id` int(11) NOT NULL AUTO_INCREMENT COMMENT '主键',
  `contents` text COMMENT '商品详情描述',
  PRIMARY KEY (`item_id`)
) ENGINE=MyISAM DEFAULT CHARSET=utf8 COMMENT='商品详情描述表';

-- ----------------------------
--  Table structure for `tp_item_package_txt_photo`
-- ----------------------------
DROP TABLE IF EXISTS `tp_item_package_txt_photo`;
CREATE TABLE `tp_item_package_txt_photo` (
  `item_package_txt_photo_id` int(11) NOT NULL AUTO_INCREMENT COMMENT '自增主键',
  `item_id` int(11) NOT NULL DEFAULT '0' COMMENT '商品ID',
  `path_img` varchar(128) NOT NULL DEFAULT '' COMMENT '图片地址',
  PRIMARY KEY (`item_package_txt_photo_id`)
) ENGINE=MyISAM DEFAULT CHARSET=utf8 COMMENT='商品详情图片表';

-- ----------------------------
--  Table structure for `tp_item_photo`
-- ----------------------------
DROP TABLE IF EXISTS `tp_item_photo`;
CREATE TABLE `tp_item_photo` (
  `item_photo_id` int(11) NOT NULL AUTO_INCREMENT COMMENT '自增主键',
  `item_id` int(11) NOT NULL DEFAULT '0' COMMENT '商品ID',
  `is_default` tinyint(4) NOT NULL DEFAULT '0' COMMENT '是否默认图片，1是，0否',
  `base_pic` varchar(128) NOT NULL DEFAULT '' COMMENT '原图，大图后缀b，中图后缀m，小图后缀s',
  PRIMARY KEY (`item_photo_id`)
) ENGINE=MyISAM AUTO_INCREMENT=301 DEFAULT CHARSET=utf8 COMMENT='商品图片表';

-- ----------------------------
--  Records of `tp_item_photo`
-- ----------------------------
BEGIN;
INSERT INTO `tp_item_photo` VALUES ('9', '1', '0', '/Uploads/image/2016-09/57d38463233dc.jpg'), ('8', '1', '0', '/Uploads/image/2016-09/57d3845d1c5ad.jpg'), ('7', '1', '0', '/Uploads/image/2016-09/57d384575faca.jpg'), ('6', '1', '1', '/Uploads/image/2016-09/57d3845173020.png'), ('225', '2', '1', '/Uploads/image/2016-09/57d44f4d75633.jpg'), ('224', '2', '0', '/Uploads/image/2016-09/57d44f3c97421.jpg'), ('226', '2', '0', '/Uploads/image/2016-09/57d44f653fedb.jpg'), ('12', '2', '0', '/Uploads/image/2016-09/57d39bed781e4.jpg'), ('233', '15', '1', '/Uploads/image/2016-09/57d45049cfa19.png'), ('14', '3', '1', '/Uploads/image/2016-09/57d39cc9e2d63.png'), ('15', '3', '0', '/Uploads/image/2016-09/57d39ccda7deb.jpg'), ('16', '3', '0', '/Uploads/image/2016-09/57d39cd1b7765.jpg'), ('17', '4', '1', '/Uploads/image/2016-09/57d39d84b02f4.jpg'), ('18', '4', '0', '/Uploads/image/2016-09/57d39d8b71eb1.jpg'), ('19', '4', '0', '/Uploads/image/2016-09/57d39d921479c.jpg'), ('20', '4', '0', '/Uploads/image/2016-09/57d39d966aaf7.jpg'), ('21', '5', '1', '/Uploads/image/2016-09/57d39e2cd8c98.jpg'), ('22', '5', '0', '/Uploads/image/2016-09/57d39e32bdccf.jpg'), ('23', '5', '0', '/Uploads/image/2016-09/57d39e3b21ac8.jpg'), ('24', '5', '0', '/Uploads/image/2016-09/57d39e426e38c.jpg'), ('284', '13', '0', '/Uploads/image/2016-09/57d455a3e712f.jpg'), ('275', '6', '0', '/Uploads/image/2016-09/57d4550faaef3.jpg'), ('273', '6', '1', '/Uploads/image/2016-09/57d45508b6a63.jpg'), ('274', '6', '0', '/Uploads/image/2016-09/57d4550cd99e2.jpg'), ('30', '7', '1', '/Uploads/image/2016-09/57d3a02bb2d01.jpg'), ('31', '7', '0', '/Uploads/image/2016-09/57d3a02e70718.jpg'), ('32', '7', '0', '/Uploads/image/2016-09/57d3a031aaa74.jpg'), ('33', '7', '0', '/Uploads/image/2016-09/57d3a03554861.jpg'), ('288', '14', '0', '/Uploads/image/2016-09/57d455e61288a.jpg'), ('278', '8', '0', '/Uploads/image/2016-09/57d4553e1fed2.jpg'), ('277', '8', '0', '/Uploads/image/2016-09/57d4553b1faab.jpg'), ('276', '8', '1', '/Uploads/image/2016-09/57d4553258087.jpg'), ('38', '9', '1', '/Uploads/image/2016-09/57d3a1aedc677.jpg'), ('39', '9', '0', '/Uploads/image/2016-09/57d3a1b3283e7.jpg'), ('40', '9', '0', '/Uploads/image/2016-09/57d3a1b7db12e.jpg'), ('41', '9', '0', '/Uploads/image/2016-09/57d3a1bb80831.jpg'), ('272', '10', '0', '/Uploads/image/2016-09/57d4545b25768.jpg'), ('271', '10', '0', '/Uploads/image/2016-09/57d4545889565.jpg'), ('270', '10', '0', '/Uploads/image/2016-09/57d4545633023.jpg'), ('269', '10', '1', '/Uploads/image/2016-09/57d45450ed84c.jpg'), ('280', '11', '0', '/Uploads/image/2016-09/57d455695d1e4.jpg'), ('279', '11', '0', '/Uploads/image/2016-09/57d45566441e8.jpg'), ('49', '11', '1', '/Uploads/image/2016-09/57d3a395ef78c.jpg'), ('50', '11', '0', '/Uploads/image/2016-09/57d3a39b34990.jpg'), ('268', '12', '0', '/Uploads/image/2016-09/57d45429ae233.jpg'), ('267', '12', '0', '/Uploads/image/2016-09/57d454248fe46.jpg'), ('56', '12', '1', '/Uploads/image/2016-09/57d3a41617ff7.jpg'), ('283', '13', '0', '/Uploads/image/2016-09/57d455a09ea74.jpg'), ('282', '13', '0', '/Uploads/image/2016-09/57d4559de598c.jpg'), ('281', '13', '1', '/Uploads/image/2016-09/57d4559789f7b.jpg'), ('286', '14', '0', '/Uploads/image/2016-09/57d455e07cbf4.jpg'), ('287', '14', '0', '/Uploads/image/2016-09/57d455e35b8a6.jpg'), ('285', '14', '1', '/Uploads/image/2016-09/57d455dbf310b.jpg'), ('248', '36', '0', '/Uploads/image/2016-09/57d4520c20e25.jpg'), ('234', '15', '0', '/Uploads/image/2016-09/57d4505365063.jpg'), ('237', '34', '0', '/Uploads/image/2016-09/57d451078ae3c.jpg'), ('68', '15', '0', '/Uploads/image/2016-09/57d3a5a00836f.jpg'), ('69', '16', '1', '/Uploads/image/2016-09/57d3a63601f3d.jpg'), ('70', '16', '0', '/Uploads/image/2016-09/57d3a63b6d23b.jpg'), ('71', '16', '0', '/Uploads/image/2016-09/57d3a64464ddc.png'), ('72', '16', '0', '/Uploads/image/2016-09/57d3a64951468.jpg'), ('73', '17', '1', '/Uploads/image/2016-09/57d3a692506ac.jpg'), ('74', '17', '0', '/Uploads/image/2016-09/57d3a69643d9c.jpg'), ('75', '17', '0', '/Uploads/image/2016-09/57d3a6993d02b.jpg'), ('76', '17', '0', '/Uploads/image/2016-09/57d3a69e3c83e.jpg'), ('77', '18', '1', '/Uploads/image/2016-09/57d3a6ed2f426.jpg'), ('78', '18', '0', '/Uploads/image/2016-09/57d3a6f062ce8.jpg'), ('79', '18', '0', '/Uploads/image/2016-09/57d3a6f2d9698.jpg'), ('80', '18', '0', '/Uploads/image/2016-09/57d3a6f8305c3.jpg'), ('81', '19', '1', '/Uploads/image/2016-09/57d3a796a20f8.jpg'), ('82', '19', '0', '/Uploads/image/2016-09/57d3a79a2ff48.jpg'), ('83', '19', '0', '/Uploads/image/2016-09/57d3a79cd4ec8.jpg'), ('84', '19', '0', '/Uploads/image/2016-09/57d3a79fb242e.jpg'), ('85', '20', '1', '/Uploads/image/2016-09/57d3a833dd5be.png'), ('86', '20', '0', '/Uploads/image/2016-09/57d3a83675533.jpg'), ('87', '20', '0', '/Uploads/image/2016-09/57d3a83949cd7.jpg'), ('88', '20', '0', '/Uploads/image/2016-09/57d3a83cb7a6b.jpg'), ('291', '21', '0', '/Uploads/image/2016-09/57d458977da8a.jpg'), ('290', '21', '0', '/Uploads/image/2016-09/57d4588c61854.jpg'), ('289', '21', '1', '/Uploads/image/2016-09/57d4588a382a3.jpg'), ('93', '22', '1', '/Uploads/image/2016-09/57d3a8f956795.jpg'), ('94', '22', '0', '/Uploads/image/2016-09/57d3a8fc16024.jpg'), ('95', '22', '0', '/Uploads/image/2016-09/57d3a8fe8d331.jpg'), ('96', '22', '0', '/Uploads/image/2016-09/57d3a90244cda.jpg'), ('298', '23', '0', '/Uploads/image/2016-09/57d459e4b693a.jpg'), ('296', '23', '1', '/Uploads/image/2016-09/57d459dfc1b4a.jpg'), ('297', '23', '0', '/Uploads/image/2016-09/57d459e27f2a4.jpg'), ('294', '24', '0', '/Uploads/image/2016-09/57d458e1e5355.jpg'), ('293', '24', '0', '/Uploads/image/2016-09/57d458dd2ae1b.jpg'), ('104', '24', '1', '/Uploads/image/2016-09/57d3a9e417597.jpg'), ('105', '25', '1', '/Uploads/image/2016-09/57d3aa559576e.png'), ('106', '25', '0', '/Uploads/image/2016-09/57d3aa5c62481.jpg'), ('107', '25', '0', '/Uploads/image/2016-09/57d3aa5f22306.jpg'), ('108', '25', '0', '/Uploads/image/2016-09/57d3aa6490095.jpg'), ('109', '26', '1', '/Uploads/image/2016-09/57d3aad9b3b1e.jpg'), ('110', '26', '0', '/Uploads/image/2016-09/57d3aadf0f7c1.jpg'), ('111', '26', '0', '/Uploads/image/2016-09/57d3aae1f0cb5.jpg'), ('112', '26', '0', '/Uploads/image/2016-09/57d3aae561c1d.jpg'), ('114', '27', '1', '/Uploads/image/2016-09/57d3ab84f0c4e.jpg'), ('115', '27', '0', '/Uploads/image/2016-09/57d3ab87d95d5.jpg'), ('116', '27', '0', '/Uploads/image/2016-09/57d3ab8c2f61a.jpg'), ('117', '28', '1', '/Uploads/image/2016-09/57d3abe3de568.jpg'), ('118', '28', '0', '/Uploads/image/2016-09/57d3abe697df2.jpg'), ('119', '28', '0', '/Uploads/image/2016-09/57d3abefd4af3.jpg'), ('120', '28', '0', '/Uploads/image/2016-09/57d3abf547744.jpg'), ('122', '29', '1', '/Uploads/image/2016-09/57d3ac648cc20.jpg'), ('123', '29', '0', '/Uploads/image/2016-09/57d3ac6959d04.jpg'), ('124', '29', '0', '/Uploads/image/2016-09/57d3ac6f36392.jpg'), ('125', '30', '1', '/Uploads/image/2016-09/57d3accdcf547.jpg'), ('126', '30', '0', '/Uploads/image/2016-09/57d3acd20e9a7.jpg'), ('127', '30', '0', '/Uploads/image/2016-09/57d3acd62efa4.jpg'), ('128', '30', '0', '/Uploads/image/2016-09/57d3acda39e86.jpg'), ('295', '31', '1', '/Uploads/image/2016-09/57d4594c6af76.jpg'), ('131', '31', '0', '/Uploads/image/2016-09/57d3ad33db5c4.jpg'), ('132', '31', '0', '/Uploads/image/2016-09/57d3ad37111a7.jpg'), ('133', '32', '1', '/Uploads/image/2016-09/57d3adcb72f05.jpg'), ('134', '32', '0', '/Uploads/image/2016-09/57d3add4525d4.jpg'), ('135', '32', '0', '/Uploads/image/2016-09/57d3add8a3598.jpg'), ('136', '32', '0', '/Uploads/image/2016-09/57d3ade08bba2.jpg'), ('137', '33', '1', '/Uploads/image/2016-09/57d3ae4e87921.jpg'), ('138', '33', '0', '/Uploads/image/2016-09/57d3ae51553e1.jpg'), ('139', '33', '0', '/Uploads/image/2016-09/57d3ae559e722.jpg'), ('140', '33', '0', '/Uploads/image/2016-09/57d3ae5a9f594.jpg'), ('235', '34', '1', '/Uploads/image/2016-09/57d450bb3e1c7.jpg'), ('246', '35', '0', '/Uploads/image/2016-09/57d451ca99960.jpg'), ('143', '34', '0', '/Uploads/image/2016-09/57d3aeea9a8dd.jpg'), ('243', '35', '1', '/Uploads/image/2016-09/57d451b6e32eb.jpg'), ('244', '35', '0', '/Uploads/image/2016-09/57d451ba78f19.jpg'), ('245', '35', '0', '/Uploads/image/2016-09/57d451c5a9015.jpg'), ('247', '36', '0', '/Uploads/image/2016-09/57d452094d999.jpg'), ('149', '36', '1', '/Uploads/image/2016-09/57d3afce7052e.png'), ('150', '36', '0', '/Uploads/image/2016-09/57d3afd490219.jpg'), ('151', '36', '0', '/Uploads/image/2016-09/57d3afd747905.jpg'), ('249', '37', '0', '/Uploads/image/2016-09/57d45232b8543.jpg'), ('153', '37', '1', '/Uploads/image/2016-09/57d3b03549136.png'), ('154', '37', '0', '/Uploads/image/2016-09/57d3b0393a687.jpg'), ('155', '37', '0', '/Uploads/image/2016-09/57d3b03cc6b78.jpg'), ('156', '38', '1', '/Uploads/image/2016-09/57d3b0937a29e.jpg'), ('157', '38', '0', '/Uploads/image/2016-09/57d3b0965ea33.jpg'), ('158', '38', '0', '/Uploads/image/2016-09/57d3b099135a0.jpg'), ('159', '38', '0', '/Uploads/image/2016-09/57d3b09b6b9b7.jpg'), ('160', '38', '0', '/Uploads/image/2016-09/57d3b09e5ab90.jpg'), ('161', '39', '1', '/Uploads/image/2016-09/57d3b1035ce06.jpg'), ('162', '39', '0', '/Uploads/image/2016-09/57d3b10739f31.png'), ('163', '39', '0', '/Uploads/image/2016-09/57d3b10a090dd.jpg'), ('252', '40', '0', '/Uploads/image/2016-09/57d452697cf89.jpg'), ('251', '40', '0', '/Uploads/image/2016-09/57d452670d67b.jpg'), ('250', '40', '1', '/Uploads/image/2016-09/57d4525fed79c.jpg'), ('261', '41', '0', '/Uploads/image/2016-09/57d45362b5311.jpg'), ('260', '41', '0', '/Uploads/image/2016-09/57d4536047a21.jpg'), ('259', '41', '0', '/Uploads/image/2016-09/57d4535e28ed9.jpg'), ('258', '41', '1', '/Uploads/image/2016-09/57d4535a12d1a.jpg'), ('257', '42', '0', '/Uploads/image/2016-09/57d452de2ca84.jpg'), ('256', '42', '0', '/Uploads/image/2016-09/57d452d6c59e2.jpg'), ('255', '42', '0', '/Uploads/image/2016-09/57d452ccb25fe.jpg'), ('254', '42', '1', '/Uploads/image/2016-09/57d452c6ba241.jpg'), ('175', '43', '1', '/Uploads/image/2016-09/57d3b315b233e.png'), ('176', '43', '0', '/Uploads/image/2016-09/57d3b3182c9e0.jpg'), ('177', '43', '0', '/Uploads/image/2016-09/57d3b31a851e1.jpg'), ('178', '44', '1', '/Uploads/image/2016-09/57d3b366e48b1.png'), ('179', '44', '0', '/Uploads/image/2016-09/57d3b369949ce.jpg'), ('180', '44', '0', '/Uploads/image/2016-09/57d3b36d95811.jpg'), ('181', '44', '0', '/Uploads/image/2016-09/57d3b370375c4.jpg'), ('182', '44', '0', '/Uploads/image/2016-09/57d3b372c614a.jpg'), ('183', '44', '0', '/Uploads/image/2016-09/57d3b37523bca.jpg'), ('185', '45', '1', '/Uploads/image/2016-09/57d3b3f04fa9c.jpg'), ('186', '45', '0', '/Uploads/image/2016-09/57d3b3f2c1af3.jpg'), ('187', '45', '0', '/Uploads/image/2016-09/57d3b3f53ce23.jpg'), ('188', '46', '1', '/Uploads/image/2016-09/57d3b45154a73.jpg'), ('189', '46', '0', '/Uploads/image/2016-09/57d3b45434ae8.jpg'), ('190', '46', '0', '/Uploads/image/2016-09/57d3b4580654d.jpg'), ('191', '46', '0', '/Uploads/image/2016-09/57d3b45c3e224.jpg'), ('192', '47', '1', '/Uploads/image/2016-09/57d3b4b517cab.jpg'), ('193', '47', '0', '/Uploads/image/2016-09/57d3b4b83c223.jpg'), ('194', '47', '0', '/Uploads/image/2016-09/57d3b4bc94d33.jpg'), ('195', '47', '0', '/Uploads/image/2016-09/57d3b4c29c839.jpg'), ('196', '48', '1', '/Uploads/image/2016-09/57d3b516d2bf7.jpg'), ('197', '48', '0', '/Uploads/image/2016-09/57d3b51ab2edc.jpg'), ('198', '49', '1', '/Uploads/image/2016-09/57d3b5649b43c.jpg'), ('199', '49', '0', '/Uploads/image/2016-09/57d3b56906228.jpg'), ('200', '49', '0', '/Uploads/image/2016-09/57d3b56d1a405.jpg'), ('201', '50', '1', '/Uploads/image/2016-09/57d3b84f7f3b6.jpg'), ('202', '50', '0', '/Uploads/image/2016-09/57d3b85743312.jpg'), ('203', '50', '0', '/Uploads/image/2016-09/57d3b860cfd3c.jpg'), ('204', '50', '0', '/Uploads/image/2016-09/57d3b86833e8d.jpg'), ('205', '51', '1', '/Uploads/image/2016-09/57d3b901214c5.jpg'), ('206', '51', '0', '/Uploads/image/2016-09/57d3b907c2fb8.jpg'), ('207', '51', '0', '/Uploads/image/2016-09/57d3b90dc5b75.jpg'), ('300', '52', '0', '/Uploads/image/2016-09/57d45a9a7aff9.jpg'), ('299', '52', '0', '/Uploads/image/2016-09/57d45a92115b5.jpg'), ('210', '52', '1', '/Uploads/image/2016-09/57d3ba0ca02b8.jpg'), ('211', '53', '1', '/Uploads/image/2016-09/57d3bb26deb8c.jpg'), ('212', '53', '0', '/Uploads/image/2016-09/57d3bb2eb3e4e.jpg'), ('213', '53', '0', '/Uploads/image/2016-09/57d3bb34d8001.jpg'), ('214', '53', '0', '/Uploads/image/2016-09/57d3bb3bbc9bc.jpg'), ('215', '53', '0', '/Uploads/image/2016-09/57d3bb4345334.jpg'), ('216', '54', '1', '/Uploads/image/2016-09/57d3bc78adedd.jpg'), ('217', '54', '0', '/Uploads/image/2016-09/57d3bc7f3b25f.jpg'), ('218', '54', '0', '/Uploads/image/2016-09/57d3bc886c067.jpg'), ('219', '54', '0', '/Uploads/image/2016-09/57d3bc9059f50.png'), ('220', '54', '0', '/Uploads/image/2016-09/57d3bc9610e6d.jpg'), ('221', '55', '1', '/Uploads/image/2016-09/57d3bd182afe6.jpg'), ('222', '55', '0', '/Uploads/image/2016-09/57d3bd1db7c20.jpg'), ('223', '55', '0', '/Uploads/image/2016-09/57d3bd240c8c3.jpg'), ('253', '40', '0', '/Uploads/image/2016-09/57d45275eef8c.jpg'), ('262', '41', '0', '/Uploads/image/2016-09/57d453657e308.jpg');
COMMIT;

-- ----------------------------
--  Table structure for `tp_item_refund_change`
-- ----------------------------
DROP TABLE IF EXISTS `tp_item_refund_change`;
CREATE TABLE `tp_item_refund_change` (
  `item_refund_change_id` int(11) NOT NULL AUTO_INCREMENT COMMENT '自增主键',
  `operate_type` tinyint(4) NOT NULL DEFAULT '0' COMMENT '操作类型，1退货，2换货',
  `order_id` int(11) NOT NULL DEFAULT '0' COMMENT '订单ID',
  `refund_type` tinyint(3) unsigned NOT NULL DEFAULT '0' COMMENT '退款原因，1未收到货，2超时，3质量问题，4收到的商品数量与购买的数量不一致，5镖师态度问题，6其他原因',
  `item_ids` varchar(255) NOT NULL DEFAULT '' COMMENT '订单商品ID列表，多个订单商品ID用英文逗号隔开',
  `item_nums` varchar(255) NOT NULL DEFAULT '' COMMENT '退款商品件数，必须和item_ids对应',
  `complain_user_ids` varchar(255) NOT NULL DEFAULT '' COMMENT '投诉对象ID列表，英文逗号隔开',
  `refund_money` decimal(10,2) NOT NULL DEFAULT '0.00' COMMENT '退还金额，若为负数，需要代理商方面补偿金额，由双方协商通过其他途径支付',
  `reason` text COMMENT '退换货原因描述',
  `proof` varchar(128) NOT NULL DEFAULT '' COMMENT '退换货凭证，照片',
  `express_number` varchar(32) NOT NULL DEFAULT '' COMMENT '物流单号',
  `state` tinyint(4) NOT NULL DEFAULT '0' COMMENT '退换货状态，0未处理，1通过，2拒绝',
  `addtime` int(11) NOT NULL DEFAULT '0' COMMENT '添加时间',
  `handle_time` int(11) NOT NULL DEFAULT '0' COMMENT '处理时间',
  `admin_remark` varchar(255) NOT NULL DEFAULT '' COMMENT '管理员备注',
  `isuse` tinyint(4) NOT NULL DEFAULT '0' COMMENT '是否启用，1启用，0关闭',
  PRIMARY KEY (`item_refund_change_id`)
) ENGINE=MyISAM DEFAULT CHARSET=utf8 COMMENT='退换货申请表';

-- ----------------------------
--  Table structure for `tp_item_sku_price`
-- ----------------------------
DROP TABLE IF EXISTS `tp_item_sku_price`;
CREATE TABLE `tp_item_sku_price` (
  `item_sku_price_id` int(11) NOT NULL AUTO_INCREMENT COMMENT '自增主键',
  `item_id` int(11) NOT NULL DEFAULT '0' COMMENT '商品ID',
  `item_sn` varchar(255) NOT NULL DEFAULT '0' COMMENT '商品货号',
  `sku_price` decimal(10,2) NOT NULL DEFAULT '0.00' COMMENT 'SKU商品价格',
  `sku_stock` int(11) NOT NULL DEFAULT '0' COMMENT 'SKU商品库存',
  `serial` tinyint(4) NOT NULL DEFAULT '0' COMMENT '排序号',
  `property_value1` int(11) NOT NULL DEFAULT '0' COMMENT '规格值ID，商品最多允许有两种规格，此处为第一种，可不填',
  `property_value2` int(11) NOT NULL DEFAULT '0' COMMENT '规格值ID，商品最多允许有两种规格，此处为第二种，可不填',
  `isuse` tinyint(4) NOT NULL DEFAULT '0' COMMENT '是否启用，1启用，0关闭',
  `goods_code` varchar(32) CHARACTER SET utf8 COLLATE utf8_unicode_ci NOT NULL DEFAULT '7000' COMMENT '商品编码',
  PRIMARY KEY (`item_sku_price_id`)
) ENGINE=MyISAM DEFAULT CHARSET=utf8 COMMENT='商品SKU价格关联表';

-- ----------------------------
--  Table structure for `tp_item_txt`
-- ----------------------------
DROP TABLE IF EXISTS `tp_item_txt`;
CREATE TABLE `tp_item_txt` (
  `item_id` int(11) NOT NULL AUTO_INCREMENT COMMENT '主键',
  `contents` text COMMENT '商品详情描述',
  PRIMARY KEY (`item_id`)
) ENGINE=MyISAM AUTO_INCREMENT=56 DEFAULT CHARSET=utf8 COMMENT='商品详情描述表';

-- ----------------------------
--  Records of `tp_item_txt`
-- ----------------------------
BEGIN;
INSERT INTO `tp_item_txt` VALUES ('1', '&lt;span style=&quot;color:#555555;font-family:宋体;background-color:#FFFFFF;&quot;&gt;为弹花*热情洋溢（15天）、（90天）2种，开炮后洋溢炫光，如同罗兰弥漫，自由奔放！&lt;span style=&quot;color:#555555;font-family:宋体;background-color:#FFFFFF;&quot;&gt;自由奔放！&lt;/span&gt;&lt;span style=&quot;color:#555555;font-family:宋体;background-color:#FFFFFF;&quot;&gt;自由奔放！&lt;/span&gt;&lt;/span&gt;'), ('2', '&lt;span style=&quot;color:#555555;font-family:宋体;background-color:#FFFFFF;&quot;&gt;分为弹花*粉红之恋（15天）、（90天）2种，代表初恋般感觉的粉红色桃心弹花！&lt;/span&gt;'), ('3', '&lt;span style=&quot;color:#666666;font-family:Arial, &amp;quot;font-size:16px;background-color:#FFFFFF;&quot;&gt;开启武器箱需要苍穹盆地成长钥匙，每日任务未知的矿物和冰雪射击场可以获得钥匙，未知的矿物任务可以获得3把钥匙&lt;/span&gt;'), ('4', '&lt;ul&gt;\r\n	&lt;li&gt;\r\n		时至今日，从网吧海选，到城市区域对决，选手们一步步向着最高、最强、最能彰显荣耀的全国总冠军前进，期间无论是1V1的单挑对决，还是3V3的团队激战，都带来了最华丽精彩的竞技表现。\r\n	&lt;/li&gt;\r\n&lt;/ul&gt;'), ('5', '&lt;span style=&quot;color:#333333;font-family:微软雅黑, 宋体;font-size:16px;&quot;&gt;经过一段时间的激战，南北两大赛区选手均已决出，并且在不断的淘汰对决中，更强者的选手已经准备好迎接最后的区域赛冠军之位了。&lt;/span&gt;'), ('6', '&lt;span style=&quot;color:#333333;font-family:微软雅黑, 宋体;font-size:16px;&quot;&gt;&lt;span style=&quot;color:#333333;font-family:微软雅黑, 宋体;font-size:16px;&quot;&gt;本周末，南部赛区决战，成都、福州、广州、贵阳、昆明、南昌、上海、长沙等15个城市决出的城市赛冠军个人或团队，将集结南京向着更高的赛区冠军发起冲击，详细的比赛地点请留意官网公告。&lt;/span&gt;&lt;/span&gt;'), ('7', '&lt;p style=&quot;font-size:16px;text-indent:2em;color:#333333;font-family:微软雅黑, 宋体;text-align:justify;&quot;&gt;\r\n	前三甲个人或团队，均可获得丰厚的奖励，其中冠军还有绝世高手称号和精锐胜负师的冠军专属奖励。\r\n&lt;/p&gt;\r\n&lt;div&gt;\r\n	&lt;br /&gt;\r\n&lt;/div&gt;'), ('8', '&lt;span style=&quot;color:#333333;font-family:微软雅黑, 宋体;font-size:16px;&quot;&gt;《剑灵》第三届武灵天下赛，最顶尖的竞技选手或团队，带来最华丽的竞技对抗，也有最值得拥有的丰厚奖励由官方送出。&lt;/span&gt;'), ('9', '&lt;span style=&quot;color:#333333;font-family:微软雅黑, 宋体;font-size:16px;&quot;&gt;最华丽的赛事，由《剑灵》献上！第三届武灵天下赛全国开战，决选最能代表中国&lt;/span&gt;&lt;a href=&quot;http://ka.play.163.com/ku/zz/&quot; target=&quot;_blank&quot;&gt;征战&lt;/a&gt;&lt;span style=&quot;color:#333333;font-family:微软雅黑, 宋体;font-size:16px;&quot;&gt;国际战场的个人或团队种子选手，现在，15个南部城市组成的南部赛区，决战时间就在周末，南部赛区最强者的荣誉即将揭晓！&lt;/span&gt;'), ('10', '&lt;span style=&quot;color:#333333;font-family:微软雅黑, 宋体;font-size:16px;&quot;&gt;最华丽的赛事，由《剑灵》献上！第三届武灵天下赛全国开战，决选最能代表中国&lt;/span&gt;&lt;a href=&quot;http://ka.play.163.com/ku/zz/&quot; target=&quot;_blank&quot;&gt;征战&lt;/a&gt;&lt;span style=&quot;color:#333333;font-family:微软雅黑, 宋体;font-size:16px;&quot;&gt;国际战场的个人或团队种子选手，现在，15个南部城市组成的南部赛区，决战时间就在周末，南部赛区最强者的荣誉即将揭晓！&lt;/span&gt;'), ('11', '&lt;span style=&quot;color:#333333;font-family:微软雅黑, 宋体;font-size:16px;&quot;&gt;《剑灵》即将到来全新IP新作《剑灵洪门&lt;/span&gt;&lt;a href=&quot;http://ka.play.163.com/ku/jueqi/&quot; target=&quot;_blank&quot;&gt;崛起&lt;/a&gt;&lt;span style=&quot;color:#333333;font-family:微软雅黑, 宋体;font-size:16px;&quot;&gt;》，该作背景故事架构为《剑灵》剧情前传，其内游戏角色、时间观、技能等诸多元素都基本继承了端游版《剑灵》，力求带给玩家最原汁的游戏体验。关注微信公众号，新游动态早知道，还有机会获得首测体验资格哦！&lt;/span&gt;'), ('12', '&lt;span style=&quot;color:#404040;font-family:&amp;quot;font-size:18px;background-color:#FFFFFF;&quot;&gt;在第三十二个教师节来临之际，9日上午，习近平总书记来到位于海淀区的北京市八一学校看望师生，向全国广大教师和教育工作者致以节日问候。&lt;/span&gt;'), ('13', '&lt;span style=&quot;color:#404040;font-family:&amp;quot;font-size:18px;background-color:#FFFFFF;&quot;&gt;毕业于北京师范大学中文系、现年77岁的退休儿童作家陈秋影曾经连续三年担任习近平的初中语文老师。&lt;/span&gt;'), ('14', '&lt;span style=&quot;color:#404040;font-family:&amp;quot;font-size:18px;background-color:#FFFFFF;&quot;&gt;毕业于北京师范大学中文系、现年77岁的退休儿童作家陈秋影曾经连续三年担任习近平的初中语文老师。&lt;/span&gt;'), ('15', '&lt;span style=&quot;color:#404040;font-family:&amp;quot;font-size:18px;background-color:#FFFFFF;&quot;&gt;作为语文教师，陈秋影表示：“习近平对国学情有独钟，学习成绩挺好的。”“他的阅读量很丰富，很喜欢杜甫的诗。”她还记得，当讲完杜甫的《绝句》，习近平在下课之后来主动来问老师，说他十分喜爱杜甫这位大诗人，还希望更多的读一些杜甫的作品，陈老师当时提到了《望岳》、《春夜喜雨》等。&lt;/span&gt;'), ('16', '&lt;span style=&quot;color:#404040;font-family:&amp;quot;font-size:18px;background-color:#FFFFFF;&quot;&gt;作为语文教师，陈秋影表示：“习近平对国学情有独钟，学习成绩挺好的。”“他的阅读量很丰富，很喜欢杜甫的诗。”她还记得，当讲完杜甫的《绝句》，习近平在下课之后来主动来问老师，说他十分喜爱杜甫这位大诗人，还希望更多的读一些杜甫的作品，陈老师当时提到了《望岳》、《春夜喜雨》等。&lt;/span&gt;'), ('17', '&lt;span style=&quot;color:#404040;font-family:&amp;quot;font-size:18px;background-color:#FFFFFF;&quot;&gt;&lt;span style=&quot;color:#404040;font-family:&amp;quot;font-size:18px;background-color:#FFFFFF;&quot;&gt;陈秋影提到一件小事，“中学楼门很小，当几个同学或老师一起进去时，他会做个手势让老师先进。一般在这个年龄像他这样做的很少。”&lt;/span&gt;&lt;/span&gt;'), ('18', '&lt;span style=&quot;color:#404040;font-family:&amp;quot;font-size:18px;background-color:#FFFFFF;&quot;&gt;陈秋影提到一件小事，“中学楼门很小，当几个同学或老师一起进去时，他会做个手势让老师先进。一般在这个年龄像他这样做的很少。”&lt;/span&gt;'), ('19', '&lt;span style=&quot;color:#404040;font-family:&amp;quot;font-size:18px;background-color:#FFFFFF;&quot;&gt;陈秋影提到一件小事，“中学楼门很小，当几个同学或老师一起进去时，他会做个手势让老师先进。一般在这个年龄像他这样做的很少。”&lt;/span&gt;'), ('20', '&lt;span style=&quot;color:#404040;font-family:&amp;quot;font-size:18px;background-color:#FFFFFF;&quot;&gt;陈秋影老师回忆，习近平是1965年秋季在八一学校就读初中的。在班里，习近平的年龄稍小，但是，已有五年教学经验的陈老师很快就发现，这位很少在课间休息时喊叫打闹的小小少年，性格十分稳重仁厚，“一个12岁的少年，却能表示得如此平静，小小年纪就‘每临大事有静气’”。&lt;/span&gt;'), ('21', '&lt;span style=&quot;color:#404040;font-family:&amp;quot;font-size:18px;background-color:#FFFFFF;&quot;&gt;当被问及“学生时代的习近平是否爱玩”时，陈秋影说道：“爱玩，他喜欢足球。”在陈秋影印象中，当时学校成立了一个足球队，习近平虽不是足球队的成员，但这并未影响他对足球的热爱之情。“一到课间他就和同学踢足球，直到今天他也依旧很喜欢足球。”&lt;/span&gt;'), ('22', '&lt;span style=&quot;color:#404040;font-family:&amp;quot;font-size:18px;background-color:#FFFFFF;&quot;&gt;当被问及“学生时代的习近平是否爱玩”时，陈秋影说道：“爱玩，他喜欢足球。”在陈秋影印象中，当时学校成立了一个足球队，习近平虽不是足球队的成员，但这并未影响他对足球的热爱之情。“一到课间他就和同学踢足球，直到今天他也依旧很喜欢足球。”&lt;/span&gt;'), ('23', '&lt;span style=&quot;color:#404040;font-family:&amp;quot;font-size:18px;background-color:#FFFFFF;&quot;&gt;作为习近平少年时代的老师，陈秋影一直通过各种渠道，关注着这位优秀学子的进步和成长，无论环境如何变迁，师生联络从未间断。&lt;/span&gt;'), ('24', '&lt;span style=&quot;color:#404040;font-family:&amp;quot;font-size:18px;background-color:#FFFFFF;&quot;&gt;作为习近平少年时代的老师，陈秋影一直通过各种渠道，关注着这位优秀学子的进步和成长，无论环境如何变迁，师生联络从未间断。&lt;/span&gt;'), ('25', '&lt;span style=&quot;color:#404040;font-family:&amp;quot;font-size:18px;background-color:#FFFFFF;&quot;&gt;陈秋影老师回忆，习近平在外地工作期间，每逢有来北京开会或是处理党政工作的机会，他总会抽出一些时间，和少年时代的学友相聚，或是去拜望教过他学习课业的老师。陈秋影在90年代曾遭遇过一次车祸，习近平曾亲自到家中探望。&lt;/span&gt;'), ('26', '&lt;span style=&quot;color:#404040;font-family:&amp;quot;font-size:18px;background-color:#FFFFFF;&quot;&gt;1993年9月，时任福州市委书记的习近平，利用在京开会的间隙，来到家中看望陈老师。&lt;/span&gt;'), ('27', '&lt;span style=&quot;color:#404040;font-family:&amp;quot;font-size:18px;background-color:#FFFFFF;&quot;&gt;1999年夏天，已退休的陈秋影老师笔耕不辍，新创作出版了一册十余万字的童话集。她把还散发着油墨香气的新书寄赠习近平，作为精神上的沟通与交流。&lt;/span&gt;'), ('28', '&lt;span style=&quot;color:#404040;font-family:&amp;quot;font-size:18px;background-color:#FFFFFF;&quot;&gt;不久之后，习近平寄来回信，信中对陈老师退休之后仍辛勤耕耘不止表达敬佩。他写道，“尊师敬教是中华民族的传统美德，正如毛主席对徐特立老人所说的那样：您过去是我的老师，现在仍然是我的老师，将来还是我的老师。”这封信寄出的时间是1999年11月19日，但是陈老师至今仍能背诵朗读这封感人至深的回信。&lt;/span&gt;'), ('29', '&lt;span style=&quot;color:#404040;font-family:&amp;quot;font-size:18px;background-color:#FFFFFF;&quot;&gt;不久之后，习近平寄来回信，信中对陈老师退休之后仍辛勤耕耘不止表达敬佩。他写道，“尊师敬教是中华民族的传统美德，正如毛主席对徐特立老人所说的那样：您过去是我的老师，现在仍然是我的老师，将来还是我的老师。”这封信寄出的时间是1999年11月19日，但是陈老师至今仍能背诵朗读这封感人至深的回信。&lt;/span&gt;'), ('30', '&lt;span style=&quot;color:#404040;font-family:&amp;quot;font-size:18px;background-color:#FFFFFF;&quot;&gt;不久之后，习近平寄来回信，信中对陈老师退休之后仍辛勤耕耘不止表达敬佩。他写道，“尊师敬教是中华民族的传统美德，正如毛主席对徐特立老人所说的那样：您过去是我的老师，现在仍然是我的老师，将来还是我的老师。”这封信寄出的时间是1999年11月19日，但是陈老师至今仍能背诵朗读这封感人至深的回信。&lt;/span&gt;'), ('31', '&lt;span style=&quot;color:#404040;font-family:&amp;quot;font-size:18px;background-color:#FFFFFF;&quot;&gt;不久之后，习近平寄来回信，信中对陈老师退休之后仍辛勤耕耘不止表达敬佩。他写道，“尊师敬教是中华民族的传统美德，正如毛主席对徐特立老人所说的那样：您过去是我的老师，现在仍然是我的老师，将来还是我的老师。”这封信寄出的时间是1999年11月19日，但是陈老师至今仍能背诵朗读这封感人至深的回信。&lt;/span&gt;'), ('32', '&lt;span style=&quot;color:#404040;font-family:&amp;quot;font-size:18px;background-color:#FFFFFF;&quot;&gt;习近平在各地任职期间，除借来京开会等机会探望陈秋影老师外，还曾多次在福建、浙江等地与陈秋影会面。1996年6月，陈秋影因公前往福州出差，与已担任福建省委副书记的习近平见面，“我接触到的文化、教育各界朋友，对习书记的工作作风和个人品质发自内心的肯定与称赞，都令我这个习近平少年时代的老师感到欣慰。”&lt;/span&gt;'), ('33', '&lt;span style=&quot;color:#404040;font-family:&amp;quot;font-size:18px;background-color:#FFFFFF;&quot;&gt;2006年春季，师生再次在杭州相见，那时的习近平已是浙江省委书记。“这次的杭州之行，是一段让我终生难忘的宝贵经历。当时，正是习近平工作最为繁忙的阶段，国际国内的几个重要会议和大型活动，都正在杭州举办。作为省委书记，他的忙碌是可以想象的，但他利用周末晚上难得的休息时间，驱车来到我下榻的宾馆。师生相见，非常亲切。我们共同关心的话题很多很多，谈话内容涉及到了工作和生活的方方面面。”陈秋影说，在师生二人自自然然的交流中，她又一次体会到深挚的师生之情是多么美好和珍贵。&lt;/span&gt;'), ('34', '&lt;h4 style=&quot;font-size:36px;font-family:&amp;quot;color:#404040;background-color:#FFFFFF;&quot;&gt;\r\n	&lt;span style=&quot;color:#404040;font-family:&amp;quot;font-size:18px;background-color:#FFFFFF;&quot;&gt;新京报讯 （记者郭超）网约车驾驶员上岗也需要经过从业资格考试，无从业资格证从事经营活动，可能面临1万元以上3万元以下罚款。有暴力犯罪记录的不得从事出租车驾驶员工作；出租车司机绕路、拒载等违规行为，将面临最高2000元的罚款。&lt;/span&gt; \r\n&lt;/h4&gt;'), ('35', '&lt;span style=&quot;color:#404040;font-family:&amp;quot;font-size:18px;background-color:#FFFFFF;&quot;&gt;本次修改最大的变化是将原来《出租汽车经营服务管理规定》名称，修改为《巡游出租汽车经营服务管理规定》。&lt;/span&gt;'), ('36', '&lt;span style=&quot;color:#404040;font-family:&amp;quot;font-size:18px;background-color:#FFFFFF;&quot;&gt;记者在新规中发现，出租车汽车在城市中的定位有了调整。将“出租车定位为城市交通的组成部分”调整为“城市公共交通的补充，为社会公众提供个性化运输服务”。&lt;/span&gt;'), ('37', '&lt;span style=&quot;color:#404040;font-family:&amp;quot;font-size:18px;background-color:#FFFFFF;&quot;&gt;交通专家指出，此举旨在根据巡游出租车和网络预约出租车的服务特性，分别制订服务规范，网约车服务管理规范已征求过意见，经过修改后将适时发布。&lt;/span&gt;'), ('38', '&lt;span style=&quot;color:#404040;font-family:&amp;quot;font-size:18px;background-color:#FFFFFF;&quot;&gt;记者在新规中发现，出租车汽车在城市中的定位有了调整。将“出租车定位为城市交通的组成部分”调整为“城市公共交通的补充，为社会公众提供个性化运输服务”。&lt;/span&gt;'), ('39', '&lt;b&gt;1网约车驾驶员上岗需通过资格考试&lt;/b&gt;'), ('40', '&lt;p style=&quot;font-size:18px;text-indent:2em;font-family:&amp;quot;color:#404040;text-align:justify;background-color:#FFFFFF;&quot;&gt;\r\n	新的从业资格管理规定将网约车驾驶员纳入管理，上岗考核方面，修订后的《规定》明确，出租汽车驾驶员从业资格考试包括全国公共科目和区域科目考试。\r\n&lt;/p&gt;\r\n&lt;p style=&quot;font-size:18px;text-indent:2em;font-family:&amp;quot;color:#404040;text-align:justify;background-color:#FFFFFF;&quot;&gt;\r\n	全国公共科目考试实行全国统一考试大纲，考试大纲、考试题库由交通运输部负责编制，考试通过后还需参加区域科目考试。\r\n&lt;/p&gt;\r\n&lt;p style=&quot;font-size:18px;text-indent:2em;font-family:&amp;quot;color:#404040;text-align:justify;background-color:#FFFFFF;&quot;&gt;\r\n	巡游出租汽车驾驶员从业资格区域科目考试，是对地方出租汽车政策法规、经营区域人文地理和交通路线等具有区域服务特征的知识测试；网络预约出租汽车驾驶员从业资格区域科目考试，是对地方出租汽车政策法规等具有区域规范要求的知识测试。\r\n&lt;/p&gt;'), ('41', '&lt;b&gt;2交通肇事犯罪者不得从事网约车运营&lt;/b&gt;'), ('42', '&lt;span style=&quot;color:#404040;font-family:&amp;quot;font-size:18px;background-color:#FFFFFF;&quot;&gt;新的管理规定还调整了部分法律责任，对出租车驾驶员八种服务不规范问题加大处罚力度。明确了拒载、议价、途中甩客或者故意绕道行驶的；未经乘客同意搭载其他乘客的；不按照规定使用计价器、违规收费的；不按照规定出具相应车费票据的；不按照规定携带道路运输证、从业资格证的；不按照规定使用出租汽车相关设备的；接受出租汽车电召任务后未履行约定的；不按照规定使用文明用语，车容车貌不符合要求这八种违规行为，将要受到200元以上2000元以下罚款。修改前的规范，对违反这八类行为的处罚，最高罚款200元。&lt;/span&gt;'), ('43', '&lt;span style=&quot;color:#404040;font-family:&amp;quot;font-size:18px;background-color:#FFFFFF;&quot;&gt;长期关注网约车政策动向的中国政法大学传播法中心副主任朱巍认为，将网约车驾驶员也纳入出租车驾驶员资质考试中，会给网约车的发展带来障碍。&lt;/span&gt;'), ('44', '&lt;p style=&quot;font-size:18px;text-indent:2em;font-family:&amp;quot;color:#404040;text-align:justify;background-color:#FFFFFF;&quot;&gt;\r\n	他说，早些时候公布的网约车新政中并没有对驾驶员从业资质考试做相关规定，对网约车从业人员做证件审核和从业知识培训就行，将网约车驾驶员和巡游车驾驶员放在一个框架内管理，就是新瓶装旧酒的做法。\r\n&lt;/p&gt;\r\n&lt;p style=&quot;font-size:18px;text-indent:2em;font-family:&amp;quot;color:#404040;text-align:justify;background-color:#FFFFFF;&quot;&gt;\r\n	他举例说，如果专车司机是专职的从业者，那么通过考试合规后上岗有必要，但网约车本身有车辆共享的性质，还有很多车辆加入网约车行列本身就是共享行为，这些驾驶员没必要参加考试。“要是让这部分司机都去考试，那就会有很多人不干了。”\r\n&lt;/p&gt;'), ('45', '&lt;span style=&quot;color:#404040;font-family:&amp;quot;font-size:18px;background-color:#FFFFFF;&quot;&gt;长期关注网约车政策动向的中国政法大学传播法中心副主任朱巍认为，将网约车驾驶员也纳入出租车驾驶员资质考试中，会给网约车的发展带来障碍。&lt;/span&gt;'), ('46', '&lt;span style=&quot;color:#404040;font-family:&amp;quot;font-size:18px;background-color:#FFFFFF;&quot;&gt;新的管理规定还调整了部分法律责任，对出租车驾驶员八种服务不规范问题加大处罚力度。明确了拒载、议价、途中甩客或者故意绕道行驶的；未经乘客同意搭载其他乘客的；不按照规定使用计价器、违规收费的；不按照规定出具相应车费票据的；不按照规定携带道路运输证、从业资格证的；不按照规定使用出租汽车相关设备的；接受出租汽车电召任务后未履行约定的；不按照规定使用文明用语，车容车貌不符合要求这八种违规行为，将要受到200元以上2000元以下罚款。修改前的规范，对违反这八类行为的处罚，最高罚款200元。&lt;/span&gt;'), ('47', '&lt;span style=&quot;color:#404040;font-family:&amp;quot;font-size:18px;background-color:#FFFFFF;&quot;&gt;他举例说，如果专车司机是专职的从业者，那么通过考试合规后上岗有必要，但网约车本身有车辆共享的性质，还有很多车辆加入网约车行列本身就是共享行为，这些驾驶员没必要参加考试。“要是让这部分司机都去考试，那就会有很多人不干了。”&lt;/span&gt;'), ('48', '&lt;span style=&quot;color:#404040;font-family:&amp;quot;font-size:18px;background-color:#FFFFFF;&quot;&gt;不按照规定使用出租汽车相关设备的；接受出租汽车电召任务后未履行约定的；不按照规定使用文明用语，车容车貌不符合要求这八种违规行为，将要受到200元以上2000元以下罚款。修改前的规范，对违反这八类行为的处罚，最高罚款200元。&lt;/span&gt;'), ('49', '&lt;span style=&quot;color:#404040;font-family:&amp;quot;font-size:18px;background-color:#FFFFFF;&quot;&gt;新的管理规定还调整了部分法律责任，对出租车驾驶员八种服务不规范问题加大处罚力度。明确了拒载、议价、途中甩客或者故意绕道行驶的；&lt;/span&gt;'), ('50', '有问题可以咨询客服'), ('51', '&lt;p class=&quot;MsoNormal&quot;&gt;\r\n	该商品在苹果专卖店采购，保证正品\r\n&lt;/p&gt;\r\n&lt;p class=&quot;MsoNormal&quot;&gt;\r\n	&lt;span&gt;工作人员会在&lt;/span&gt;24小时之内发货\r\n&lt;/p&gt;'), ('52', '&lt;p class=&quot;MsoNormal&quot;&gt;\r\n	&lt;span&gt;品牌：&lt;/span&gt;alien mac\r\n&lt;/p&gt;\r\n&lt;p class=&quot;MsoNormal&quot;&gt;\r\n	cpu平台：i10-6700HQ\r\n&lt;/p&gt;\r\n&lt;p class=&quot;MsoNormal&quot;&gt;\r\n	&lt;span&gt;显卡类型：&lt;/span&gt;GTX\r\n&lt;/p&gt;\r\n&lt;p class=&quot;MsoNormal&quot;&gt;\r\n	&lt;span&gt;显存容量：&lt;/span&gt;3GB\r\n&lt;/p&gt;\r\n&lt;p class=&quot;MsoNormal&quot;&gt;\r\n	该商品在苹果专卖店采购，保证正品\r\n&lt;/p&gt;\r\n&lt;p class=&quot;MsoNormal&quot;&gt;\r\n	&lt;span&gt;工作人员会在&lt;/span&gt;24小时之内发货\r\n&lt;/p&gt;'), ('53', '&lt;span style=&quot;color:#444444;font-family:&amp;quot;background-color:#FFFFFF;&quot;&gt;【耳机中的明星】Sony 给一个个耳机加上了发型，杰克逊、猫王、莫扎特，很有意思。&lt;/span&gt;'), ('54', '&lt;p class=&quot;MsoNormal&quot;&gt;\r\n	该商品在飞利浦专卖店采购，保证正品\r\n&lt;/p&gt;\r\n&lt;p class=&quot;MsoNormal&quot;&gt;\r\n	&lt;span&gt;工作人员会&lt;/span&gt;24小时之内发货\r\n&lt;/p&gt;'), ('55', '&lt;p&gt;\r\n	键盘大小：适中\r\n&lt;/p&gt;\r\n&lt;p&gt;\r\n	键盘质量：优\r\n&lt;/p&gt;\r\n&lt;p&gt;\r\n	发货日期：尽快不发货\r\n&lt;/p&gt;\r\n&lt;p&gt;\r\n	&lt;br /&gt;\r\n&lt;/p&gt;');
COMMIT;

-- ----------------------------
--  Table structure for `tp_item_txt_photo`
-- ----------------------------
DROP TABLE IF EXISTS `tp_item_txt_photo`;
CREATE TABLE `tp_item_txt_photo` (
  `item_txt_photo_id` int(11) NOT NULL AUTO_INCREMENT COMMENT '自增主键',
  `item_id` int(11) NOT NULL DEFAULT '0' COMMENT '商品ID',
  `path_img` varchar(128) NOT NULL DEFAULT '' COMMENT '图片地址',
  PRIMARY KEY (`item_txt_photo_id`)
) ENGINE=MyISAM DEFAULT CHARSET=utf8 COMMENT='商品详情图片表';

-- ----------------------------
--  Table structure for `tp_item_type`
-- ----------------------------
DROP TABLE IF EXISTS `tp_item_type`;
CREATE TABLE `tp_item_type` (
  `item_type_id` tinyint(4) NOT NULL AUTO_INCREMENT COMMENT '自增主键',
  `item_type_name` varchar(32) NOT NULL DEFAULT '' COMMENT '商品类型名称',
  `remark` varchar(255) NOT NULL DEFAULT '' COMMENT '备注',
  `isuse` tinyint(4) NOT NULL DEFAULT '0' COMMENT '是否启用，1启用，0关闭',
  PRIMARY KEY (`item_type_id`)
) ENGINE=MyISAM DEFAULT CHARSET=utf8 COMMENT='商品类型表';

-- ----------------------------
--  Table structure for `tp_link`
-- ----------------------------
DROP TABLE IF EXISTS `tp_link`;
CREATE TABLE `tp_link` (
  `link_id` tinyint(4) NOT NULL AUTO_INCREMENT COMMENT '自增主键',
  `link_name` varchar(32) NOT NULL DEFAULT '' COMMENT '链接名称',
  `link_url` varchar(128) NOT NULL DEFAULT '' COMMENT '链接地址',
  `link_logo` varchar(128) NOT NULL DEFAULT '' COMMENT 'LOGO图片路径',
  `serial` tinyint(4) NOT NULL DEFAULT '0' COMMENT '排序号',
  `isuse` tinyint(4) NOT NULL DEFAULT '0' COMMENT '是否有效，1有效，0无效',
  PRIMARY KEY (`link_id`)
) ENGINE=MyISAM DEFAULT CHARSET=utf8 COMMENT='友情链接表';

-- ----------------------------
--  Table structure for `tp_login_log`
-- ----------------------------
DROP TABLE IF EXISTS `tp_login_log`;
CREATE TABLE `tp_login_log` (
  `login_log_id` int(11) NOT NULL AUTO_INCREMENT COMMENT '自增主键',
  `user_id` int(11) NOT NULL DEFAULT '0' COMMENT '用户ID',
  `login_time` int(11) NOT NULL DEFAULT '0' COMMENT '登录时间',
  `ip` varchar(16) NOT NULL DEFAULT '' COMMENT 'ip',
  `ip_address` varchar(16) NOT NULL DEFAULT '' COMMENT 'ip所在城市',
  PRIMARY KEY (`login_log_id`)
) ENGINE=MyISAM DEFAULT CHARSET=utf8 COMMENT='登录日志表';

-- ----------------------------
--  Table structure for `tp_logs`
-- ----------------------------
DROP TABLE IF EXISTS `tp_logs`;
CREATE TABLE `tp_logs` (
  `log_id` bigint(20) NOT NULL AUTO_INCREMENT,
  `op_user_id` int(10) NOT NULL COMMENT '操作者用户ID',
  `change_user_id` int(10) DEFAULT NULL COMMENT '被修改的用户ID',
  `ip` varchar(25) DEFAULT NULL COMMENT '操作者IP',
  `op_time` int(10) NOT NULL COMMENT '操作时间戳',
  `op_type` tinyint(1) NOT NULL COMMENT '操作方式，1增加、2修改、3删除、4访问',
  `tb_name` varchar(100) DEFAULT NULL COMMENT '操作表名',
  `tb_id` bigint(20) DEFAULT NULL COMMENT '操作表中的id号',
  `mark` text COMMENT '日志说明',
  `linkman` varchar(50) DEFAULT NULL COMMENT '操作者姓名',
  `op_date_time` varchar(20) NOT NULL COMMENT '操作时间',
  PRIMARY KEY (`log_id`)
) ENGINE=MyISAM DEFAULT CHARSET=utf8 COMMENT='系统日志表';

-- ----------------------------
--  Table structure for `tp_member`
-- ----------------------------
DROP TABLE IF EXISTS `tp_member`;
CREATE TABLE `tp_member` (
  `member_id` int(10) unsigned NOT NULL COMMENT '自增主键',
  `province_id` mediumint(8) unsigned NOT NULL DEFAULT '330000' COMMENT '省份ID',
  `city_id` mediumint(8) unsigned NOT NULL DEFAULT '330300' COMMENT '城市ID',
  `area_id` mediumint(8) unsigned NOT NULL DEFAULT '330382' COMMENT '区/县ID',
  `total_integral` int(10) unsigned NOT NULL DEFAULT '0' COMMENT '累计积分数',
  `integral` int(10) unsigned NOT NULL DEFAULT '0' COMMENT '积分数',
  `credit_num` int(10) unsigned NOT NULL DEFAULT '0' COMMENT '信誉，好评数',
  `left_freight` int(10) unsigned NOT NULL DEFAULT '0' COMMENT '剩余运费（镖金）数',
  `pay_password` varchar(32) NOT NULL DEFAULT 'e10adc3949ba59abbe56e057f20f883e' COMMENT '支付密码，MD5加密值，默认为123456的MD5值',
  `default_user_address_id` int(10) unsigned NOT NULL DEFAULT '0' COMMENT '默认收货地址ID',
  `longitude` decimal(10,7) unsigned NOT NULL DEFAULT '120.0000000' COMMENT '经度',
  `latitude` decimal(9,7) unsigned NOT NULL DEFAULT '30.0000000' COMMENT '纬度',
  PRIMARY KEY (`member_id`),
  KEY `city_id` (`city_id`),
  KEY `area_id` (`area_id`)
) ENGINE=MyISAM DEFAULT CHARSET=utf8 COMMENT='会员表';

-- ----------------------------
--  Table structure for `tp_member_card`
-- ----------------------------
DROP TABLE IF EXISTS `tp_member_card`;
CREATE TABLE `tp_member_card` (
  `member_card_id` int(11) NOT NULL AUTO_INCREMENT COMMENT '自增主键',
  `user_id` int(11) NOT NULL DEFAULT '0' COMMENT '用户ID',
  `card_code` int(11) NOT NULL DEFAULT '0' COMMENT '会员卡号',
  `card_level` int(11) NOT NULL DEFAULT '0' COMMENT '会员卡级别',
  `is_integral` tinyint(4) NOT NULL DEFAULT '0' COMMENT '是否积分',
  `is_deposited` tinyint(4) NOT NULL DEFAULT '0' COMMENT '是否储值',
  `current_integral` int(11) NOT NULL DEFAULT '0' COMMENT '当前积分',
  `period_of_validity` int(11) NOT NULL DEFAULT '0' COMMENT '有效期',
  `current_balance` decimal(10,2) NOT NULL DEFAULT '0.00' COMMENT '出账金额',
  `addtime` int(11) NOT NULL DEFAULT '0' COMMENT '记录生成时间',
  `isuse` tinyint(4) NOT NULL DEFAULT '0' COMMENT '是否有效',
  PRIMARY KEY (`member_card_id`)
) ENGINE=MyISAM DEFAULT CHARSET=utf8 COMMENT='会员卡列表';

-- ----------------------------
--  Table structure for `tp_merchant`
-- ----------------------------
DROP TABLE IF EXISTS `tp_merchant`;
CREATE TABLE `tp_merchant` (
  `merchant_id` int(10) unsigned NOT NULL COMMENT '自增主键',
  `shop_name` varchar(16) NOT NULL DEFAULT '' COMMENT '店铺名称',
  `nfc_code` varchar(32) NOT NULL DEFAULT '' COMMENT 'NFC签到用的校验码',
  `province_id` mediumint(8) unsigned NOT NULL DEFAULT '330000' COMMENT '省份ID',
  `city_id` mediumint(8) unsigned NOT NULL DEFAULT '330300' COMMENT '城市ID',
  `area_id` mediumint(8) unsigned NOT NULL DEFAULT '330382' COMMENT '区/县ID',
  `trading_area_id` int(10) unsigned NOT NULL DEFAULT '0' COMMENT '商圈ID',
  `building_id` int(10) unsigned NOT NULL DEFAULT '0' COMMENT '小区/写字楼ID',
  `class_id` smallint(5) unsigned NOT NULL DEFAULT '0' COMMENT '商家所属分类ID',
  `total_integral` int(10) unsigned NOT NULL DEFAULT '0' COMMENT '累计积分数',
  `integral` int(10) unsigned NOT NULL DEFAULT '0' COMMENT '积分数',
  `credit_num` int(10) unsigned NOT NULL DEFAULT '0' COMMENT '信誉，好评数',
  `left_freight` int(10) unsigned NOT NULL DEFAULT '0' COMMENT '剩余运费（镖金）数',
  `online` tinyint(3) unsigned NOT NULL DEFAULT '0' COMMENT '是否在线，1是0否',
  `busy_level` tinyint(3) unsigned NOT NULL DEFAULT '0' COMMENT '繁忙级别，0空闲，1繁忙',
  `pay_password` varchar(32) NOT NULL DEFAULT 'e10adc3949ba59abbe56e057f20f883e' COMMENT '支付密码，MD5加密值，默认为123456的MD5值',
  `id_photo` varchar(128) NOT NULL DEFAULT '' COMMENT '身份证照片',
  `business_licence` varchar(128) NOT NULL DEFAULT '' COMMENT '营业执照照片',
  `logo` varchar(128) NOT NULL DEFAULT '' COMMENT '店铺logo（店招）',
  `longitude` decimal(10,7) unsigned NOT NULL DEFAULT '0.0000000' COMMENT '经度，商家所在经度',
  `latitude` decimal(9,7) unsigned NOT NULL DEFAULT '0.0000000' COMMENT '纬度，商家所在纬度',
  `score_avg` decimal(3,2) unsigned NOT NULL DEFAULT '5.00' COMMENT '平均评分',
  `make_time_avg` decimal(4,2) unsigned NOT NULL DEFAULT '0.00' COMMENT '平均制作时间',
  `total_sales_num` int(10) unsigned NOT NULL DEFAULT '0' COMMENT '总销量',
  `on_time_rate` decimal(5,2) unsigned NOT NULL DEFAULT '100.00' COMMENT '准时率',
  `refuse_order_rate` decimal(5,2) unsigned NOT NULL DEFAULT '0.00' COMMENT '拒单率',
  `serial` decimal(10,2) NOT NULL DEFAULT '0.00' COMMENT '综合排序项，综合商家的信誉、距离、平均制作时间、总销量、准时率、拒单率排序',
  `isuse` tinyint(3) unsigned NOT NULL DEFAULT '0' COMMENT '是否有效商家，1是，0否',
  `phone` varchar(11) NOT NULL DEFAULT '' COMMENT '联系电话',
  `email` varchar(50) NOT NULL DEFAULT '' COMMENT '邮箱',
  `address` varchar(128) NOT NULL DEFAULT '' COMMENT '地址',
  PRIMARY KEY (`merchant_id`),
  KEY `city_id` (`city_id`),
  KEY `area_id` (`area_id`)
) ENGINE=MyISAM DEFAULT CHARSET=utf8 COMMENT='商家表';

-- ----------------------------
--  Table structure for `tp_merchant_apply`
-- ----------------------------
DROP TABLE IF EXISTS `tp_merchant_apply`;
CREATE TABLE `tp_merchant_apply` (
  `foot_man_apply_id` int(10) unsigned NOT NULL AUTO_INCREMENT COMMENT '自增主键',
  `province_id` mediumint(8) unsigned NOT NULL DEFAULT '330000' COMMENT '省份ID',
  `city_id` mediumint(8) unsigned NOT NULL DEFAULT '330300' COMMENT '城市ID',
  `area_id` mediumint(8) unsigned NOT NULL DEFAULT '330382' COMMENT '区/县ID',
  `apply_state` tinyint(3) unsigned NOT NULL DEFAULT '0' COMMENT '申请状态，0审核中，1已通过，2已拒绝',
  `admin_remark` varchar(255) NOT NULL DEFAULT '' COMMENT '管理员备注',
  `apply_time` int(10) unsigned NOT NULL DEFAULT '0' COMMENT '申请时间',
  PRIMARY KEY (`foot_man_apply_id`),
  KEY `city_id` (`city_id`),
  KEY `area_id` (`area_id`)
) ENGINE=MyISAM DEFAULT CHARSET=utf8 COMMENT='商家申请表';

-- ----------------------------
--  Table structure for `tp_merchant_class`
-- ----------------------------
DROP TABLE IF EXISTS `tp_merchant_class`;
CREATE TABLE `tp_merchant_class` (
  `merchant_class_id` int(10) unsigned NOT NULL AUTO_INCREMENT,
  `merchant_id` int(10) unsigned NOT NULL DEFAULT '0' COMMENT '商家ID',
  `class_name` varchar(8) COLLATE utf8_unicode_ci NOT NULL DEFAULT '' COMMENT '一级分类名称',
  `serial` tinyint(3) unsigned NOT NULL DEFAULT '0' COMMENT '排序号',
  `addtime` int(10) unsigned NOT NULL DEFAULT '0' COMMENT '添加时间',
  `isuse` tinyint(3) unsigned NOT NULL DEFAULT '0' COMMENT '是否有效，1有效，0无效',
  `province_id` mediumint(8) unsigned NOT NULL DEFAULT '330000' COMMENT '省份ID',
  `city_id` mediumint(8) unsigned NOT NULL DEFAULT '330300' COMMENT '城市ID',
  `area_id` mediumint(8) unsigned NOT NULL DEFAULT '330382' COMMENT '区/县ID',
  PRIMARY KEY (`merchant_class_id`),
  KEY `tp_city` (`city_id`),
  KEY `tp_area` (`area_id`)
) ENGINE=MyISAM DEFAULT CHARSET=utf8 COLLATE=utf8_unicode_ci COMMENT='商家商品分类表';

-- ----------------------------
--  Table structure for `tp_merchant_comment_user`
-- ----------------------------
DROP TABLE IF EXISTS `tp_merchant_comment_user`;
CREATE TABLE `tp_merchant_comment_user` (
  `merchant_comment_user_id` int(10) unsigned NOT NULL AUTO_INCREMENT COMMENT '自增主键',
  `province_id` mediumint(8) unsigned NOT NULL DEFAULT '330000' COMMENT '省份ID',
  `city_id` mediumint(8) unsigned NOT NULL DEFAULT '330300' COMMENT '城市ID',
  `area_id` mediumint(8) unsigned NOT NULL DEFAULT '330382' COMMENT '区/县ID',
  `member_id` int(10) unsigned NOT NULL DEFAULT '0' COMMENT '会员ID',
  `merchant_id` int(10) unsigned NOT NULL DEFAULT '0' COMMENT '商家ID',
  `order_id` int(10) unsigned NOT NULL DEFAULT '0' COMMENT '订单ID',
  `score` tinyint(3) unsigned NOT NULL DEFAULT '0' COMMENT '评分，1好评，2中评，0差评',
  `isuse` tinyint(3) unsigned NOT NULL DEFAULT '0' COMMENT '是否显示，1是，0否，默认1',
  `remark` varchar(255) NOT NULL DEFAULT '' COMMENT '备注',
  `addtime` int(10) unsigned NOT NULL DEFAULT '0' COMMENT '评价时间',
  PRIMARY KEY (`merchant_comment_user_id`),
  KEY `city_id` (`city_id`),
  KEY `area_id` (`area_id`)
) ENGINE=MyISAM DEFAULT CHARSET=utf8 COMMENT='商家评价用户表';

-- ----------------------------
--  Table structure for `tp_merchant_order`
-- ----------------------------
DROP TABLE IF EXISTS `tp_merchant_order`;
CREATE TABLE `tp_merchant_order` (
  `merchant_order_id` int(10) unsigned NOT NULL AUTO_INCREMENT COMMENT '自增主键',
  `merchant_id` int(10) unsigned NOT NULL DEFAULT '0' COMMENT '商家ID',
  `order_id` int(10) unsigned NOT NULL DEFAULT '0' COMMENT '订单ID',
  `total_amount` decimal(10,2) unsigned NOT NULL DEFAULT '0.00' COMMENT '商家订单商品总价',
  `is_immediate` tinyint(3) unsigned NOT NULL DEFAULT '0' COMMENT '是否即时订单，1是，0否',
  `pay_time` int(10) unsigned NOT NULL DEFAULT '0' COMMENT '支付时间',
  `rob_time` int(10) unsigned NOT NULL DEFAULT '0' COMMENT '抢单时间',
  `merchant_check_time` int(10) unsigned NOT NULL DEFAULT '0' COMMENT '商家接单/拒单的时间',
  `merchant_promise_time` tinyint(3) unsigned NOT NULL DEFAULT '0' COMMENT '商家承诺时间，单位分钟',
  `foot_man_signin_time` int(10) unsigned NOT NULL DEFAULT '0' COMMENT '镖师签到时间',
  `foot_man_pickup_time` int(10) unsigned NOT NULL DEFAULT '0' COMMENT '镖师取货时间',
  `province_id` mediumint(8) unsigned NOT NULL DEFAULT '330000' COMMENT '省份ID',
  `city_id` mediumint(8) unsigned NOT NULL DEFAULT '330300' COMMENT '城市ID',
  `area_id` mediumint(8) unsigned NOT NULL DEFAULT '330382' COMMENT '区/县ID',
  `reply_state` tinyint(3) unsigned NOT NULL DEFAULT '0' COMMENT '商家响应订单状态，0未处理，1接单，2商家手动拒单，3超时拒单',
  `is_refund` tinyint(3) unsigned NOT NULL DEFAULT '0' COMMENT '是否退款，1申请中，2已拒绝，3已接受',
  `is_confirm` tinyint(3) unsigned NOT NULL DEFAULT '0' COMMENT '是否确认收货，1是，0否',
  `user_remark` varchar(64) NOT NULL DEFAULT '' COMMENT '用户留意',
  `qr_code` varchar(255) NOT NULL DEFAULT '' COMMENT '二维码地址',
  PRIMARY KEY (`merchant_order_id`),
  KEY `tp_merchant_order_merchant_id` (`merchant_id`),
  KEY `tp_merchant_order_order_id` (`order_id`),
  KEY `city_id` (`city_id`),
  KEY `area_id` (`area_id`)
) ENGINE=MyISAM DEFAULT CHARSET=utf8 COMMENT='商家订单表';

-- ----------------------------
--  Table structure for `tp_merge_pay`
-- ----------------------------
DROP TABLE IF EXISTS `tp_merge_pay`;
CREATE TABLE `tp_merge_pay` (
  `merge_pay_id` int(10) unsigned NOT NULL AUTO_INCREMENT COMMENT '自增主键',
  `pay_amount` decimal(10,2) NOT NULL DEFAULT '0.00' COMMENT '支付金额',
  `freight_coupon_id` int(10) unsigned NOT NULL DEFAULT '0' COMMENT '镖金优惠券ID，为0表示未使用镖金优惠券',
  `pay_status` tinyint(3) unsigned NOT NULL DEFAULT '0' COMMENT '0未付款，1已付款',
  `user_id` int(10) unsigned NOT NULL DEFAULT '0' COMMENT '用户ID',
  `province_id` int(10) unsigned NOT NULL DEFAULT '0' COMMENT '省份ID',
  `city_id` int(10) unsigned NOT NULL DEFAULT '0' COMMENT '城市ID',
  `area_id` int(10) unsigned NOT NULL DEFAULT '0' COMMENT '地区ID',
  `pay_code` varchar(32) NOT NULL DEFAULT '' COMMENT '支付平台返回的交易码，唯一',
  `payway` varchar(32) NOT NULL DEFAULT '' COMMENT '支付方式，英文名',
  `payway_name` varchar(32) NOT NULL COMMENT '支付方式名称 中文名',
  `addtime` int(11) unsigned NOT NULL DEFAULT '0' COMMENT '下单时间',
  `pay_time` int(11) unsigned NOT NULL DEFAULT '0' COMMENT '支付时间',
  PRIMARY KEY (`merge_pay_id`),
  KEY `tp_merge_pay_user_id` (`user_id`),
  KEY `tp_order_pay_code` (`pay_code`) USING BTREE,
  KEY `tp_area` (`area_id`)
) ENGINE=MyISAM DEFAULT CHARSET=utf8 COMMENT='订单合并付款表';

-- ----------------------------
--  Table structure for `tp_merge_pay_detail`
-- ----------------------------
DROP TABLE IF EXISTS `tp_merge_pay_detail`;
CREATE TABLE `tp_merge_pay_detail` (
  `merge_pay_detail_id` int(10) unsigned NOT NULL AUTO_INCREMENT COMMENT '自增主键',
  `order_id` int(10) unsigned NOT NULL DEFAULT '0' COMMENT '订单ID',
  PRIMARY KEY (`merge_pay_detail_id`),
  KEY `tp_merge_pay_detail_order_id` (`order_id`)
) ENGINE=MyISAM DEFAULT CHARSET=utf8 COMMENT='订单合并付款详情表';

-- ----------------------------
--  Table structure for `tp_message`
-- ----------------------------
DROP TABLE IF EXISTS `tp_message`;
CREATE TABLE `tp_message` (
  `message_id` int(11) NOT NULL AUTO_INCREMENT COMMENT '自增主键',
  `is_advice` tinyint(4) NOT NULL DEFAULT '0' COMMENT '是否用户建议，1是，0否',
  `message_type` tinyint(4) NOT NULL DEFAULT '0' COMMENT '消息类型，1发送，2回复，3管理员群发',
  `send_user_id` int(11) NOT NULL DEFAULT '0' COMMENT '发送者用户ID',
  `reply_user_id` int(11) NOT NULL DEFAULT '0' COMMENT '回复者用户ID',
  `send_username` varchar(32) NOT NULL DEFAULT '' COMMENT '发送者用户名',
  `reply_username` varchar(32) NOT NULL DEFAULT '' COMMENT '接受者用户名',
  `main_message_id` int(11) NOT NULL DEFAULT '0' COMMENT '如果是回复消息类型，值为回复的消息ID，否则为0',
  `message_title` varchar(128) NOT NULL DEFAULT '' COMMENT '消息标题，若为回复消息类型，该值为空',
  `is_read` tinyint(4) NOT NULL DEFAULT '0' COMMENT '是否已读，1是，0否',
  `message_contents` text COMMENT '消息内容',
  `isuse` tinyint(4) NOT NULL DEFAULT '0' COMMENT '是否显示，1显示，0不显示',
  `addtime` int(11) NOT NULL DEFAULT '0' COMMENT '创建消息的时间',
  PRIMARY KEY (`message_id`)
) ENGINE=MyISAM DEFAULT CHARSET=utf8 COMMENT='站内消息表';

-- ----------------------------
--  Table structure for `tp_new_item`
-- ----------------------------
DROP TABLE IF EXISTS `tp_new_item`;
CREATE TABLE `tp_new_item` (
  `new_item_id` int(10) unsigned NOT NULL AUTO_INCREMENT COMMENT '主键ID',
  `item_id` int(11) NOT NULL DEFAULT '0' COMMENT '商品ID',
  PRIMARY KEY (`new_item_id`)
) ENGINE=MyISAM DEFAULT CHARSET=utf8 COLLATE=utf8_unicode_ci COMMENT='商品新品表';

-- ----------------------------
--  Table structure for `tp_new_shop_item`
-- ----------------------------
DROP TABLE IF EXISTS `tp_new_shop_item`;
CREATE TABLE `tp_new_shop_item` (
  `new_shop_item_id` int(10) unsigned NOT NULL AUTO_INCREMENT COMMENT '主键ID',
  `item_id` int(11) NOT NULL DEFAULT '0' COMMENT '商品ID',
  PRIMARY KEY (`new_shop_item_id`)
) ENGINE=MyISAM DEFAULT CHARSET=utf8 COLLATE=utf8_unicode_ci COMMENT='开业装修商品表';

-- ----------------------------
--  Table structure for `tp_notice`
-- ----------------------------
DROP TABLE IF EXISTS `tp_notice`;
CREATE TABLE `tp_notice` (
  `notice_id` smallint(6) NOT NULL AUTO_INCREMENT COMMENT '自增主键',
  `notice_sort_id` smallint(6) NOT NULL DEFAULT '0' COMMENT '公告分类ID',
  `title` varchar(255) NOT NULL DEFAULT '' COMMENT '公告标题',
  `az_notice_id` int(11) NOT NULL DEFAULT '0' COMMENT 'AZ公告ID',
  `user_type` tinyint(3) unsigned NOT NULL DEFAULT '0' COMMENT '用户类型，0通用，1管理员，2商家，3用户，4镖师',
  `author` varchar(32) NOT NULL DEFAULT '' COMMENT '公告作者',
  `notice_source` varchar(128) NOT NULL DEFAULT '' COMMENT '公告来源',
  `notice_tag` varchar(32) NOT NULL DEFAULT '' COMMENT '公告标记，标记特定公告，如退换货说明，分销商招募说明等都有标记',
  `keywords` varchar(255) NOT NULL DEFAULT '' COMMENT '关键字',
  `description` varchar(255) NOT NULL DEFAULT '' COMMENT '公告简介，SEO用',
  `path_img` varchar(128) NOT NULL DEFAULT '' COMMENT '公告主图',
  `clickdot` int(11) NOT NULL DEFAULT '0' COMMENT '点击量',
  `addtime` int(11) NOT NULL DEFAULT '0' COMMENT '添加时间',
  `serial` smallint(5) unsigned NOT NULL DEFAULT '0' COMMENT '排序号',
  `isuse` tinyint(4) NOT NULL DEFAULT '0' COMMENT '是否显示，1是，0否',
  PRIMARY KEY (`notice_id`)
) ENGINE=MyISAM AUTO_INCREMENT=4 DEFAULT CHARSET=utf8 COMMENT='公告表';

-- ----------------------------
--  Records of `tp_notice`
-- ----------------------------
BEGIN;
INSERT INTO `tp_notice` VALUES ('1', '1', '告知所有人', '0', '0', '达先生', '够鱼', '', '通知', '在大比赛的时候官方会出竞猜得皮肤的活动,因为不涉及现金竞猜是合法的', '##img_domain##/image/notice/thumb/2016-09/20160910230710_90626.jpg', '0', '1473520105', '0', '1'), ('2', '2', '滴滴获富士康1.2亿美元投资', '0', '0', '大虾', '网易新闻', '', '投资', '北京商报讯（记者 魏蔚）拿到苹果投资近4个月后，滴滴再度获得产业巨头的青睐。昨日晚间，滴滴确认获得富士康子公司鸿准1.199亿美元投资，占股0.36%。\r\n', '##img_domain##/image/notice/thumb/2016-09/20160910230941_64687.jpg', '0', '1473520266', '1', '1'), ('3', '3', '现代级对上基德级要逃？台专家再出惊人言论', '0', '0', ' 蓝胖胖', '网易新闻', '', '现代', '槽点太多了，后面慢慢说，先看看这位“专家”是怎么说的', '##img_domain##/image/notice/thumb/2016-09/20160910231219_79029.jpg', '0', '1473520467', '2', '1');
COMMIT;

-- ----------------------------
--  Table structure for `tp_notice_sort`
-- ----------------------------
DROP TABLE IF EXISTS `tp_notice_sort`;
CREATE TABLE `tp_notice_sort` (
  `notice_sort_id` smallint(6) NOT NULL AUTO_INCREMENT COMMENT '自增主键',
  `notice_sort_name` varchar(128) NOT NULL DEFAULT '' COMMENT '分类名称',
  `notice_sort_logo` varchar(128) NOT NULL DEFAULT '' COMMENT '分类LOGO',
  `description` text NOT NULL COMMENT '分类备注',
  `serial` tinyint(4) NOT NULL DEFAULT '0' COMMENT '排序号',
  `isuse` tinyint(4) NOT NULL DEFAULT '0' COMMENT '是否启用，1是，0否',
  PRIMARY KEY (`notice_sort_id`)
) ENGINE=MyISAM AUTO_INCREMENT=5 DEFAULT CHARSET=utf8 COMMENT='公告分类表';

-- ----------------------------
--  Records of `tp_notice_sort`
-- ----------------------------
BEGIN;
INSERT INTO `tp_notice_sort` VALUES ('1', '通知', '', '各类大小问题查询入口', '0', '1'), ('2', '财经新闻', '', '每天更新最新财经新闻', '0', '1'), ('3', '新闻资讯', '', '每天热搜榜', '0', '1'), ('4', '夺宝公告', '', '夺宝首页通知滚动栏', '0', '1');
COMMIT;

-- ----------------------------
--  Table structure for `tp_notice_txt`
-- ----------------------------
DROP TABLE IF EXISTS `tp_notice_txt`;
CREATE TABLE `tp_notice_txt` (
  `notice_txt_id` smallint(6) unsigned NOT NULL AUTO_INCREMENT COMMENT '自增主键',
  `notice_id` smallint(6) unsigned NOT NULL COMMENT '公告ID',
  `contents` text COMMENT '公告详情',
  PRIMARY KEY (`notice_txt_id`)
) ENGINE=MyISAM AUTO_INCREMENT=4 DEFAULT CHARSET=utf8 COMMENT='公告详情表';

-- ----------------------------
--  Records of `tp_notice_txt`
-- ----------------------------
BEGIN;
INSERT INTO `tp_notice_txt` VALUES ('1', '1', '三顾茅庐，清一色天高地厚'), ('2', '2', '<ol>\r\n	<li>\r\n		公开信息显示，滴滴已经获得腾讯、阿里、苹果、招商银行、人寿、保利地产及富士康等重要产业投资方的入股。\r\n	</li>\r\n	<li>\r\n		值得注意的是，根据此次富士康的投资金额与持股比例计算，滴滴目前估值超过330亿美元，这与上月初滴滴与优步合并时，业界对合体公司350亿美元的估值相差无几。\r\n	</li>\r\n	<li>\r\n		<img src=\"/Uploads/image/article/2016-09/20160910231059_25686.jpg\" alt=\"\" /><br />\r\n	</li>\r\n	<li>\r\n		虽然双方并未透露达成此次投资案的目的，但是业界普遍认为富士康此举并非单纯的财务投资。今年5月，苹果向滴滴投资10亿美元，富士康作为苹果长期的合作伙伴，选择入股滴滴被指或与苹果的投资有关。\r\n	</li>\r\n	<li>\r\n		与苹果一样，富士康对汽车相关市场兴趣浓厚，已经与腾讯合作进军新能源汽车领域。在全球智能手机市场饱和的背景下，富士康、苹果均试图在汽车领域等市场寻求发展。\r\n	</li>\r\n</ol>'), ('3', '3', '<p style=\"font-size:18px;text-indent:2em;font-family:&quot;color:#404040;text-align:justify;background-color:#FFFFFF;\">\r\n	根据美国科技新闻网站The Information的报道，有消息人士透露称，社交工具<a href=\"http://money.163.com/keywords/0/5/0053006e006100700063006800610074/1.html\" target=\"_blank\">Snapchat</a>可能寻求在年内或者明年初募股<a href=\"http://money.163.com/keywords/4/0/4e0a5e02/1.html\" target=\"_blank\">上市</a>。该消息人士表示，Snapchat已经接触了一些投资银行，但是目前尚未正式作出决定，也没有签署承销商协议。\r\n</p>\r\n<p style=\"font-size:18px;text-indent:2em;font-family:&quot;color:#404040;text-align:justify;background-color:#FFFFFF;\">\r\n	对此消息，Snapchat方面做出回应称，公司是否上市、何时上市取决于很多因素，而这些因素超出了Snapchat的控制范围。\r\n</p>\r\n<p style=\"font-size:18px;text-indent:2em;font-family:&quot;color:#404040;text-align:justify;background-color:#FFFFFF;\">\r\n	而其实最早这个消息来自于其创始人斯皮格尔。去年五月份，斯皮格尔在参加Recode举办的科技大会时表示，“我们需要进行<a href=\"http://money.163.com/baike/initialpublicoffering/\" target=\"_blank\">IPO</a>”。\r\n</p>\r\n<p style=\"font-size:18px;text-indent:2em;font-family:&quot;color:#404040;text-align:justify;background-color:#FFFFFF;\">\r\n	国内的用户或许从未使用过这款软件，但却对它的名字绝不陌生。\r\n</p>');
COMMIT;

-- ----------------------------
--  Table structure for `tp_notice_txt_photo`
-- ----------------------------
DROP TABLE IF EXISTS `tp_notice_txt_photo`;
CREATE TABLE `tp_notice_txt_photo` (
  `notice_txt_photo_id` int(11) NOT NULL AUTO_INCREMENT COMMENT '自增主键',
  `notice_id` int(11) NOT NULL DEFAULT '0' COMMENT '公告ID',
  `path_img` varchar(128) NOT NULL DEFAULT '' COMMENT '公告详情图片地址',
  PRIMARY KEY (`notice_txt_photo_id`)
) ENGINE=MyISAM AUTO_INCREMENT=2 DEFAULT CHARSET=utf8 COMMENT='公告详情图片表';

-- ----------------------------
--  Records of `tp_notice_txt_photo`
-- ----------------------------
BEGIN;
INSERT INTO `tp_notice_txt_photo` VALUES ('1', '2', '/Uploads/image/article/2016-09/20160910231059_25686.jpg');
COMMIT;

-- ----------------------------
--  Table structure for `tp_order`
-- ----------------------------
DROP TABLE IF EXISTS `tp_order`;
CREATE TABLE `tp_order` (
  `order_id` int(11) unsigned NOT NULL AUTO_INCREMENT COMMENT '自增主键',
  `order_sn` varchar(16) NOT NULL,
  `pay_amount` decimal(10,2) unsigned NOT NULL DEFAULT '0.00' COMMENT '实际支付金额',
  `total_amount` decimal(10,2) unsigned NOT NULL DEFAULT '0.00' COMMENT '订单总金额，不包括物流费用',
  `system_discount_amount` decimal(10,2) unsigned NOT NULL DEFAULT '0.00' COMMENT '系统赠送金额',
  `source` tinyint(4) unsigned NOT NULL DEFAULT '0' COMMENT '1微信，2PC，3微博，4其他',
  `order_status` tinyint(4) unsigned NOT NULL DEFAULT '0' COMMENT '0未付款，1已付款，2已发货，3已确认收货，4已取消, 5退款中, 6退款受理中，7退货商品寄送中，8 退款货物确认收货，9已退款',
  `user_id` int(11) unsigned NOT NULL DEFAULT '0' COMMENT '用户ID',
  `user_address_id` int(10) unsigned NOT NULL DEFAULT '0' COMMENT '用户地址ID',
  `express_company_id` tinyint(4) NOT NULL DEFAULT '0' COMMENT '物流公司ID',
  `express_number` varchar(32) NOT NULL DEFAULT '' COMMENT '物流单号',
  `express_fee` decimal(10,2) unsigned NOT NULL DEFAULT '0.00' COMMENT '物流费用',
  `weight` int(11) NOT NULL DEFAULT '0' COMMENT '商品总重量，单位g',
  `pay_code` varchar(32) NOT NULL DEFAULT '' COMMENT '支付平台返回的交易码，唯一',
  `payway` varchar(32) NOT NULL DEFAULT '' COMMENT '支付方式，英文名',
  `addtime` int(11) unsigned NOT NULL DEFAULT '0' COMMENT '下单时间',
  `pay_time` int(11) unsigned NOT NULL DEFAULT '0' COMMENT '支付时间',
  `start_delivery_time` int(10) unsigned NOT NULL DEFAULT '0' COMMENT '发货时间',
  `confirm_time` int(10) unsigned NOT NULL DEFAULT '0' COMMENT '确认时间',
  `user_remark` varchar(255) NOT NULL DEFAULT '' COMMENT '用户备注',
  `isuse` tinyint(4) unsigned NOT NULL DEFAULT '1' COMMENT '是否已删除订单，0是，1否',
  `integral_amount` decimal(10,2) unsigned NOT NULL DEFAULT '0.00' COMMENT '积分抵扣金额',
  `coupon_amount` decimal(10,2) unsigned NOT NULL DEFAULT '0.00' COMMENT '优惠券抵扣金额',
  `coupon_id` int(10) unsigned NOT NULL DEFAULT '0' COMMENT '优惠券ID',
  `dept_code` varchar(32) CHARACTER SET utf8 COLLATE utf8_unicode_ci NOT NULL DEFAULT '3000' COMMENT '订单产生时的出货部门编码',
  `need_deliever` tinyint(4) NOT NULL DEFAULT '0' COMMENT '邮寄或者自提，1邮寄，0自提',
  PRIMARY KEY (`order_id`)
) ENGINE=MyISAM AUTO_INCREMENT=4 DEFAULT CHARSET=utf8 COMMENT='订单主表';

-- ----------------------------
--  Records of `tp_order`
-- ----------------------------
BEGIN;
INSERT INTO `tp_order` VALUES ('1', '201609100000', '12000.00', '12000.00', '0.00', '0', '1', '39607', '0', '0', '', '0.00', '0', '', '', '1473493069', '0', '0', '0', '', '1', '0.00', '0.00', '0', '3000', '1'), ('2', '201609100001', '12000.00', '12000.00', '0.00', '0', '1', '39607', '0', '0', '', '0.00', '0', '', '', '1473493987', '0', '0', '0', '', '1', '0.00', '0.00', '0', '3000', '1'), ('3', '201609100002', '12000.00', '12000.00', '0.00', '0', '1', '39607', '0', '0', '', '0.00', '0', '', '', '1473494655', '0', '0', '0', '', '1', '0.00', '0.00', '0', '3000', '1');
COMMIT;

-- ----------------------------
--  Table structure for `tp_order_address`
-- ----------------------------
DROP TABLE IF EXISTS `tp_order_address`;
CREATE TABLE `tp_order_address` (
  `order_address_id` int(10) unsigned NOT NULL AUTO_INCREMENT,
  `realname` varchar(32) NOT NULL DEFAULT '' COMMENT '分销商姓名(真实名字)',
  `mobile` varchar(16) NOT NULL DEFAULT '' COMMENT '手机',
  `user_id` int(10) unsigned NOT NULL DEFAULT '0' COMMENT '用户ID',
  `province_id` int(10) unsigned NOT NULL DEFAULT '0' COMMENT '省份ID',
  `city_id` int(10) unsigned NOT NULL DEFAULT '0' COMMENT '城市ID',
  `area_id` int(10) unsigned NOT NULL DEFAULT '0' COMMENT '地区ID',
  `address` varchar(255) NOT NULL DEFAULT '' COMMENT '用户真实的联系地址',
  `addtime` int(10) unsigned NOT NULL DEFAULT '0' COMMENT '添加时间',
  `isuse` tinyint(3) unsigned NOT NULL DEFAULT '0' COMMENT '状态，1有效，0已删除',
  `game_id` int(8) NOT NULL DEFAULT '0' COMMENT '游戏号',
  `game_account` varchar(32) NOT NULL DEFAULT '' COMMENT ' 游戏账号',
  `order_id` int(11) NOT NULL DEFAULT '0',
  PRIMARY KEY (`order_address_id`),
  KEY `tp_user_address_province_id` (`province_id`),
  KEY `tp_user_address_city_id` (`city_id`),
  KEY `tp_user_address_area_id` (`area_id`),
  KEY `tp_user_address_user_id` (`user_id`),
  KEY `tp_user_address_addtime` (`addtime`)
) ENGINE=MyISAM AUTO_INCREMENT=4 DEFAULT CHARSET=utf8 COMMENT='用户地址表';

-- ----------------------------
--  Records of `tp_order_address`
-- ----------------------------
BEGIN;
INSERT INTO `tp_order_address` VALUES ('1', '吴', '13855949395', '39607', '110000', '110000', '110101', '测试', '1473493069', '1', '0', '', '1'), ('2', '小吴', '13858063499', '39607', '110000', '110000', '110101', '恒生', '1473493986', '1', '0', '', '2'), ('3', '小吴', '13958063423', '39607', '110000', '110000', '110101', '测试', '1473494655', '1', '0', '', '3');
COMMIT;

-- ----------------------------
--  Table structure for `tp_order_item`
-- ----------------------------
DROP TABLE IF EXISTS `tp_order_item`;
CREATE TABLE `tp_order_item` (
  `order_item_id` int(11) NOT NULL AUTO_INCREMENT COMMENT '自增主键',
  `order_id` int(11) NOT NULL DEFAULT '0' COMMENT '订单ID',
  `merchant_id` int(10) unsigned NOT NULL DEFAULT '0' COMMENT '商家ID',
  `item_id` int(11) NOT NULL DEFAULT '0' COMMENT '商品ID',
  `item_name` varchar(255) NOT NULL DEFAULT '' COMMENT '商品名称',
  `item_sn` varchar(32) NOT NULL DEFAULT '' COMMENT '商品货号',
  `item_sku_price_id` int(11) NOT NULL DEFAULT '0' COMMENT '商品SKU价格关联表ID，若商品有SKU，则为ID值，否则为0',
  `property` varchar(32) NOT NULL DEFAULT '' COMMENT '商品规格属性',
  `number` int(11) NOT NULL DEFAULT '0' COMMENT '购买商品数量',
  `unit` varchar(8) NOT NULL DEFAULT '' COMMENT '单位',
  `real_price` decimal(10,2) NOT NULL DEFAULT '0.00' COMMENT '拿货价',
  `small_pic` varchar(128) NOT NULL DEFAULT '' COMMENT '小图路径',
  `cost_price` decimal(10,2) NOT NULL DEFAULT '0.00' COMMENT '成本价',
  `is_real` tinyint(4) NOT NULL DEFAULT '0' COMMENT '是否实物',
  PRIMARY KEY (`order_item_id`),
  KEY `tp_order_item_order_id` (`order_id`) USING BTREE,
  KEY `tp_order_item_item_id` (`item_id`) USING BTREE
) ENGINE=MyISAM AUTO_INCREMENT=4 DEFAULT CHARSET=utf8 COMMENT='订单商品关联表';

-- ----------------------------
--  Records of `tp_order_item`
-- ----------------------------
BEGIN;
INSERT INTO `tp_order_item` VALUES ('1', '1', '0', '1', '纯金斧头', 's000001', '0', '', '1', '', '12000.00', '/Uploads/image/2016-09/57d3845173020.png', '12000.00', '1'), ('2', '2', '0', '1', '纯金斧头', 's000001', '0', '', '1', '', '12000.00', '/Uploads/image/2016-09/57d3845173020.png', '12000.00', '1'), ('3', '3', '0', '1', '纯金斧头', 's000001', '0', '', '1', '', '12000.00', '/Uploads/image/2016-09/57d3845173020.png', '12000.00', '1');
COMMIT;

-- ----------------------------
--  Table structure for `tp_order_log`
-- ----------------------------
DROP TABLE IF EXISTS `tp_order_log`;
CREATE TABLE `tp_order_log` (
  `order_log_id` int(11) NOT NULL AUTO_INCREMENT COMMENT '自增主键',
  `order_id` int(11) NOT NULL DEFAULT '0' COMMENT '订单ID',
  `user_id` int(11) NOT NULL DEFAULT '0' COMMENT '操作人ID',
  `opt` varchar(32) NOT NULL DEFAULT '' COMMENT '操作类型',
  `start_order_status` tinyint(4) NOT NULL DEFAULT '0' COMMENT '操作前订单状态',
  `end_order_status` tinyint(4) NOT NULL DEFAULT '0' COMMENT '操作后订单状态',
  `addtime` int(11) NOT NULL DEFAULT '0' COMMENT '操作时间',
  `ip` varchar(32) NOT NULL DEFAULT '' COMMENT '操作者所在ip',
  `remark` varchar(128) NOT NULL DEFAULT '' COMMENT '备注，系统自动生成，如 从已付款状态设置为已发货状态',
  PRIMARY KEY (`order_log_id`)
) ENGINE=MyISAM AUTO_INCREMENT=4 DEFAULT CHARSET=utf8 COMMENT='订单操作日志表';

-- ----------------------------
--  Records of `tp_order_log`
-- ----------------------------
BEGIN;
INSERT INTO `tp_order_log` VALUES ('1', '1', '39607', '', '0', '1', '1473493069', '210.32.92.192', '用户名为、ID为39607的用户于2016-09-10 15:37:49将订单状态由未付款改为已付款/待备货'), ('2', '2', '39607', '', '0', '1', '1473493987', '210.32.92.192', '用户名为、ID为39607的用户于2016-09-10 15:53:07将订单状态由未付款改为已付款/待备货'), ('3', '3', '39607', '', '0', '1', '1473494655', '210.32.92.192', '用户名为、ID为39607的用户于2016-09-10 16:04:15将订单状态由未付款改为已付款/待备货');
COMMIT;

-- ----------------------------
--  Table structure for `tp_order_promotion`
-- ----------------------------
DROP TABLE IF EXISTS `tp_order_promotion`;
CREATE TABLE `tp_order_promotion` (
  `order_promotion_id` int(11) NOT NULL AUTO_INCREMENT COMMENT '自增主键',
  `order_id` int(11) NOT NULL DEFAULT '0' COMMENT '订单ID',
  `promotion_id` tinyint(4) NOT NULL DEFAULT '0' COMMENT '促销方案ID',
  PRIMARY KEY (`order_promotion_id`)
) ENGINE=MyISAM DEFAULT CHARSET=utf8 COMMENT='订单促销方案关联表';

-- ----------------------------
--  Table structure for `tp_order_push`
-- ----------------------------
DROP TABLE IF EXISTS `tp_order_push`;
CREATE TABLE `tp_order_push` (
  `order_push_id` int(10) unsigned NOT NULL AUTO_INCREMENT COMMENT '自增主键',
  `order_id` int(10) unsigned NOT NULL DEFAULT '0' COMMENT '订单ID',
  `foot_man_id` int(10) unsigned NOT NULL DEFAULT '0' COMMENT '镖师ID',
  `state` tinyint(3) unsigned NOT NULL DEFAULT '0' COMMENT '推送状态，1已推送，0未推送',
  `addtime` int(10) unsigned NOT NULL DEFAULT '0' COMMENT '推送时间',
  `push_time` int(10) unsigned NOT NULL DEFAULT '0' COMMENT '推送时间',
  `content` varchar(255) NOT NULL DEFAULT '' COMMENT '推送内容，json字符串',
  `province_id` mediumint(8) unsigned NOT NULL DEFAULT '330000' COMMENT '省份ID',
  `city_id` mediumint(8) unsigned NOT NULL DEFAULT '330300' COMMENT '城市ID',
  `area_id` mediumint(8) unsigned NOT NULL DEFAULT '330382' COMMENT '区/县ID',
  PRIMARY KEY (`order_push_id`),
  KEY `tp_rob_order_rob_time` (`addtime`),
  KEY `city_id` (`city_id`),
  KEY `area_id` (`area_id`)
) ENGINE=MyISAM DEFAULT CHARSET=utf8 COMMENT='订单推送表';

-- ----------------------------
--  Table structure for `tp_order_rob`
-- ----------------------------
DROP TABLE IF EXISTS `tp_order_rob`;
CREATE TABLE `tp_order_rob` (
  `order_rob_id` int(10) unsigned NOT NULL AUTO_INCREMENT COMMENT '自增主键',
  `order_id` int(10) unsigned NOT NULL DEFAULT '0' COMMENT '订单ID',
  `state` tinyint(3) unsigned NOT NULL DEFAULT '0' COMMENT '状态，0未抢，1已抢',
  `pushed_num` smallint(3) unsigned NOT NULL DEFAULT '0' COMMENT '已推送人数',
  `simulated_push_num` smallint(3) unsigned NOT NULL DEFAULT '0' COMMENT '模拟的推送镖师数量',
  `addtime` int(10) unsigned NOT NULL DEFAULT '0' COMMENT '添加时间',
  `push_no` tinyint(3) unsigned NOT NULL DEFAULT '0' COMMENT '推送批次',
  `rob_time` int(10) unsigned NOT NULL DEFAULT '0' COMMENT '抢单时间',
  `province_id` mediumint(8) unsigned NOT NULL DEFAULT '330000' COMMENT '省份ID',
  `city_id` mediumint(8) unsigned NOT NULL DEFAULT '330300' COMMENT '城市ID',
  `area_id` mediumint(8) unsigned NOT NULL DEFAULT '330382' COMMENT '区/县ID',
  PRIMARY KEY (`order_rob_id`),
  KEY `tp_rob_order_rob_time` (`rob_time`),
  KEY `tp_rob_order_addtime` (`addtime`),
  KEY `city_id` (`city_id`),
  KEY `area_id` (`area_id`)
) ENGINE=MyISAM DEFAULT CHARSET=utf8 COMMENT='待抢订单表';

-- ----------------------------
--  Table structure for `tp_order_temp`
-- ----------------------------
DROP TABLE IF EXISTS `tp_order_temp`;
CREATE TABLE `tp_order_temp` (
  `order_temp_id` int(11) NOT NULL AUTO_INCREMENT COMMENT '主键',
  `order_info` text COMMENT '订单信息，包括商品ID及规格ID列表，商品总重量、总价格、总优惠价，运费等',
  `user_id` int(11) unsigned NOT NULL DEFAULT '0' COMMENT '用户ID',
  `addtime` int(11) unsigned NOT NULL DEFAULT '0' COMMENT '添加时间',
  PRIMARY KEY (`order_temp_id`)
) ENGINE=MyISAM DEFAULT CHARSET=utf8 COMMENT='订单临时中转表，结算页用，订单生成后，删除数据';

-- ----------------------------
--  Table structure for `tp_payway`
-- ----------------------------
DROP TABLE IF EXISTS `tp_payway`;
CREATE TABLE `tp_payway` (
  `payway_id` tinyint(4) NOT NULL AUTO_INCREMENT COMMENT '自增主键',
  `pay_type` tinyint(3) unsigned NOT NULL DEFAULT '2' COMMENT '类型，1普通，2银行',
  `pay_tag` varchar(16) NOT NULL DEFAULT '' COMMENT '英文支付标签，唯一',
  `pay_name` varchar(32) NOT NULL DEFAULT '' COMMENT '支付名称 中文名',
  `pay_logo` varchar(128) NOT NULL DEFAULT '' COMMENT '支付LOGO',
  `pay_config` text COMMENT '支付配置信息',
  `pay_desc` text COMMENT '支付说明',
  `isuse` tinyint(4) NOT NULL DEFAULT '0' COMMENT '是否启用，1是，0否',
  PRIMARY KEY (`payway_id`)
) ENGINE=MyISAM AUTO_INCREMENT=100 DEFAULT CHARSET=utf8 COMMENT='支付方式表';

-- ----------------------------
--  Records of `tp_payway`
-- ----------------------------
BEGIN;
INSERT INTO `tp_payway` VALUES ('3', '1', 'alipay', '支付宝', '', 'a:4:{s:14:\"alipay_account\";s:18:\"cqswx@cheqishi.com\";s:14:\"alipay_partner\";s:16:\"2088911646565524\";s:10:\"alipay_key\";s:32:\"2kw4iqfflypp07sfoiyjtpf7h6tejmr6\";s:21:\"alipay_general_method\";i:1;}', '支付宝支付方式描述', '1'), ('4', '1', 'chinabank', '网银在线', '', 'a:2:{s:17:\"chinabank_account\";s:8:\"22613586\";s:13:\"chinabank_key\";s:10:\"bbw2014bbw\";}', '银联支付方式描述', '1'), ('1', '1', 'wallet', '余额支付', '', 'a:0:{}', '方式一、先通过银行汇款转账或邮局汇款，联系我们，由商城客服把款充入您的商城钱包，方式二、在会员中心资金管理通过在线方式自动冲入商城钱包，此功能一般由固定网店代理客户或批发客户使用，节省交易费用。', '1'), ('2', '1', 'offline', '线下付款', '', 'a:0:{}', '为了您的订单能尽快发出，建议您在订单留言中注明您所使用的银行卡类型&lt;br /&gt;\r\n农业银行（金穗通宝卡） xxx 62284800101000000 建设银行（龙卡） xxx 62270000138500000 工商银行（牡丹灵通卡） xxx 6222020200000000   交通银行（太平洋卡） xxx 622260091001400000', '0'), ('5', '1', 'wxpay1', '微信支付', '', 'a:4:{s:5:\"appid\";s:18:\"wx3b6bfcb6495dff9e\";s:6:\"mch_id\";s:8:\"10012915\";s:3:\"key\";s:32:\"AQI1289Msf1289NSLEP1829sjdkNDSKL\";s:9:\"appsecret\";s:32:\"f23adf9fb219fdabb7e4cc092c41a96a\";}', '微信支付', '1'), ('6', '2', 'ABC', '中国农业银行', '/Public/Images/bank/bank_abc.gif', 'a:0:{}', '', '0'), ('7', '2', 'COMM', '交通银行', '/Public/Images/bank/bank_bcom.gif', 'a:0:{}', '', '0'), ('8', '2', 'BOCB2C', '中国银行', '/Public/Images/bank/bank_boc.gif', 'a:0:{}', '', '0'), ('52', '2', 'CCB', '中国建设银行', '/Public/Images/bank/bank_ccb.gif', 'a:0:{}', '', '0'), ('53', '2', 'CEBBANK', '中国光大银行', '/Public/Images/bank/bank_ceb.gif', 'a:0:{}', '', '0'), ('54', '2', 'CIB', '兴业银行', '/Public/Images/bank/bank_cib.gif', 'a:0:{}', '', '0'), ('11', '2', 'CMB', '招商银行', '/Public/Images/bank/bank_cmb.gif', 'a:0:{}', '', '0'), ('57', '2', 'CMBC', '中国民生银行', '/Public/Images/bank/bank_cmbc.gif', 'a:0:{}', '', '0'), ('58', '2', 'GDB', '广东发展银行', '/Public/Images/bank/bank_gdb.gif', 'a:0:{}', '', '0'), ('9', '2', 'ICBCB2C', '中国工商银行(个人)', '/Public/Images/bank/bank_gs.gif', 'a:0:{}', '', '0'), ('10', '2', 'ICBCB2C', '中国工商银行(公司)', '/Public/Images/bank/bank_gs_s.gif', 'a:0:{}', '', '0'), ('61', '2', 'SDB', '深圳发展银行', '/Public/Images/bank/bank_sdb.gif', 'a:0:{}', '', '0'), ('62', '2', 'SPDB', '上海浦东发展银行', '/Public/Images/bank/bank_spdb.gif', 'a:0:{}', '', '0'), ('63', '1', 'mobile_alipay', '支付宝无线快捷支付', '', '{\"partner\":\"2088911397199393\",\"key\":\"xj56wcsvp47c5d2lddcfj0t2h345s4ry\",\"account\":\"1412181282@qq.com\"}', '', '1'), ('99', '1', 'wxpay', '微信支付', '', 'a:4:{s:5:\"appid\";s:18:\"wx0ce15601ca221f39\";s:6:\"mch_id\";s:10:\"1272270201\";s:3:\"key\";s:32:\"JK8G539VB6V8YQ1N8M7D6j4r6c3l0i7p\";s:9:\"appsecret\";s:32:\"4e0a38f2ea4b5dc17305ee8488056a20\";}', '微信支付', '1');
COMMIT;

-- ----------------------------
--  Table structure for `tp_prize`
-- ----------------------------
DROP TABLE IF EXISTS `tp_prize`;
CREATE TABLE `tp_prize` (
  `prize_id` int(8) NOT NULL AUTO_INCREMENT COMMENT '自增主键',
  `prize_name` varchar(32) NOT NULL DEFAULT '' COMMENT '名称',
  `img_path` varchar(128) NOT NULL DEFAULT '' COMMENT '主图',
  `addtime` int(11) NOT NULL DEFAULT '0',
  `serial` tinyint(4) NOT NULL DEFAULT '0' COMMENT '排序号',
  `isuse` tinyint(4) NOT NULL DEFAULT '0' COMMENT '是否启用，1启用，0关闭',
  PRIMARY KEY (`prize_id`)
) ENGINE=MyISAM AUTO_INCREMENT=13 DEFAULT CHARSET=utf8 COMMENT='夺宝奖品表';

-- ----------------------------
--  Records of `tp_prize`
-- ----------------------------
BEGIN;
INSERT INTO `tp_prize` VALUES ('1', '鲸钩', '/Uploads/image/article/thumb/2016-09/20160910164116_29090.png', '1473496883', '0', '1'), ('2', '内功', '/Uploads/image/article/thumb/2016-09/20160910164139_48909.jpg', '1473496905', '1', '1'), ('3', '战斗力', '/Uploads/image/article/thumb/2016-09/20160910164155_82080.jpg', '1473496924', '2', '1'), ('4', '魔性弓箭', '/Uploads/image/article/thumb/2016-09/20160910164222_54364.jpg', '1473496958', '3', '1'), ('5', '飞刀神斧', '/Uploads/image/article/thumb/2016-09/20160910164257_13648.jpg', '1473497003', '4', '1'), ('6', '复活室', '/Uploads/image/article/thumb/2016-09/20160910164349_53013.jpg', '1473497070', '5', '1'), ('7', '强力宝剑', '/Uploads/image/article/thumb/2016-09/20160910164454_32748.jpg', '1473497111', '6', '1'), ('8', '后羿专用', '/Uploads/image/article/thumb/2016-09/20160910164533_27810.jpg', '1473497167', '7', '1'), ('9', '双面无敌斧', '/Uploads/image/article/thumb/2016-09/20160910164633_53322.jpg', '1473497211', '8', '1'), ('10', '上方宝刀', '/Uploads/image/article/thumb/2016-09/20160910164709_51082.jpg', '1473497253', '10', '1'), ('11', '天下第一刀', '/Uploads/image/article/thumb/2016-09/20160910164751_56773.jpg', '1473497321', '9', '1'), ('12', '收妖宝贝', '/Uploads/image/article/thumb/2016-09/20160910164901_67929.jpg', '1473497379', '11', '1');
COMMIT;

-- ----------------------------
--  Table structure for `tp_promotion_item_discount`
-- ----------------------------
DROP TABLE IF EXISTS `tp_promotion_item_discount`;
CREATE TABLE `tp_promotion_item_discount` (
  `promotion_item_discount_id` int(11) NOT NULL AUTO_INCREMENT COMMENT '自增主键',
  `title` varchar(128) DEFAULT NULL COMMENT '活动名称',
  `item_total` tinyint(4) NOT NULL DEFAULT '0' COMMENT '买几件商品',
  `discount_type` int(11) NOT NULL DEFAULT '0' COMMENT '优惠类型，1=打折，2=减钱',
  `discount_total` float(10,2) NOT NULL DEFAULT '0.00' COMMENT '优惠幅度，如：打折的话输入0,9，减钱输入30.5',
  `start_time` int(11) NOT NULL DEFAULT '0' COMMENT '促销活动起始时间',
  `end_time` int(11) NOT NULL DEFAULT '0' COMMENT '促销活动截止时间',
  `isuse` tinyint(4) NOT NULL DEFAULT '0' COMMENT '是否有效，1有效，2无效',
  PRIMARY KEY (`promotion_item_discount_id`),
  KEY `tp_promotion_item_discount_start_time` (`start_time`),
  KEY `tp_promotion_item_discount_end_time` (`end_time`)
) ENGINE=MyISAM DEFAULT CHARSET=utf8 COMMENT='买商品得优惠表主表';

-- ----------------------------
--  Table structure for `tp_promotion_item_discount_detail`
-- ----------------------------
DROP TABLE IF EXISTS `tp_promotion_item_discount_detail`;
CREATE TABLE `tp_promotion_item_discount_detail` (
  `promotion_item_discount_detail_id` int(11) NOT NULL AUTO_INCREMENT COMMENT '自增主键',
  `promotion_item_discount_id` tinyint(4) NOT NULL DEFAULT '0' COMMENT '商品优惠主表id',
  `item_id` smallint(6) NOT NULL DEFAULT '0' COMMENT '参与活动的商品id',
  PRIMARY KEY (`promotion_item_discount_detail_id`),
  KEY `tp_promotion_item_discount_id` (`promotion_item_discount_id`),
  KEY `tp_promotion_item_discount_detail_item_id` (`item_id`)
) ENGINE=MyISAM DEFAULT CHARSET=utf8 COMMENT='哪些商品参与了商品优惠';

-- ----------------------------
--  Table structure for `tp_promotion_item_discount_rank`
-- ----------------------------
DROP TABLE IF EXISTS `tp_promotion_item_discount_rank`;
CREATE TABLE `tp_promotion_item_discount_rank` (
  `promotion_item_discount_rank_id` int(11) NOT NULL AUTO_INCREMENT COMMENT '自增主键',
  `promotion_item_discount_id` tinyint(4) NOT NULL DEFAULT '0' COMMENT '商品优惠主表id',
  `agent_rank_id` varchar(255) NOT NULL DEFAULT '0' COMMENT '参与活动的会员级别,格式化的字符串。比如1,3,5',
  PRIMARY KEY (`promotion_item_discount_rank_id`),
  KEY `tp_promotion_item_discount_id` (`promotion_item_discount_id`)
) ENGINE=MyISAM DEFAULT CHARSET=utf8 COMMENT='哪些会员等级可以获得商品优惠';

-- ----------------------------
--  Table structure for `tp_promotion_log`
-- ----------------------------
DROP TABLE IF EXISTS `tp_promotion_log`;
CREATE TABLE `tp_promotion_log` (
  `promotion_log_id` int(11) NOT NULL AUTO_INCREMENT,
  `order_id` int(11) DEFAULT NULL,
  `total_amount` decimal(10,0) DEFAULT NULL COMMENT '订单金额',
  `user_id` int(11) DEFAULT NULL COMMENT '会员id',
  `promotion_type` tinyint(1) DEFAULT NULL COMMENT '促销的类型：1指定商品直接优惠；2买商品送礼品；3订单满额直接优惠；4满额送礼品；5满额减运费；6新人下单折扣',
  `promotion_id` int(11) DEFAULT NULL COMMENT '相应的活动ID，具体表通过参考promotion_type字段的值取判断',
  `remark` varchar(255) COLLATE utf8_unicode_ci DEFAULT NULL COMMENT '优惠的内容，用文字说明：',
  `gift_id` int(11) DEFAULT NULL COMMENT '礼品id，不是送礼品的话为空',
  `addtime` int(11) DEFAULT NULL,
  PRIMARY KEY (`promotion_log_id`)
) ENGINE=MyISAM DEFAULT CHARSET=utf8 COLLATE=utf8_unicode_ci;

-- ----------------------------
--  Table structure for `tp_promotion_order_discount`
-- ----------------------------
DROP TABLE IF EXISTS `tp_promotion_order_discount`;
CREATE TABLE `tp_promotion_order_discount` (
  `promotion_order_discount_id` int(11) NOT NULL AUTO_INCREMENT,
  `title` varchar(64) COLLATE utf8_unicode_ci DEFAULT NULL COMMENT '活动名称',
  `order_total` decimal(10,0) DEFAULT NULL COMMENT '订单额度',
  `discount_total` decimal(10,2) DEFAULT NULL COMMENT 'u优惠幅度，如：打折的话输入0,9，减钱输入30.5',
  `discount_type` tinyint(1) DEFAULT NULL COMMENT '优惠类型，1=打折，2=减钱',
  `start_time` int(11) DEFAULT NULL COMMENT '促销活动起始时间',
  `end_time` int(11) DEFAULT NULL COMMENT '促销活动截止时间',
  `isuse` tinyint(1) DEFAULT NULL COMMENT '是否有效，1有效，2无效',
  PRIMARY KEY (`promotion_order_discount_id`),
  KEY `tp_promotion_order_discount_order_total` (`order_total`),
  KEY `tp_promotion_order_discount_start_time` (`start_time`),
  KEY `tp_promotion_order_discount_end_time` (`end_time`)
) ENGINE=MyISAM DEFAULT CHARSET=utf8 COLLATE=utf8_unicode_ci;

-- ----------------------------
--  Table structure for `tp_promotion_order_discount_rank`
-- ----------------------------
DROP TABLE IF EXISTS `tp_promotion_order_discount_rank`;
CREATE TABLE `tp_promotion_order_discount_rank` (
  `promotion_order_discount_rank_id` int(11) NOT NULL AUTO_INCREMENT COMMENT '自增主键',
  `promotion_order_discount_id` tinyint(4) NOT NULL DEFAULT '0' COMMENT '订单优惠主表id',
  `agent_rank_id` varchar(255) NOT NULL DEFAULT '0' COMMENT '参与活动的会员级别',
  PRIMARY KEY (`promotion_order_discount_rank_id`),
  KEY `tp_promotion_order_discount_id` (`promotion_order_discount_id`)
) ENGINE=MyISAM DEFAULT CHARSET=utf8 COMMENT='哪些会员等级可以获得订单优惠';

-- ----------------------------
--  Table structure for `tp_property`
-- ----------------------------
DROP TABLE IF EXISTS `tp_property`;
CREATE TABLE `tp_property` (
  `property_id` smallint(6) NOT NULL AUTO_INCREMENT COMMENT '自增主键',
  `item_type_id` tinyint(4) NOT NULL DEFAULT '0' COMMENT '商品类型ID',
  `is_extended_property` tinyint(4) NOT NULL DEFAULT '0' COMMENT '是否扩展属性，1是，2否',
  `property_name` varchar(32) NOT NULL DEFAULT '' COMMENT '属性名称',
  `serial` tinyint(4) NOT NULL DEFAULT '0' COMMENT '排序号',
  `isuse` tinyint(4) NOT NULL DEFAULT '0' COMMENT '是否启用，1启用，0关闭',
  PRIMARY KEY (`property_id`)
) ENGINE=MyISAM DEFAULT CHARSET=utf8 COMMENT='规格属性表';

-- ----------------------------
--  Table structure for `tp_property_value`
-- ----------------------------
DROP TABLE IF EXISTS `tp_property_value`;
CREATE TABLE `tp_property_value` (
  `property_value_id` smallint(6) NOT NULL AUTO_INCREMENT COMMENT '自增主键',
  `property_id` smallint(6) NOT NULL DEFAULT '0' COMMENT '规格ID',
  `property_value` varchar(255) NOT NULL DEFAULT '' COMMENT '规格值',
  `serial` tinyint(4) NOT NULL DEFAULT '0' COMMENT '排序号',
  `isuse` tinyint(4) NOT NULL DEFAULT '0' COMMENT '是否启用，1启用，0关闭',
  PRIMARY KEY (`property_value_id`)
) ENGINE=MyISAM DEFAULT CHARSET=utf8 COMMENT='规格值表';

-- ----------------------------
--  Table structure for `tp_push_log`
-- ----------------------------
DROP TABLE IF EXISTS `tp_push_log`;
CREATE TABLE `tp_push_log` (
  `push_log_id` int(10) unsigned NOT NULL AUTO_INCREMENT COMMENT '自增主键',
  `user_id` int(10) unsigned NOT NULL DEFAULT '0' COMMENT '操作人ID',
  `opt` varchar(32) NOT NULL DEFAULT '' COMMENT '消息类型',
  `addtime` int(10) unsigned NOT NULL DEFAULT '0' COMMENT '操作时间',
  `content` text COMMENT '消息内容',
  `is_read` tinyint(3) unsigned NOT NULL DEFAULT '0' COMMENT '是否已读，1是，0否',
  `province_id` mediumint(8) unsigned NOT NULL DEFAULT '330000' COMMENT '省份ID',
  `city_id` mediumint(8) unsigned NOT NULL DEFAULT '330300' COMMENT '城市ID',
  `area_id` mediumint(8) unsigned NOT NULL DEFAULT '330382' COMMENT '区/县ID',
  PRIMARY KEY (`push_log_id`),
  KEY `tp_push_log_user_id` (`user_id`),
  KEY `tp_city` (`city_id`),
  KEY `tp_area` (`area_id`)
) ENGINE=MyISAM DEFAULT CHARSET=utf8 COMMENT='消息记录表';

-- ----------------------------
--  Table structure for `tp_pv_main`
-- ----------------------------
DROP TABLE IF EXISTS `tp_pv_main`;
CREATE TABLE `tp_pv_main` (
  `id` bigint(20) unsigned NOT NULL AUTO_INCREMENT,
  `user_id` int(11) NOT NULL DEFAULT '0' COMMENT '会员ID',
  `merchant_id` int(10) unsigned NOT NULL DEFAULT '0' COMMENT '商家ID',
  `add_time` int(11) NOT NULL DEFAULT '0' COMMENT 'PV访问时间的时间戳',
  `visit_date` date NOT NULL DEFAULT '0000-00-00' COMMENT '访问日期',
  `province_id` int(10) unsigned NOT NULL DEFAULT '0' COMMENT '省份ID',
  `city_id` int(10) unsigned NOT NULL DEFAULT '0' COMMENT '城市ID',
  `from_domain` varchar(32) NOT NULL DEFAULT '0' COMMENT '来源域名',
  `from_url` varchar(255) NOT NULL DEFAULT '0' COMMENT '来源URL',
  `ip` char(16) NOT NULL DEFAULT '0' COMMENT '原始IP',
  `client_key` char(32) NOT NULL DEFAULT '0' COMMENT '访问者身份标识',
  `is_new_visitor` tinyint(4) NOT NULL DEFAULT '0' COMMENT '是否新访客',
  PRIMARY KEY (`id`)
) ENGINE=InnoDB DEFAULT CHARSET=utf8 COMMENT='PV基础数据主表';

-- ----------------------------
--  Table structure for `tp_pv_respondent_data`
-- ----------------------------
DROP TABLE IF EXISTS `tp_pv_respondent_data`;
CREATE TABLE `tp_pv_respondent_data` (
  `id` bigint(20) unsigned NOT NULL AUTO_INCREMENT,
  `user_id` int(11) NOT NULL DEFAULT '0' COMMENT '会员ID',
  `add_time` int(11) NOT NULL DEFAULT '0' COMMENT '访问时间',
  `domain` varchar(64) NOT NULL DEFAULT '0' COMMENT '受访域名',
  `visit_url` varchar(255) NOT NULL DEFAULT '0' COMMENT '被访问的路径',
  `page_title` varchar(64) NOT NULL DEFAULT '0' COMMENT '页面标题',
  `is_entrance` tinyint(1) NOT NULL DEFAULT '0' COMMENT '是否入口',
  `have_jump` tinyint(1) NOT NULL DEFAULT '1' COMMENT '是否跳出，默认1=跳出,0=为跳出',
  `last_time` smallint(5) NOT NULL DEFAULT '0' COMMENT '页面停留时间last_time',
  PRIMARY KEY (`id`)
) ENGINE=InnoDB DEFAULT CHARSET=utf8 COMMENT='PV基础数据.受访数据副表';

-- ----------------------------
--  Table structure for `tp_pv_system_analysis`
-- ----------------------------
DROP TABLE IF EXISTS `tp_pv_system_analysis`;
CREATE TABLE `tp_pv_system_analysis` (
  `id` bigint(20) unsigned NOT NULL AUTO_INCREMENT,
  `add_time` int(11) DEFAULT '0' COMMENT '访问时间的时间戳',
  `browser` tinyint(3) NOT NULL DEFAULT '0' COMMENT '浏览器的ID号',
  `screen_id` tinyint(3) NOT NULL DEFAULT '0' COMMENT '分辨率的ID',
  `os_id` tinyint(3) NOT NULL DEFAULT '0' COMMENT '客户端系统编号',
  `language_id` tinyint(3) NOT NULL DEFAULT '0' COMMENT '语言ID编号',
  `terminal_id` tinyint(3) NOT NULL DEFAULT '0' COMMENT '终端类型ID',
  PRIMARY KEY (`id`)
) ENGINE=InnoDB DEFAULT CHARSET=utf8 COMMENT='PV系统分析副表';

-- ----------------------------
--  Table structure for `tp_quick_item`
-- ----------------------------
DROP TABLE IF EXISTS `tp_quick_item`;
CREATE TABLE `tp_quick_item` (
  `quick_item_id` int(10) unsigned NOT NULL AUTO_INCREMENT COMMENT '主键ID',
  `item_id` int(11) NOT NULL DEFAULT '0' COMMENT '商品ID',
  PRIMARY KEY (`quick_item_id`)
) ENGINE=MyISAM DEFAULT CHARSET=utf8 COLLATE=utf8_unicode_ci COMMENT='日常快速订单表';

-- ----------------------------
--  Table structure for `tp_recommend_item`
-- ----------------------------
DROP TABLE IF EXISTS `tp_recommend_item`;
CREATE TABLE `tp_recommend_item` (
  `recommend_item_id` int(10) unsigned NOT NULL AUTO_INCREMENT COMMENT '主键ID',
  `item_id` int(11) NOT NULL DEFAULT '0' COMMENT '商品ID',
  PRIMARY KEY (`recommend_item_id`)
) ENGINE=MyISAM DEFAULT CHARSET=utf8 COLLATE=utf8_unicode_ci COMMENT='今日推荐商品表';

-- ----------------------------
--  Table structure for `tp_roll`
-- ----------------------------
DROP TABLE IF EXISTS `tp_roll`;
CREATE TABLE `tp_roll` (
  `roll_id` int(8) NOT NULL AUTO_INCREMENT COMMENT '自增主键',
  `roll_name` varchar(128) NOT NULL DEFAULT '' COMMENT '名称',
  `start_time` int(11) NOT NULL DEFAULT '0' COMMENT '开始时间',
  `end_time` int(11) NOT NULL DEFAULT '0' COMMENT '结束时间',
  `prize_id` int(8) NOT NULL DEFAULT '0' COMMENT '奖品id',
  `addtime` int(11) NOT NULL DEFAULT '0',
  `serial` tinyint(4) NOT NULL DEFAULT '0' COMMENT '排序号',
  `isuse` tinyint(4) NOT NULL DEFAULT '0' COMMENT '是否启用，1启用，0关闭',
  `is_open` tinyint(4) NOT NULL DEFAULT '0' COMMENT '是否开奖',
  `open_user_id` int(11) NOT NULL DEFAULT '0' COMMENT '开奖者id',
  `id` varchar(11) NOT NULL DEFAULT '0' COMMENT '开奖号',
  `open_time` int(11) NOT NULL DEFAULT '0' COMMENT '开奖时间',
  PRIMARY KEY (`roll_id`)
) ENGINE=MyISAM AUTO_INCREMENT=12 DEFAULT CHARSET=utf8 COMMENT='报名项目表';

-- ----------------------------
--  Records of `tp_roll`
-- ----------------------------
BEGIN;
INSERT INTO `tp_roll` VALUES ('1', '万年小树苗', '1473499169', '1473527972', '5', '1473499186', '0', '1', '0', '0', '0', '0'), ('2', '拳王争霸赛', '1473499283', '1479633686', '9', '1473499309', '1', '1', '0', '0', '0', '0'), ('3', '帮主选拔赛', '1473585727', '1478769733', '7', '1473499347', '2', '1', '0', '0', '0', '0'), ('4', '轻功比武', '1473672176', '1476091379', '4', '1473499391', '3', '1', '0', '0', '0', '0'), ('5', '相亲擂台赛', '1473499416', '1476782621', '8', '1473499436', '4', '1', '0', '0', '0', '0'), ('6', '总统竞选', '1473585845', '1476091437', '3', '1473499482', '5', '1', '0', '0', '0', '0'), ('7', '文科状元', '1473499486', '1476091482', '9', '1473499539', '6', '1', '0', '0', '0', '0'), ('8', '进京赶考', '1473672340', '1476523543', '12', '1473499571', '7', '1', '0', '0', '0', '0'), ('9', '天下第一刀', '1473672433', '1475227645', '5', '1473499659', '8', '1', '0', '0', '0', '0'), ('10', '武功秘笈抢夺赛', '1472722081', '1473499687', '7', '1473499701', '9', '1', '0', '0', '0', '0'), ('11', '宝藏争夺赛', '1473499755', '1473553765', '11', '1473499781', '10', '1', '0', '0', '0', '0');
COMMIT;

-- ----------------------------
--  Table structure for `tp_roll_award`
-- ----------------------------
DROP TABLE IF EXISTS `tp_roll_award`;
CREATE TABLE `tp_roll_award` (
  `roll_award_id` int(8) NOT NULL AUTO_INCREMENT COMMENT '自增主键',
  `roll_user_id` int(11) NOT NULL DEFAULT '0' COMMENT '报名表id',
  `user_id` int(11) NOT NULL DEFAULT '0' COMMENT '用户',
  `roll_id` int(11) NOT NULL DEFAULT '0' COMMENT 'Ｒoll_id',
  `id` int(11) NOT NULL DEFAULT '0' COMMENT '中奖号',
  `is_deliver` tinyint(4) NOT NULL DEFAULT '0' COMMENT '是否发货',
  `addtime` int(11) NOT NULL DEFAULT '0',
  `isuse` tinyint(4) NOT NULL DEFAULT '0' COMMENT '是否启用，1启用，0关闭',
  PRIMARY KEY (`roll_award_id`)
) ENGINE=MyISAM DEFAULT CHARSET=utf8 COMMENT='Roll中奖记录表';

-- ----------------------------
--  Table structure for `tp_roll_user`
-- ----------------------------
DROP TABLE IF EXISTS `tp_roll_user`;
CREATE TABLE `tp_roll_user` (
  `roll_user_id` int(8) NOT NULL AUTO_INCREMENT COMMENT '自增主键',
  `roll_id` int(11) NOT NULL DEFAULT '0' COMMENT '所报名的活动',
  `user_id` int(11) NOT NULL DEFAULT '0' COMMENT '用户',
  `game_id` int(11) NOT NULL DEFAULT '0' COMMENT '游戏',
  `game_account` varchar(16) NOT NULL DEFAULT '' COMMENT '游戏账号id',
  `id` varchar(11) NOT NULL DEFAULT '0' COMMENT '唯一标识，随机是到，但不重复',
  `addtime` int(11) NOT NULL DEFAULT '0',
  `isuse` tinyint(4) NOT NULL DEFAULT '0' COMMENT '是否启用，1启用，0关闭',
  PRIMARY KEY (`roll_user_id`)
) ENGINE=MyISAM AUTO_INCREMENT=11 DEFAULT CHARSET=utf8 COMMENT='报名项目表';

-- ----------------------------
--  Records of `tp_roll_user`
-- ----------------------------
BEGIN;
INSERT INTO `tp_roll_user` VALUES ('9', '2', '39607', '1', '123456789', '82333582655', '1473582655', '1'), ('10', '2', '39609', '4', '001', '20433582766', '1473582766', '1');
COMMIT;

-- ----------------------------
--  Table structure for `tp_shipping_company`
-- ----------------------------
DROP TABLE IF EXISTS `tp_shipping_company`;
CREATE TABLE `tp_shipping_company` (
  `shipping_company_id` tinyint(4) NOT NULL AUTO_INCREMENT COMMENT '自增主键',
  `shipping_company_name` varchar(32) NOT NULL DEFAULT '' COMMENT '物流公司名称',
  `shipping_company_site` varchar(128) NOT NULL DEFAULT '' COMMENT '物流公司网址',
  `start_weight` decimal(6,2) unsigned NOT NULL DEFAULT '0.00' COMMENT '默认首重，单位千克',
  `start_weight_price` decimal(6,2) unsigned NOT NULL DEFAULT '0.00' COMMENT '默认首重价格',
  `added_weight` decimal(6,2) unsigned NOT NULL DEFAULT '0.00' COMMENT '默认续重，单位千克',
  `added_weight_price` decimal(6,2) unsigned NOT NULL DEFAULT '0.00' COMMENT '默认续重价格',
  `used_time` int(11) NOT NULL DEFAULT '0' COMMENT '使用该物流公司的次数',
  `shipping_desc` varchar(255) NOT NULL DEFAULT '' COMMENT '物流简介',
  `is_delivery_free` tinyint(4) NOT NULL DEFAULT '0' COMMENT '是否免邮，1是，0否',
  `serial` tinyint(4) NOT NULL DEFAULT '0' COMMENT '排序号',
  `isuse` tinyint(4) NOT NULL DEFAULT '0' COMMENT '是否有效，1有效，2无效',
  PRIMARY KEY (`shipping_company_id`)
) ENGINE=MyISAM AUTO_INCREMENT=18 DEFAULT CHARSET=utf8 COMMENT='物流公司表';

-- ----------------------------
--  Records of `tp_shipping_company`
-- ----------------------------
BEGIN;
INSERT INTO `tp_shipping_company` VALUES ('1', '顺丰速递', '', '1.00', '0.00', '1.00', '2.00', '0', '', '0', '2', '1'), ('16', '圆通快递', 'http://www.yto.net.cn/cn/index/index.html', '1.00', '10.00', '0.50', '6.00', '0', '', '0', '5', '1'), ('17', '中通快递', '', '1.00', '8.00', '0.50', '10.00', '0', '', '0', '6', '1'), ('5', '韵达快递', 'http://www.yundaex.com', '9.00', '7.00', '4.00', '2.00', '0', '2010年，山东省邮政企业和快递企业以邮政行业统计报表制度为基础，以提高统计数据质量为核心，以加强统计能力建 设为根本，求真务实，开拓创新，辛勤工作，无私奉献，圆满完成了各项统计工作任务，为促进行业科学发展做出了积极贡献。为表彰先进，经推荐评选，国家邮政 局授予山东省邮政公司等8家企业\"2010年邮政行业统计工作先进企业\"荣誉称号；\r\n同时，山东省邮政管理局授予上海韵达山东片区管理中心等6家单位\"2010年全省邮政行业统计工作先进单位\" 荣誉称号。', '0', '3', '1'), ('6', '天天快递', 'http://www.ttkdex.com', '8.00', '6.00', '4.00', '3.00', '0', '天天快递有限公司成立于1994年，为国内第一个获得“中国驰名商标”称号的快递企业。总部位于杭州高新技术产业开发区，拥有6000多个网点，全国从业人员60000余人，网络基本覆盖全国地市级以上城市和发达地区地市县级以上城市，现已实现江浙沪无盲区派送，形成了以长江三角洲、珠江三角洲、环渤海地区为重点的快递网络布局。\r\n      公司目前在全网拥有班车15000辆以上，航空线路超过200条。服务客户30万余家，其中世界500强客户100多家，客户群体遍及电子商务、纺织服装、医药化工、高科技IT产业、贸代企业、', '0', '0', '1'), ('14', 'EMS', 'http://www.ems.com.cn/?COLLCC=1343767847&', '0.50', '20.00', '0.50', '4.00', '0', '中国邮政速递物流股份有限公司（简称中国邮政速递物流）是经国务院批准，中国邮政集团于2010年6月联合各省邮政公司共同发起设立的国有股份制公司，是中国经营历史最悠久、规模最大、网络覆盖范围最广、业务品种最丰富的快递物流综合服务提供商。\r\n中国邮政速递物流在国内31个省（自治区、直辖市）设立全资子公司，并拥有邮政货运航空公司、中邮物流有限责任公司等子公司。截止2010年底，公司注册资本80亿元人民币，资产规模超过210亿元，员工近10万人，业务范围遍及全国31个省（自治区、直辖市）的所有市县乡（镇），通达包括', '0', '1', '1');
COMMIT;

-- ----------------------------
--  Table structure for `tp_shipping_company_region_price`
-- ----------------------------
DROP TABLE IF EXISTS `tp_shipping_company_region_price`;
CREATE TABLE `tp_shipping_company_region_price` (
  `shipping_company_region_price_id` smallint(6) NOT NULL AUTO_INCREMENT COMMENT '自增主键',
  `shipping_company_id` tinyint(4) NOT NULL DEFAULT '0' COMMENT '物流公司ID',
  `province_id` varchar(255) NOT NULL DEFAULT '' COMMENT '配送地区ID，只支持省份，多个以逗号隔开',
  `province_text` varchar(255) NOT NULL DEFAULT '' COMMENT '配送地区ID，只支持省份，多个以逗号隔开',
  `start_weight` decimal(6,2) unsigned NOT NULL DEFAULT '0.00' COMMENT '首重，即该范围内的重量都按首重价格收费，单位千克',
  `start_weight_price` decimal(6,2) unsigned NOT NULL DEFAULT '0.00' COMMENT '首重价格，即该范围内的重量都按首重价格收费',
  `added_weight` decimal(6,2) unsigned NOT NULL DEFAULT '0.00' COMMENT '续重，即超出首重外的每该重量值都需要额外支付一笔续重费，单位千克',
  `added_weight_price` decimal(6,2) unsigned NOT NULL DEFAULT '0.00' COMMENT '续重价格，即超出首重外的每该重量值都需要额外支付一笔该续重费',
  PRIMARY KEY (`shipping_company_region_price_id`)
) ENGINE=MyISAM AUTO_INCREMENT=21 DEFAULT CHARSET=utf8 COMMENT='物流公司特定地区收费表';

-- ----------------------------
--  Table structure for `tp_shipping_print_item`
-- ----------------------------
DROP TABLE IF EXISTS `tp_shipping_print_item`;
CREATE TABLE `tp_shipping_print_item` (
  `shipping_print_item_id` tinyint(4) NOT NULL AUTO_INCREMENT COMMENT '自增主键',
  `shipping_print_item_en` varchar(32) NOT NULL DEFAULT '' COMMENT '打印项英文名，如address',
  `shipping_print_item_value` varchar(128) NOT NULL DEFAULT '' COMMENT '打印项值',
  `shipping_print_item_default_value` varchar(128) NOT NULL DEFAULT '' COMMENT '打印项默认值',
  `width` smallint(6) NOT NULL DEFAULT '0' COMMENT '宽度',
  `height` smallint(6) NOT NULL DEFAULT '0' COMMENT '高度',
  PRIMARY KEY (`shipping_print_item_id`)
) ENGINE=MyISAM AUTO_INCREMENT=16 DEFAULT CHARSET=utf8 COMMENT='快递单打印项表';

-- ----------------------------
--  Records of `tp_shipping_print_item`
-- ----------------------------
BEGIN;
INSERT INTO `tp_shipping_print_item` VALUES ('1', 'ordersn', '订单 - 订单号', '', '0', '0'), ('4', 'address2', '收货人 - 地址', '', '0', '0'), ('5', 'zipcode2', '收货人 - 邮编', '', '0', '0'), ('6', 'mobile2', '收货人 - 手机', '', '0', '0'), ('7', 'sitename', '网店名称', '', '0', '0'), ('8', 'province', '发货人 - 省份', '浙江', '0', '0'), ('9', 'city', '发货人 - 城市', '杭州', '0', '0'), ('10', 'address', '发货人 - 地址', '浙江杭州文三路199', '0', '0'), ('11', 'tel', '发货人 - 电话', '0571-56219871', '0', '0'), ('12', 'mobile', '发货人 - 手机', '13666666666', '0', '0'), ('13', 'year', '年', '', '0', '0'), ('14', 'month', '月', '', '0', '0'), ('15', 'day', '日', '', '0', '0');
COMMIT;

-- ----------------------------
--  Table structure for `tp_shipping_print_set`
-- ----------------------------
DROP TABLE IF EXISTS `tp_shipping_print_set`;
CREATE TABLE `tp_shipping_print_set` (
  `shipping_company_id` tinyint(4) NOT NULL DEFAULT '0' COMMENT '物流公司ID',
  `print_temp_name` varchar(64) NOT NULL DEFAULT '' COMMENT '快递单打印模板名称（显示之用）',
  `background_img` varchar(128) NOT NULL DEFAULT '' COMMENT '快递单模板背景图片',
  `x_place` smallint(6) NOT NULL DEFAULT '0' COMMENT 'x坐标',
  `y_place` smallint(6) NOT NULL DEFAULT '0' COMMENT 'y坐标',
  `printing_paper_width` smallint(6) NOT NULL DEFAULT '0' COMMENT '打印纸宽度，单位毫米',
  `printing_paper_height` smallint(6) NOT NULL DEFAULT '0' COMMENT '打印纸高度，单位毫米',
  `set_detail` text COMMENT '设置详情，保存打印项坐标信息',
  PRIMARY KEY (`shipping_company_id`)
) ENGINE=MyISAM DEFAULT CHARSET=utf8 COMMENT='快递单打印模板设置表';

-- ----------------------------
--  Records of `tp_shipping_print_set`
-- ----------------------------
BEGIN;
INSERT INTO `tp_shipping_print_set` VALUES ('1', '顺丰快递', '##img_domain##/image/other/shipping/100423144719.jpg', '0', '0', '2150', '1400', 'a:27:{s:10:\"address2_b\";i:0;s:10:\"address2_h\";s:4:\"20px\";s:10:\"address2_i\";i:0;s:10:\"address2_l\";i:0;s:10:\"address2_s\";s:2:\"12\";s:10:\"address2_v\";s:0:\"\";s:10:\"address2_w\";s:5:\"190px\";s:10:\"address2_x\";s:4:\"11px\";s:10:\"address2_y\";s:5:\"154px\";s:9:\"ordersn_b\";i:0;s:9:\"ordersn_h\";s:4:\"20px\";s:9:\"ordersn_i\";i:0;s:9:\"ordersn_l\";i:0;s:9:\"ordersn_s\";s:2:\"12\";s:9:\"ordersn_v\";s:0:\"\";s:9:\"ordersn_w\";s:5:\"190px\";s:9:\"ordersn_x\";s:4:\"96px\";s:9:\"ordersn_y\";s:5:\"314px\";s:10:\"zipcode2_b\";i:0;s:10:\"zipcode2_h\";s:4:\"20px\";s:10:\"zipcode2_i\";i:0;s:10:\"zipcode2_l\";i:0;s:10:\"zipcode2_s\";s:2:\"12\";s:10:\"zipcode2_v\";s:0:\"\";s:10:\"zipcode2_w\";s:5:\"190px\";s:10:\"zipcode2_x\";s:4:\"52px\";s:10:\"zipcode2_y\";s:5:\"250px\";}'), ('5', '韵达快递', '##img_domain##/image/other/shipping/2014-09/20140907181633_87283.jpg', '0', '0', '0', '0', 'a:18:{s:10:\"address2_b\";i:0;s:10:\"address2_h\";s:4:\"20px\";s:10:\"address2_i\";i:0;s:10:\"address2_l\";i:0;s:10:\"address2_s\";s:2:\"12\";s:10:\"address2_v\";s:0:\"\";s:10:\"address2_w\";s:5:\"190px\";s:10:\"address2_x\";s:4:\"-3px\";s:10:\"address2_y\";s:5:\"189px\";s:9:\"ordersn_b\";i:0;s:9:\"ordersn_h\";s:4:\"20px\";s:9:\"ordersn_i\";i:0;s:9:\"ordersn_l\";i:0;s:9:\"ordersn_s\";s:2:\"12\";s:9:\"ordersn_v\";s:0:\"\";s:9:\"ordersn_w\";s:5:\"190px\";s:9:\"ordersn_x\";s:3:\"9px\";s:9:\"ordersn_y\";s:5:\"118px\";}');
COMMIT;

-- ----------------------------
--  Table structure for `tp_shipping_print_set2`
-- ----------------------------
DROP TABLE IF EXISTS `tp_shipping_print_set2`;
CREATE TABLE `tp_shipping_print_set2` (
  `shipping_company_id` tinyint(4) NOT NULL DEFAULT '0' COMMENT '物流公司ID',
  `print_temp_name` varchar(64) NOT NULL DEFAULT '' COMMENT '快递单打印模板名称（显示之用）',
  `background_img` varchar(128) NOT NULL DEFAULT '' COMMENT '快递单模板背景图片',
  `x_place` smallint(6) NOT NULL DEFAULT '0' COMMENT 'x坐标',
  `y_place` smallint(6) NOT NULL DEFAULT '0' COMMENT 'y坐标',
  `printing_paper_width` smallint(6) NOT NULL DEFAULT '0' COMMENT '打印纸宽度，单位毫米',
  `printing_paper_height` smallint(6) NOT NULL DEFAULT '0' COMMENT '打印纸高度，单位毫米',
  `set_detail` text COMMENT '设置详情，保存打印项坐标信息',
  PRIMARY KEY (`shipping_company_id`)
) ENGINE=MyISAM DEFAULT CHARSET=utf8 COMMENT='快递单打印模板设置表';

-- ----------------------------
--  Records of `tp_shipping_print_set2`
-- ----------------------------
BEGIN;
INSERT INTO `tp_shipping_print_set2` VALUES ('1', '顺丰速递', '##img_domain##/image/other/shipping/2014-06/20140624111740_97447.jpg', '0', '0', '2150', '1400', 'a:45:{s:10:\"address2_b\";i:0;s:10:\"address2_h\";s:4:\"76px\";s:10:\"address2_i\";i:0;s:10:\"address2_l\";s:3:\"0px\";s:10:\"address2_s\";s:2:\"12\";s:10:\"address2_v\";s:0:\"\";s:10:\"address2_w\";s:5:\"255px\";s:10:\"address2_x\";s:4:\"95px\";s:10:\"address2_y\";s:5:\"293px\";s:9:\"address_b\";i:1;s:9:\"address_h\";s:4:\"44px\";s:9:\"address_i\";i:0;s:9:\"address_l\";s:3:\"0px\";s:9:\"address_s\";s:2:\"14\";s:9:\"address_v\";s:0:\"\";s:9:\"address_w\";s:5:\"279px\";s:9:\"address_x\";s:4:\"82px\";s:9:\"address_y\";s:5:\"162px\";s:9:\"mobile2_b\";i:0;s:9:\"mobile2_h\";s:4:\"28px\";s:9:\"mobile2_i\";i:0;s:9:\"mobile2_l\";s:3:\"0px\";s:9:\"mobile2_s\";s:2:\"14\";s:9:\"mobile2_v\";s:0:\"\";s:9:\"mobile2_w\";s:5:\"139px\";s:9:\"mobile2_x\";s:5:\"225px\";s:9:\"mobile2_y\";s:5:\"375px\";s:10:\"sitename_b\";i:0;s:10:\"sitename_h\";s:4:\"26px\";s:10:\"sitename_i\";i:0;s:10:\"sitename_l\";s:3:\"0px\";s:10:\"sitename_s\";s:2:\"12\";s:10:\"sitename_v\";s:0:\"\";s:10:\"sitename_w\";s:5:\"154px\";s:10:\"sitename_x\";s:5:\"103px\";s:10:\"sitename_y\";s:5:\"126px\";s:5:\"tel_b\";i:0;s:5:\"tel_h\";s:4:\"31px\";s:5:\"tel_i\";i:0;s:5:\"tel_l\";s:3:\"0px\";s:5:\"tel_s\";s:2:\"12\";s:5:\"tel_v\";s:0:\"\";s:5:\"tel_w\";s:4:\"88px\";s:5:\"tel_x\";s:5:\"130px\";s:5:\"tel_y\";s:5:\"216px\";}'), ('6', '天天快递', '##img_domain##/image/other/shipping/2014-05/20140512101749_88582.jpg', '0', '0', '2300', '1260', 'a:144:{s:10:\"address2_b\";i:0;s:10:\"address2_h\";s:4:\"28px\";s:10:\"address2_i\";i:0;s:10:\"address2_l\";i:0;s:10:\"address2_s\";s:2:\"12\";s:10:\"address2_v\";s:0:\"\";s:10:\"address2_w\";s:5:\"338px\";s:10:\"address2_x\";s:5:\"418px\";s:10:\"address2_y\";s:5:\"215px\";s:9:\"address_b\";i:0;s:9:\"address_h\";s:4:\"24px\";s:9:\"address_i\";i:0;s:9:\"address_l\";i:0;s:9:\"address_s\";s:2:\"12\";s:9:\"address_v\";s:0:\"\";s:9:\"address_w\";s:5:\"342px\";s:9:\"address_x\";s:4:\"52px\";s:9:\"address_y\";s:5:\"215px\";s:7:\"city2_b\";i:0;s:7:\"city2_h\";s:4:\"22px\";s:7:\"city2_i\";i:0;s:7:\"city2_l\";i:0;s:7:\"city2_s\";s:2:\"12\";s:7:\"city2_v\";s:0:\"\";s:7:\"city2_w\";s:4:\"93px\";s:7:\"city2_x\";s:5:\"549px\";s:7:\"city2_y\";s:5:\"185px\";s:6:\"city_b\";i:0;s:6:\"city_h\";s:4:\"24px\";s:6:\"city_i\";i:0;s:6:\"city_l\";i:0;s:6:\"city_s\";s:2:\"12\";s:6:\"city_v\";s:0:\"\";s:6:\"city_w\";s:4:\"73px\";s:6:\"city_x\";s:5:\"188px\";s:6:\"city_y\";s:5:\"182px\";s:5:\"day_b\";i:0;s:5:\"day_h\";s:4:\"20px\";s:5:\"day_i\";i:0;s:5:\"day_l\";i:0;s:5:\"day_s\";s:2:\"12\";s:5:\"day_v\";s:0:\"\";s:5:\"day_w\";s:4:\"30px\";s:5:\"day_x\";s:5:\"183px\";s:5:\"day_y\";s:5:\"429px\";s:11:\"district2_b\";i:0;s:11:\"district2_h\";s:4:\"22px\";s:11:\"district2_i\";i:0;s:11:\"district2_l\";i:0;s:11:\"district2_s\";s:2:\"12\";s:11:\"district2_v\";s:0:\"\";s:11:\"district2_w\";s:4:\"93px\";s:11:\"district2_x\";s:5:\"658px\";s:11:\"district2_y\";s:5:\"185px\";s:10:\"district_b\";i:0;s:10:\"district_h\";s:4:\"24px\";s:10:\"district_i\";i:0;s:10:\"district_l\";i:0;s:10:\"district_s\";s:2:\"12\";s:10:\"district_v\";s:0:\"\";s:10:\"district_w\";s:5:\"110px\";s:10:\"district_x\";s:5:\"275px\";s:10:\"district_y\";s:5:\"182px\";s:9:\"mobile2_b\";i:0;s:9:\"mobile2_h\";s:4:\"26px\";s:9:\"mobile2_i\";i:0;s:9:\"mobile2_l\";i:0;s:9:\"mobile2_s\";s:2:\"12\";s:9:\"mobile2_v\";s:0:\"\";s:9:\"mobile2_w\";s:5:\"137px\";s:9:\"mobile2_x\";s:5:\"461px\";s:9:\"mobile2_y\";s:5:\"248px\";s:8:\"mobile_b\";i:0;s:8:\"mobile_h\";s:4:\"28px\";s:8:\"mobile_i\";i:0;s:8:\"mobile_l\";i:0;s:8:\"mobile_s\";s:2:\"12\";s:8:\"mobile_v\";s:0:\"\";s:8:\"mobile_w\";s:5:\"132px\";s:8:\"mobile_x\";s:5:\"100px\";s:8:\"mobile_y\";s:5:\"244px\";s:7:\"month_b\";i:0;s:7:\"month_h\";s:4:\"20px\";s:7:\"month_i\";i:0;s:7:\"month_l\";i:0;s:7:\"month_s\";s:2:\"12\";s:7:\"month_v\";s:0:\"\";s:7:\"month_w\";s:4:\"31px\";s:7:\"month_x\";s:5:\"147px\";s:7:\"month_y\";s:5:\"429px\";s:11:\"province2_b\";i:0;s:11:\"province2_h\";s:4:\"23px\";s:11:\"province2_i\";i:0;s:11:\"province2_l\";i:0;s:11:\"province2_s\";s:2:\"12\";s:11:\"province2_v\";s:0:\"\";s:11:\"province2_w\";s:4:\"86px\";s:11:\"province2_x\";s:5:\"450px\";s:11:\"province2_y\";s:5:\"184px\";s:10:\"province_b\";i:0;s:10:\"province_h\";s:4:\"24px\";s:10:\"province_i\";i:0;s:10:\"province_l\";i:0;s:10:\"province_s\";s:2:\"12\";s:10:\"province_v\";s:0:\"\";s:10:\"province_w\";s:4:\"86px\";s:10:\"province_x\";s:4:\"89px\";s:10:\"province_y\";s:5:\"183px\";s:11:\"realname2_b\";i:0;s:11:\"realname2_h\";s:4:\"20px\";s:11:\"realname2_i\";i:0;s:11:\"realname2_l\";i:0;s:11:\"realname2_s\";s:2:\"12\";s:11:\"realname2_v\";s:0:\"\";s:11:\"realname2_w\";s:5:\"151px\";s:11:\"realname2_x\";s:5:\"469px\";s:11:\"realname2_y\";s:5:\"128px\";s:10:\"sitename_b\";i:0;s:10:\"sitename_h\";s:4:\"26px\";s:10:\"sitename_i\";i:0;s:10:\"sitename_l\";i:0;s:10:\"sitename_s\";s:2:\"12\";s:10:\"sitename_v\";s:0:\"\";s:10:\"sitename_w\";s:5:\"246px\";s:10:\"sitename_x\";s:5:\"140px\";s:10:\"sitename_y\";s:5:\"150px\";s:5:\"tel_b\";i:0;s:5:\"tel_h\";s:4:\"28px\";s:5:\"tel_i\";i:0;s:5:\"tel_l\";i:0;s:5:\"tel_s\";s:2:\"12\";s:5:\"tel_v\";s:0:\"\";s:5:\"tel_w\";s:5:\"121px\";s:5:\"tel_x\";s:5:\"278px\";s:5:\"tel_y\";s:5:\"244px\";s:6:\"year_b\";i:0;s:6:\"year_h\";s:4:\"20px\";s:6:\"year_i\";i:0;s:6:\"year_l\";i:0;s:6:\"year_s\";s:2:\"12\";s:6:\"year_v\";s:0:\"\";s:6:\"year_w\";s:4:\"54px\";s:6:\"year_x\";s:4:\"89px\";s:6:\"year_y\";s:5:\"429px\";}'), ('5', '韵达快递', '##img_domain##/image/other/shipping/2014-05/20140512101414_49166.jpg', '0', '0', '2300', '1260', 'a:54:{s:10:\"address2_b\";i:0;s:10:\"address2_h\";s:4:\"67px\";s:10:\"address2_i\";i:0;s:10:\"address2_l\";i:0;s:10:\"address2_s\";s:2:\"12\";s:10:\"address2_v\";s:0:\"\";s:10:\"address2_w\";s:5:\"325px\";s:10:\"address2_x\";s:5:\"448px\";s:10:\"address2_y\";s:5:\"146px\";s:9:\"address_b\";i:0;s:9:\"address_h\";s:4:\"63px\";s:9:\"address_i\";i:0;s:9:\"address_l\";i:0;s:9:\"address_s\";s:2:\"12\";s:9:\"address_v\";s:0:\"\";s:9:\"address_w\";s:5:\"318px\";s:9:\"address_x\";s:4:\"43px\";s:9:\"address_y\";s:5:\"148px\";s:9:\"mobile2_b\";i:0;s:9:\"mobile2_h\";s:4:\"24px\";s:9:\"mobile2_i\";i:0;s:9:\"mobile2_l\";i:0;s:9:\"mobile2_s\";s:2:\"12\";s:9:\"mobile2_v\";s:0:\"\";s:9:\"mobile2_w\";s:5:\"169px\";s:9:\"mobile2_x\";s:5:\"467px\";s:9:\"mobile2_y\";s:5:\"243px\";s:10:\"sitename_b\";i:0;s:10:\"sitename_h\";s:4:\"20px\";s:10:\"sitename_i\";i:0;s:10:\"sitename_l\";i:0;s:10:\"sitename_s\";s:2:\"12\";s:10:\"sitename_v\";s:0:\"\";s:10:\"sitename_w\";s:5:\"281px\";s:10:\"sitename_x\";s:4:\"92px\";s:10:\"sitename_y\";s:5:\"104px\";s:5:\"tel_b\";i:0;s:5:\"tel_h\";s:4:\"20px\";s:5:\"tel_i\";i:0;s:5:\"tel_l\";i:0;s:5:\"tel_s\";s:2:\"12\";s:5:\"tel_v\";s:0:\"\";s:5:\"tel_w\";s:5:\"112px\";s:5:\"tel_x\";s:5:\"104px\";s:5:\"tel_y\";s:5:\"247px\";s:10:\"zipcode2_b\";i:0;s:10:\"zipcode2_h\";s:4:\"20px\";s:10:\"zipcode2_i\";i:0;s:10:\"zipcode2_l\";i:0;s:10:\"zipcode2_s\";s:2:\"12\";s:10:\"zipcode2_v\";s:0:\"\";s:10:\"zipcode2_w\";s:5:\"112px\";s:10:\"zipcode2_x\";s:5:\"694px\";s:10:\"zipcode2_y\";s:5:\"247px\";}'), ('17', '中通快递', '##img_domain##/image/other/shipping/2014-06/20140624100433_71965.jpg', '0', '0', '2310', '1250', 'a:81:{s:10:\"address2_b\";i:0;s:10:\"address2_h\";s:4:\"20px\";s:10:\"address2_i\";i:0;s:10:\"address2_l\";i:0;s:10:\"address2_s\";s:2:\"12\";s:10:\"address2_v\";s:0:\"\";s:10:\"address2_w\";s:5:\"242px\";s:10:\"address2_x\";s:5:\"440px\";s:10:\"address2_y\";s:5:\"155px\";s:9:\"address_b\";i:0;s:9:\"address_h\";s:4:\"20px\";s:9:\"address_i\";i:0;s:9:\"address_l\";i:0;s:9:\"address_s\";s:2:\"12\";s:9:\"address_v\";s:0:\"\";s:9:\"address_w\";s:5:\"229px\";s:9:\"address_x\";s:5:\"130px\";s:9:\"address_y\";s:5:\"126px\";s:7:\"city2_b\";i:0;s:7:\"city2_h\";s:4:\"20px\";s:7:\"city2_i\";i:0;s:7:\"city2_l\";i:0;s:7:\"city2_s\";s:2:\"12\";s:7:\"city2_v\";s:0:\"\";s:7:\"city2_w\";s:4:\"77px\";s:7:\"city2_x\";s:5:\"542px\";s:7:\"city2_y\";s:5:\"128px\";s:11:\"district2_b\";i:0;s:11:\"district2_h\";s:4:\"20px\";s:11:\"district2_i\";i:0;s:11:\"district2_l\";i:0;s:11:\"district2_s\";s:2:\"12\";s:11:\"district2_v\";s:0:\"\";s:11:\"district2_w\";s:4:\"83px\";s:11:\"district2_x\";s:5:\"622px\";s:11:\"district2_y\";s:5:\"130px\";s:9:\"mobile2_b\";i:0;s:9:\"mobile2_h\";s:4:\"20px\";s:9:\"mobile2_i\";i:0;s:9:\"mobile2_l\";i:0;s:9:\"mobile2_s\";s:2:\"12\";s:9:\"mobile2_v\";s:0:\"\";s:9:\"mobile2_w\";s:5:\"190px\";s:9:\"mobile2_x\";s:5:\"459px\";s:9:\"mobile2_y\";s:5:\"213px\";s:11:\"province2_b\";i:0;s:11:\"province2_h\";s:4:\"20px\";s:11:\"province2_i\";i:0;s:11:\"province2_l\";i:0;s:11:\"province2_s\";s:2:\"12\";s:11:\"province2_v\";s:0:\"\";s:11:\"province2_w\";s:4:\"94px\";s:11:\"province2_x\";s:5:\"444px\";s:11:\"province2_y\";s:5:\"127px\";s:11:\"realname2_b\";i:0;s:11:\"realname2_h\";s:4:\"20px\";s:11:\"realname2_i\";i:0;s:11:\"realname2_l\";i:0;s:11:\"realname2_s\";s:2:\"12\";s:11:\"realname2_v\";s:0:\"\";s:11:\"realname2_w\";s:5:\"190px\";s:11:\"realname2_x\";s:5:\"444px\";s:11:\"realname2_y\";s:4:\"99px\";s:10:\"sitename_b\";i:0;s:10:\"sitename_h\";s:4:\"20px\";s:10:\"sitename_i\";i:0;s:10:\"sitename_l\";i:0;s:10:\"sitename_s\";s:2:\"12\";s:10:\"sitename_v\";s:0:\"\";s:10:\"sitename_w\";s:5:\"190px\";s:10:\"sitename_x\";s:5:\"127px\";s:10:\"sitename_y\";s:5:\"183px\";s:5:\"tel_b\";i:0;s:5:\"tel_h\";s:4:\"20px\";s:5:\"tel_i\";i:0;s:5:\"tel_l\";i:0;s:5:\"tel_s\";s:2:\"12\";s:5:\"tel_v\";s:0:\"\";s:5:\"tel_w\";s:5:\"190px\";s:5:\"tel_x\";s:5:\"139px\";s:5:\"tel_y\";s:5:\"209px\";}'), ('16', '圆通快递', '##img_domain##/image/other/shipping/2014-05/20140522153426_29495.jpg', '0', '0', '120', '120', 'a:9:{s:9:\"ordersn_b\";i:0;s:9:\"ordersn_h\";s:4:\"20px\";s:9:\"ordersn_i\";i:0;s:9:\"ordersn_l\";s:3:\"0px\";s:9:\"ordersn_s\";s:2:\"12\";s:9:\"ordersn_v\";s:0:\"\";s:9:\"ordersn_w\";s:5:\"190px\";s:9:\"ordersn_x\";s:3:\"2px\";s:9:\"ordersn_y\";s:3:\"3px\";}'), ('14', 'EMS', '##img_domain##/image/other/shipping/2014-06/20140624111925_90594.jpg', '0', '0', '2300', '1260', 'a:72:{s:10:\"address2_b\";i:0;s:10:\"address2_h\";s:4:\"40px\";s:10:\"address2_i\";i:0;s:10:\"address2_l\";s:3:\"0px\";s:10:\"address2_s\";s:2:\"12\";s:10:\"address2_v\";s:0:\"\";s:10:\"address2_w\";s:5:\"348px\";s:10:\"address2_x\";s:5:\"389px\";s:10:\"address2_y\";s:5:\"186px\";s:9:\"address_b\";i:0;s:9:\"address_h\";s:4:\"38px\";s:9:\"address_i\";i:0;s:9:\"address_l\";s:3:\"0px\";s:9:\"address_s\";s:2:\"12\";s:9:\"address_v\";s:0:\"\";s:9:\"address_w\";s:5:\"324px\";s:9:\"address_x\";s:4:\"33px\";s:9:\"address_y\";s:5:\"187px\";s:5:\"day_b\";i:0;s:5:\"day_h\";s:4:\"20px\";s:5:\"day_i\";i:0;s:5:\"day_l\";s:3:\"0px\";s:5:\"day_s\";s:2:\"12\";s:5:\"day_v\";s:0:\"\";s:5:\"day_w\";s:4:\"23px\";s:5:\"day_x\";s:5:\"289px\";s:5:\"day_y\";s:4:\"79px\";s:9:\"mobile2_b\";i:0;s:9:\"mobile2_h\";s:4:\"20px\";s:9:\"mobile2_i\";i:0;s:9:\"mobile2_l\";s:3:\"0px\";s:9:\"mobile2_s\";s:2:\"12\";s:9:\"mobile2_v\";s:0:\"\";s:9:\"mobile2_w\";s:5:\"129px\";s:9:\"mobile2_x\";s:5:\"613px\";s:9:\"mobile2_y\";s:5:\"107px\";s:7:\"month_b\";i:0;s:7:\"month_h\";s:4:\"20px\";s:7:\"month_i\";i:0;s:7:\"month_l\";s:3:\"0px\";s:7:\"month_s\";s:2:\"12\";s:7:\"month_v\";s:0:\"\";s:7:\"month_w\";s:4:\"27px\";s:7:\"month_x\";s:5:\"258px\";s:7:\"month_y\";s:4:\"79px\";s:10:\"sitename_b\";i:0;s:10:\"sitename_h\";s:4:\"24px\";s:10:\"sitename_i\";i:0;s:10:\"sitename_l\";s:3:\"0px\";s:10:\"sitename_s\";s:2:\"12\";s:10:\"sitename_v\";s:0:\"\";s:10:\"sitename_w\";s:5:\"283px\";s:10:\"sitename_x\";s:4:\"77px\";s:10:\"sitename_y\";s:5:\"133px\";s:6:\"year_b\";i:0;s:6:\"year_h\";s:4:\"20px\";s:6:\"year_i\";i:0;s:6:\"year_l\";s:3:\"0px\";s:6:\"year_s\";s:2:\"12\";s:6:\"year_v\";s:0:\"\";s:6:\"year_w\";s:4:\"34px\";s:6:\"year_x\";s:5:\"220px\";s:6:\"year_y\";s:4:\"79px\";s:10:\"zipcode2_b\";i:0;s:10:\"zipcode2_h\";s:4:\"20px\";s:10:\"zipcode2_i\";i:0;s:10:\"zipcode2_l\";s:3:\"0px\";s:10:\"zipcode2_s\";s:2:\"12\";s:10:\"zipcode2_v\";s:0:\"\";s:10:\"zipcode2_w\";s:5:\"121px\";s:10:\"zipcode2_x\";s:5:\"624px\";s:10:\"zipcode2_y\";s:5:\"229px\";}'), ('18', '申通快递', '##img_domain##/image/other/shipping/2014-06/20140624112218_14967.jpg', '0', '0', '120', '120', 'a:9:{s:10:\"address2_b\";i:0;s:10:\"address2_h\";s:4:\"20px\";s:10:\"address2_i\";i:0;s:10:\"address2_l\";i:0;s:10:\"address2_s\";s:2:\"12\";s:10:\"address2_v\";s:0:\"\";s:10:\"address2_w\";s:5:\"190px\";s:10:\"address2_x\";s:5:\"487px\";s:10:\"address2_y\";s:5:\"124px\";}');
COMMIT;

-- ----------------------------
--  Table structure for `tp_shopping_cart`
-- ----------------------------
DROP TABLE IF EXISTS `tp_shopping_cart`;
CREATE TABLE `tp_shopping_cart` (
  `shopping_cart_id` int(11) NOT NULL AUTO_INCREMENT COMMENT '自增主键',
  `user_id` int(11) NOT NULL DEFAULT '0' COMMENT '用户ID，0表示未登录用户',
  `merchant_id` int(10) unsigned NOT NULL DEFAULT '0' COMMENT '商家ID',
  `item_id` int(11) NOT NULL DEFAULT '0' COMMENT '商品ID',
  `mall_price` decimal(10,2) DEFAULT '0.00' COMMENT '本店价',
  `real_price` decimal(10,2) NOT NULL DEFAULT '0.00' COMMENT '实际支付价格',
  `total_price` decimal(10,2) NOT NULL DEFAULT '0.00' COMMENT '单品优惠后总价',
  `item_sku_price_id` int(11) NOT NULL DEFAULT '0' COMMENT '商品SKU价格关联表ID，若商品有SKU，则为ID值，否则为0',
  `number` int(11) NOT NULL DEFAULT '0' COMMENT '购买数量',
  `unit` varchar(8) NOT NULL DEFAULT '' COMMENT '单位',
  `item_name` varchar(64) NOT NULL DEFAULT '' COMMENT '商品名称',
  `property` varchar(32) NOT NULL DEFAULT '' COMMENT '规格属性值',
  `small_pic` varchar(128) NOT NULL DEFAULT '' COMMENT '商品小图',
  `addtime` int(11) NOT NULL DEFAULT '0' COMMENT '添加时间',
  `integral_num` decimal(10,2) NOT NULL DEFAULT '0.00' COMMENT '可抵扣积分',
  `item_package_id` int(11) NOT NULL DEFAULT '0' COMMENT '套餐商品ID',
  `is_integral` tinyint(4) NOT NULL DEFAULT '0' COMMENT '是否积分全额兑换商品，0否，1是',
  PRIMARY KEY (`shopping_cart_id`)
) ENGINE=MyISAM DEFAULT CHARSET=utf8 COMMENT='购物车表';

-- ----------------------------
--  Table structure for `tp_sms_log`
-- ----------------------------
DROP TABLE IF EXISTS `tp_sms_log`;
CREATE TABLE `tp_sms_log` (
  `sms_log_id` int(11) NOT NULL AUTO_INCREMENT COMMENT '自增主键',
  `send_mobile_list` text COMMENT '发送手机号列表，英文逗号隔开',
  `send_text` varchar(255) NOT NULL DEFAULT '' COMMENT '发送内容',
  `sms_send_time` int(11) NOT NULL DEFAULT '0' COMMENT '短信发送时间',
  `sms_send_state` tinyint(4) NOT NULL DEFAULT '0' COMMENT '发送状态，1成功，0失败',
  PRIMARY KEY (`sms_log_id`)
) ENGINE=MyISAM AUTO_INCREMENT=11 DEFAULT CHARSET=utf8 COMMENT='短信发送日志表';

-- ----------------------------
--  Records of `tp_sms_log`
-- ----------------------------
BEGIN;
INSERT INTO `tp_sms_log` VALUES ('1', '13627242235', '验证码为【149423】', '1473506498', '-1'), ('2', '18758178124', '验证码为【392076】', '1473506538', '-1'), ('3', '13627242235', '验证码为【879310】', '1473523947', '-1'), ('4', '18758178124', '验证码为【833490】', '1473523994', '-1'), ('5', '18758178124', '验证码为【908713】', '1473524125', '-1'), ('6', '18758178124', '验证码为【954316】', '1473525536', '-1'), ('7', '13627242235', '验证码为【460308】', '1473525616', '-1'), ('8', '13026167727', '验证码为【711872】', '1473526292', '-1'), ('9', '13627242235', '验证码为【616208】', '1473555095', '-1'), ('10', '18758178124', '验证码为【598030】', '1473555590', '1');
COMMIT;

-- ----------------------------
--  Table structure for `tp_sms_set`
-- ----------------------------
DROP TABLE IF EXISTS `tp_sms_set`;
CREATE TABLE `tp_sms_set` (
  `sms_set_id` int(11) NOT NULL AUTO_INCREMENT COMMENT '自增主键',
  `send_name` varchar(32) NOT NULL DEFAULT '' COMMENT '发送标记，英文唯一',
  `state` tinyint(4) NOT NULL DEFAULT '0' COMMENT '是否使用，1是，0否',
  `to_admin` tinyint(4) NOT NULL DEFAULT '0' COMMENT '是否抄送管理员，是1，否0，默认0',
  `sms_text` varchar(255) NOT NULL DEFAULT '' COMMENT '短信内容',
  `default_sms_text` varchar(255) NOT NULL COMMENT '短信内容的系统默认模板',
  PRIMARY KEY (`sms_set_id`)
) ENGINE=MyISAM AUTO_INCREMENT=10 DEFAULT CHARSET=utf8;

-- ----------------------------
--  Records of `tp_sms_set`
-- ----------------------------
BEGIN;
INSERT INTO `tp_sms_set` VALUES ('1', 'order_create', '1', '0', '感谢您的购物，订单已生成，订单号:#order_id#，订单额：#price#。', '感谢您的购物，订单已生成，订单号:#order_id#，订单额：#price#。'), ('2', 'order_check', '0', '0', '您购买的商品已被管理员确认，正在处理中。订单号：#order_id#', '您购买的商品已被管理员确认，正在处理中。订单号：#order_id#'), ('3', 'order_pay', '0', '0', '已经收到您的订单款项，订单号为：#order_id#，付款金额：#price#。', '已经收到您的订单款项，订单号为：#order_id#，付款金额：#price#。'), ('4', 'order_ship', '1', '0', '您购买的商品已发出，请注意查收。订单号：#order_id#，物流方式：#shipping#，单号：#code#啊啊', '您购买的商品已发出，请注意查收。订单号：#order_id#，物流方式：#shipping#，单号：#code#'), ('6', 'set_psw', '1', '0', '您好，您的验证码为#randval#。啊啊', '您的验证码为#randval#。'), ('7', 'admin_login', '0', '0', '管理员#admin#于#time#，登陆商城。IP为#ip#', '管理员#admin#于#time#，登陆商城。IP为#ip#'), ('8', 'user_reg', '0', '0', '欢迎成为#shop_name#会员啊。', ''), ('9', 'verify_code', '1', '0', '', '验证码为【#verify_code#】');
COMMIT;

-- ----------------------------
--  Table structure for `tp_sort`
-- ----------------------------
DROP TABLE IF EXISTS `tp_sort`;
CREATE TABLE `tp_sort` (
  `sort_id` smallint(5) unsigned NOT NULL AUTO_INCREMENT,
  `class_id` smallint(5) unsigned NOT NULL DEFAULT '0' COMMENT '一级分类ID',
  `sort_name` varchar(16) COLLATE utf8_unicode_ci NOT NULL DEFAULT '' COMMENT '二级分类名称',
  `sort_tag` varchar(16) COLLATE utf8_unicode_ci NOT NULL DEFAULT '' COMMENT '分类标签',
  `serial` tinyint(3) unsigned NOT NULL DEFAULT '0' COMMENT '排序号',
  `isuse` tinyint(3) unsigned NOT NULL DEFAULT '0' COMMENT '是否有效，1有效，0无效',
  `is_index` tinyint(4) NOT NULL DEFAULT '0' COMMENT '是否在首页显示，0否，1是',
  `is_first_order` tinyint(4) NOT NULL DEFAULT '0' COMMENT '是否在快速订单显示，0否，1是',
  PRIMARY KEY (`sort_id`)
) ENGINE=MyISAM AUTO_INCREMENT=6 DEFAULT CHARSET=utf8 COLLATE=utf8_unicode_ci COMMENT='商品二级分类表';

-- ----------------------------
--  Records of `tp_sort`
-- ----------------------------
BEGIN;
INSERT INTO `tp_sort` VALUES ('5', '1', '土豪达人', '', '0', '1', '0', '0'), ('2', '2', ' 人气达人', '', '1', '1', '0', '0'), ('3', '3', '单品达人', '', '2', '1', '0', '0'), ('4', '4', '最受欢迎', '', '3', '1', '0', '0');
COMMIT;

-- ----------------------------
--  Table structure for `tp_street`
-- ----------------------------
DROP TABLE IF EXISTS `tp_street`;
CREATE TABLE `tp_street` (
  `street_id` smallint(5) unsigned NOT NULL AUTO_INCREMENT,
  `street_name` varchar(16) COLLATE utf8_unicode_ci NOT NULL DEFAULT '' COMMENT '街道名称',
  `class_tag` varchar(16) COLLATE utf8_unicode_ci NOT NULL DEFAULT '',
  `serial` tinyint(3) unsigned NOT NULL DEFAULT '0' COMMENT '排序号',
  `isuse` tinyint(3) unsigned NOT NULL DEFAULT '0' COMMENT '是否有效，1有效，0无效',
  `province_id` int(10) unsigned NOT NULL DEFAULT '330000' COMMENT '省份ID',
  `city_id` int(10) unsigned NOT NULL DEFAULT '330300' COMMENT '城市ID',
  `area_id` int(10) unsigned NOT NULL DEFAULT '330382' COMMENT '地区ID',
  PRIMARY KEY (`street_id`)
) ENGINE=MyISAM AUTO_INCREMENT=3 DEFAULT CHARSET=utf8 COLLATE=utf8_unicode_ci COMMENT='街道表';

-- ----------------------------
--  Table structure for `tp_team`
-- ----------------------------
DROP TABLE IF EXISTS `tp_team`;
CREATE TABLE `tp_team` (
  `team_id` int(8) NOT NULL AUTO_INCREMENT COMMENT '自增主键',
  `team_name` varchar(32) NOT NULL DEFAULT '' COMMENT '队伍名称',
  `team_logo` varchar(128) NOT NULL DEFAULT '' COMMENT '队伍logo',
  `team_desc` text NOT NULL COMMENT '描述',
  `serial` tinyint(4) NOT NULL DEFAULT '0' COMMENT '排序号',
  `isuse` tinyint(4) NOT NULL DEFAULT '0' COMMENT '是否启用，1启用，0关闭',
  PRIMARY KEY (`team_id`)
) ENGINE=MyISAM AUTO_INCREMENT=8 DEFAULT CHARSET=utf8 COMMENT='队伍表';

-- ----------------------------
--  Records of `tp_team`
-- ----------------------------
BEGIN;
INSERT INTO `tp_team` VALUES ('1', '冷暖自知', '/Uploads/image/article/thumb/2016-09/20160911144135_59677.jpg', '天天向上', '0', '1'), ('2', '魂斗罗', '/Uploads/image/article/thumb/2016-09/20160911144148_39562.jpg', '虚拟视界', '1', '1'), ('3', '坦克大战', '/Uploads/image/article/thumb/2016-09/20160911144208_53517.jpg', '一分一秒', '2', '1'), ('4', '敢死队', '/Uploads/image/article/thumb/2016-09/20160911144222_80956.jpg', '不怕死', '3', '1'), ('5', '先锋队', '/Uploads/image/article/thumb/2016-09/20160911144238_16312.jpg', '有本事就单挑', '4', '1'), ('6', '创新队', '/Uploads/image/article/thumb/2016-09/20160911144253_35402.jpg', '吃撒成说', '5', '1'), ('7', '海盗队', '/Uploads/image/article/thumb/2016-09/20160911144324_29416.jpg', '明确了拒载、议价、途中甩客或者故意绕道行驶的；未经乘客同意搭载其他乘客的；', '6', '1');
COMMIT;

-- ----------------------------
--  Table structure for `tp_ticket`
-- ----------------------------
DROP TABLE IF EXISTS `tp_ticket`;
CREATE TABLE `tp_ticket` (
  `ticket_id` int(11) NOT NULL AUTO_INCREMENT COMMENT '自增主键',
  `user_id` int(11) NOT NULL DEFAULT '0' COMMENT '用户ID',
  `voucher_code` varchar(128) NOT NULL DEFAULT '' COMMENT '券号码',
  `value` decimal(10,2) NOT NULL DEFAULT '0.00' COMMENT '价值',
  `is_reuse` tinyint(4) NOT NULL DEFAULT '0' COMMENT '是否储值',
  `period_of_validity` int(11) NOT NULL DEFAULT '0' COMMENT '有效期',
  `used_money` decimal(10,2) NOT NULL DEFAULT '0.00' COMMENT '已经使用金额',
  `addtime` int(11) NOT NULL DEFAULT '0' COMMENT '记录生成时间',
  `status` tinyint(4) NOT NULL DEFAULT '0' COMMENT '券状态，0未开通 2正常 3已使用 4已作废  注：只有2状态可以使用',
  `isuse` tinyint(4) NOT NULL DEFAULT '0' COMMENT '是否有效',
  `is_only_show` tinyint(4) NOT NULL DEFAULT '0' COMMENT '是否展示',
  `card_code` varchar(32) NOT NULL DEFAULT '0' COMMENT '支付卡号',
  `ticket_list_id` int(11) NOT NULL DEFAULT '0' COMMENT '代金券表ID',
  `type` tinyint(4) NOT NULL DEFAULT '0' COMMENT '是否是代金券1是， 0否',
  `member_card_code` int(11) NOT NULL DEFAULT '0' COMMENT '会员卡号',
  PRIMARY KEY (`ticket_id`)
) ENGINE=MyISAM DEFAULT CHARSET=utf8 COMMENT='券表';

-- ----------------------------
--  Table structure for `tp_ticket_list`
-- ----------------------------
DROP TABLE IF EXISTS `tp_ticket_list`;
CREATE TABLE `tp_ticket_list` (
  `ticket_list_id` int(11) NOT NULL AUTO_INCREMENT COMMENT '自增主键',
  `value` decimal(10,2) NOT NULL DEFAULT '0.00' COMMENT '面值',
  `start_time` int(11) NOT NULL DEFAULT '0' COMMENT '开始时间',
  `end_time` int(11) NOT NULL DEFAULT '0' COMMENT '截止时间',
  `addtime` int(11) NOT NULL DEFAULT '0' COMMENT '记录生成时间',
  `status` tinyint(4) NOT NULL DEFAULT '0' COMMENT '券状态，0未开通 2正常 3已使用 4已作废  注：只有2状态可以使用',
  `isuse` tinyint(4) NOT NULL DEFAULT '0' COMMENT '是否有效',
  `usage` tinyint(4) NOT NULL DEFAULT '0' COMMENT '用途：1，线上使用,2 线下使用，3 线上线下通用',
  `type` tinyint(4) NOT NULL DEFAULT '0' COMMENT '券类型: 1代金券,2抵用券3满减券',
  `desc` varchar(255) NOT NULL DEFAULT '' COMMENT '券描述',
  `rule` varchar(255) NOT NULL DEFAULT '' COMMENT '券规则',
  `tick_name` varchar(128) NOT NULL DEFAULT '' COMMENT '券名称',
  `num` int(8) NOT NULL DEFAULT '0' COMMENT ' 券数量',
  `categorycode` varchar(64) NOT NULL DEFAULT '' COMMENT '分类编码',
  PRIMARY KEY (`ticket_list_id`)
) ENGINE=MyISAM DEFAULT CHARSET=utf8 COMMENT='券表';

-- ----------------------------
--  Table structure for `tp_trading_area`
-- ----------------------------
DROP TABLE IF EXISTS `tp_trading_area`;
CREATE TABLE `tp_trading_area` (
  `trading_area_id` int(10) unsigned NOT NULL AUTO_INCREMENT COMMENT '自增主键',
  `trading_area_name` varchar(16) NOT NULL DEFAULT '' COMMENT '商圈名称',
  `trading_area_desc` varchar(255) NOT NULL DEFAULT '' COMMENT '商圈简介',
  `serial` tinyint(3) unsigned NOT NULL DEFAULT '0' COMMENT '排序号',
  `addtime` int(10) unsigned NOT NULL DEFAULT '0' COMMENT '添加时间',
  `province_id` mediumint(8) unsigned NOT NULL DEFAULT '330000' COMMENT '省份ID',
  `city_id` mediumint(8) unsigned NOT NULL DEFAULT '330300' COMMENT '城市ID',
  `area_id` mediumint(8) unsigned NOT NULL DEFAULT '330382' COMMENT '区/县ID',
  PRIMARY KEY (`trading_area_id`),
  KEY `city_id` (`city_id`),
  KEY `area_id` (`area_id`)
) ENGINE=MyISAM AUTO_INCREMENT=5 DEFAULT CHARSET=utf8 COMMENT='商圈表';

-- ----------------------------
--  Records of `tp_trading_area`
-- ----------------------------
BEGIN;
INSERT INTO `tp_trading_area` VALUES ('1', '银泰百货', '银泰百货', '0', '1410000000', '330000', '330300', '330382'), ('2', '万达广场', '万达广场', '0', '1410000000', '330000', '330300', '330382'), ('3', '大学城', '大学城', '0', '1410000000', '330000', '330300', '330382'), ('4', '垃圾街', '垃圾街', '0', '1410000000', '330000', '330300', '330382');
COMMIT;

-- ----------------------------
--  Table structure for `tp_treasure`
-- ----------------------------
DROP TABLE IF EXISTS `tp_treasure`;
CREATE TABLE `tp_treasure` (
  `treasure_id` int(8) NOT NULL AUTO_INCREMENT COMMENT '自增主键',
  `prize_id` int(11) NOT NULL DEFAULT '0' COMMENT '奖品',
  `start_time` int(11) NOT NULL DEFAULT '0' COMMENT '开始时间',
  `end_time` int(11) NOT NULL DEFAULT '0' COMMENT '结束时间',
  `total_person_times` int(6) NOT NULL DEFAULT '0' COMMENT '总需人次',
  `periods` int(8) NOT NULL DEFAULT '0' COMMENT '期数',
  `each_person_times` smallint(6) NOT NULL DEFAULT '0' COMMENT '每人每天购买限额',
  `addtime` int(11) NOT NULL DEFAULT '0',
  `serial` tinyint(4) NOT NULL DEFAULT '0' COMMENT '排序号',
  `isuse` tinyint(4) NOT NULL DEFAULT '0' COMMENT '是否启用，1启用，0关闭',
  `is_open` tinyint(4) NOT NULL DEFAULT '0' COMMENT '是否已开奖',
  `draw_lottery` int(5) NOT NULL COMMENT '老时时彩开奖号码',
  `lottery` int(5) NOT NULL COMMENT '夺宝中奖号码',
  `lottery_periods` varchar(32) NOT NULL DEFAULT '' COMMENT '时时彩中奖期数',
  `open_user_id` int(11) NOT NULL DEFAULT '0' COMMENT '开奖者的id',
  `open_time` int(11) NOT NULL COMMENT '开奖时间',
  `id_json_str` text NOT NULL COMMENT '所有id 数据 json',
  PRIMARY KEY (`treasure_id`)
) ENGINE=MyISAM AUTO_INCREMENT=13 DEFAULT CHARSET=utf8 COMMENT='宝贝表';

-- ----------------------------
--  Records of `tp_treasure`
-- ----------------------------
BEGIN;
INSERT INTO `tp_treasure` VALUES ('1', '1', '1473497384', '1474534186', '10', '2', '10', '1473497968', '0', '2', '0', '0', '0', '', '0', '0', '[1,2,3,4,5,6,7,8,9,10]'), ('2', '1', '1473670826', '1475226028', '200', '1', '4', '1473498067', '0', '1', '0', '0', '0', '', '0', '0', '[1,2,3,4,5,6,7,8,9,10,11,12,13,14,15,16,17,18,19,20,21,22,23,24,25,26,27,28,29,30,31,32,33,34,35,36,37,38,39,40,41,42,43,44,45,46,47,48,49,50,51,52,53,54,55,56,57,58,59,60,61,62,63,64,65,66,67,68,69,70,71,72,73,74,75,76,77,78,79,80,81,82,83,84,85,86,87,88,89,90,91,92,93,94,95,96,97,98,99,100,101,102,103,104,105,106,107,108,109,110,111,112,113,114,115,116,117,118,119,120,121,122,123,124,125,126,127,128,129,130,131,132,133,134,135,136,137,138,139,140,141,142,143,144,145,146,147,148,149,150,151,152,153,154,155,156,157,158,159,160,161,162,163,164,165,166,167,168,169,170,171,172,173,174,175,176,177,178,179,180,181,182,183,184,185,186,187,188,189,190,191,192,193,194,195,196,197,198,199,200]'), ('3', '4', '1473498097', '1475917306', '30', '2', '3', '1473498132', '1', '1', '0', '0', '0', '', '0', '0', '[1,2,3,4,5,6,7,8,9,10,11,12,13,14,15,16,17,18,19,20,21,22,23,24,25,26,27,28,29,30]'), ('4', '5', '1473584534', '1476954139', '300', '3', '5', '1473498164', '2', '1', '0', '0', '0', '', '0', '0', '[1,2,3,4,5,6,7,8,9,10,11,12,13,14,15,16,17,18,19,20,21,22,23,24,25,26,27,28,29,30,31,32,33,34,35,36,37,38,39,40,41,42,43,44,45,46,47,48,49,50,51,52,53,54,55,56,57,58,59,60,61,62,63,64,65,66,67,68,69,70,71,72,73,74,75,76,77,78,79,80,81,82,83,84,85,86,87,88,89,90,91,92,93,94,95,96,97,98,99,100,101,102,103,104,105,106,107,108,109,110,111,112,113,114,115,116,117,118,119,120,121,122,123,124,125,126,127,128,129,130,131,132,133,134,135,136,137,138,139,140,141,142,143,144,145,146,147,148,149,150,151,152,153,154,155,156,157,158,159,160,161,162,163,164,165,166,167,168,169,170,171,172,173,174,175,176,177,178,179,180,181,182,183,184,185,186,187,188,189,190,191,192,193,194,195,196,197,198,199,200,201,202,203,204,205,206,207,208,209,210,211,212,213,214,215,216,217,218,219,220,221,222,223,224,225,226,227,228,229,230,231,232,233,234,235,236,237,238,239,240,241,242,243,244,245,246,247,248,249,250,251,252,253,254,255,256,257,258,259,260,261,262,263,264,265,266,267,268,269,270,271,272,273,274,275,276,277,278,279,280,281,282,283,284,285,286,287,288,289,290,291,292,293,294,295,296,297,298,299,300]'), ('5', '6', '1473498166', '1475917370', '280', '4', '6', '1473498218', '5', '1', '0', '0', '0', '', '0', '0', '[250,199,104,227,139,165,209,35,267,179,163,265,11,89,132,4,45,205,187,217,71,63,220,73,184,142,144,191,90,236,6,261,154,94,59,186,24,206,222,272,219,212,15,1,54,3,255,246,232,14,130,168,243,134,264,210,58,42,103,60,114,22,175,76,31,97,167,20,253,152,91,145,274,80,270,214,126,125,271,69,2,95,141,160,16,106,280,28,70,21,92,46,224,221,226,49,43,99,96,34,201,93,36,44,239,251,116,258,203,193,48,148,189,235,112,223,198,135,122,277,137,56,202,234,178,262,200,78,85,25,118,101,268,81,129,176,153,75,181,17,162,207,10,143,13,228,233,77,237,19,98,108,177,173,119,9,161,72,275,67,68,133,50,110,83,278,169,62,218,196,66,263,230,150,256,244,171,208,64,136,127,174,260,238,188,159,82,131,273,245,79,155,29,30,87,124,231,249,47,84,147,194,61,180,23,215,109,117,183,111,33,123,247,55,100,53,192,211,41,197,248,105,204,52,128,279,158,26,241,5,38,259,229,12,146,121,7,18,37,32,40,65,172,252,157,86,51,182,240,88,166,57,225,185,120,140,242,195,27,190,170,156,113,74,164,257,269,149,216,102,107,115,276,39,213,151,138]'), ('6', '8', '1473498222', '1475917425', '444', '9', '1', '1473498261', '4', '1', '0', '0', '0', '', '0', '0', '[1,2,3,4,5,6,7,8,9,10,11,12,13,14,15,16,17,18,19,20,21,22,23,24,25,26,27,28,29,30,31,32,33,34,35,36,37,38,39,40,41,42,43,44,45,46,47,48,49,50,51,52,53,54,55,56,57,58,59,60,61,62,63,64,65,66,67,68,69,70,71,72,73,74,75,76,77,78,79,80,81,82,83,84,85,86,87,88,89,90,91,92,93,94,95,96,97,98,99,100,101,102,103,104,105,106,107,108,109,110,111,112,113,114,115,116,117,118,119,120,121,122,123,124,125,126,127,128,129,130,131,132,133,134,135,136,137,138,139,140,141,142,143,144,145,146,147,148,149,150,151,152,153,154,155,156,157,158,159,160,161,162,163,164,165,166,167,168,169,170,171,172,173,174,175,176,177,178,179,180,181,182,183,184,185,186,187,188,189,190,191,192,193,194,195,196,197,198,199,200,201,202,203,204,205,206,207,208,209,210,211,212,213,214,215,216,217,218,219,220,221,222,223,224,225,226,227,228,229,230,231,232,233,234,235,236,237,238,239,240,241,242,243,244,245,246,247,248,249,250,251,252,253,254,255,256,257,258,259,260,261,262,263,264,265,266,267,268,269,270,271,272,273,274,275,276,277,278,279,280,281,282,283,284,285,286,287,288,289,290,291,292,293,294,295,296,297,298,299,300,301,302,303,304,305,306,307,308,309,310,311,312,313,314,315,316,317,318,319,320,321,322,323,324,325,326,327,328,329,330,331,332,333,334,335,336,337,338,339,340,341,342,343,344,345,346,347,348,349,350,351,352,353,354,355,356,357,358,359,360,361,362,363,364,365,366,367,368,369,370,371,372,373,374,375,376,377,378,379,380,381,382,383,384,385,386,387,388,389,390,391,392,393,394,395,396,397,398,399,400,401,402,403,404,405,406,407,408,409,410,411,412,413,414,415,416,417,418,419,420,421,422,423,424,425,426,427,428,429,430,431,432,433,434,435,436,437,438,439,440,441,442,443,444]'), ('7', '8', '1473498311', '1475917514', '100', '6', '1', '1473498337', '3', '1', '0', '0', '0', '', '0', '0', '[1,2,3,4,5,6,7,8,9,10,11,12,13,14,15,16,17,18,19,20,21,22,23,24,25,26,27,28,29,30,31,32,33,34,35,36,37,38,39,40,41,42,43,44,45,46,47,48,49,50,51,52,53,54,55,56,57,58,59,60,61,62,63,64,65,66,67,68,69,70,71,72,73,74,75,76,77,78,79,80,81,82,83,84,85,86,87,88,89,90,91,92,93,94,95,96,97,98,99,100]'), ('8', '7', '1473498370', '1477472763', '230', '5', '1', '1473498385', '7', '1', '0', '0', '0', '', '0', '0', '[1,2,3,4,5,6,7,8,9,10,11,12,13,14,15,16,17,18,19,20,21,22,23,24,25,26,27,28,29,30,31,32,33,34,35,36,37,38,39,40,41,42,43,44,45,46,47,48,49,50,51,52,53,54,55,56,57,58,59,60,61,62,63,64,65,66,67,68,69,70,71,72,73,74,75,76,77,78,79,80,81,82,83,84,85,86,87,88,89,90,91,92,93,94,95,96,97,98,99,100,101,102,103,104,105,106,107,108,109,110,111,112,113,114,115,116,117,118,119,120,121,122,123,124,125,126,127,128,129,130,131,132,133,134,135,136,137,138,139,140,141,142,143,144,145,146,147,148,149,150,151,152,153,154,155,156,157,158,159,160,161,162,163,164,165,166,167,168,169,170,171,172,173,174,175,176,177,178,179,180,181,182,183,184,185,186,187,188,189,190,191,192,193,194,195,196,197,198,199,200,201,202,203,204,205,206,207,208,209,210,211,212,213,214,215,216,217,218,219,220,221,222,223,224,225,226,227,228,229,230]'), ('9', '10', '1473411988', '1476954392', '800', '7', '1', '1473498446', '8', '1', '0', '0', '0', '', '0', '0', '[1,2,3,4,5,6,7,8,9,10,11,12,13,14,15,16,17,18,19,20,21,22,23,24,25,26,27,28,29,30,31,32,33,34,35,36,37,38,39,40,41,42,43,44,45,46,47,48,49,50,51,52,53,54,55,56,57,58,59,60,61,62,63,64,65,66,67,68,69,70,71,72,73,74,75,76,77,78,79,80,81,82,83,84,85,86,87,88,89,90,91,92,93,94,95,96,97,98,99,100,101,102,103,104,105,106,107,108,109,110,111,112,113,114,115,116,117,118,119,120,121,122,123,124,125,126,127,128,129,130,131,132,133,134,135,136,137,138,139,140,141,142,143,144,145,146,147,148,149,150,151,152,153,154,155,156,157,158,159,160,161,162,163,164,165,166,167,168,169,170,171,172,173,174,175,176,177,178,179,180,181,182,183,184,185,186,187,188,189,190,191,192,193,194,195,196,197,198,199,200,201,202,203,204,205,206,207,208,209,210,211,212,213,214,215,216,217,218,219,220,221,222,223,224,225,226,227,228,229,230,231,232,233,234,235,236,237,238,239,240,241,242,243,244,245,246,247,248,249,250,251,252,253,254,255,256,257,258,259,260,261,262,263,264,265,266,267,268,269,270,271,272,273,274,275,276,277,278,279,280,281,282,283,284,285,286,287,288,289,290,291,292,293,294,295,296,297,298,299,300,301,302,303,304,305,306,307,308,309,310,311,312,313,314,315,316,317,318,319,320,321,322,323,324,325,326,327,328,329,330,331,332,333,334,335,336,337,338,339,340,341,342,343,344,345,346,347,348,349,350,351,352,353,354,355,356,357,358,359,360,361,362,363,364,365,366,367,368,369,370,371,372,373,374,375,376,377,378,379,380,381,382,383,384,385,386,387,388,389,390,391,392,393,394,395,396,397,398,399,400,401,402,403,404,405,406,407,408,409,410,411,412,413,414,415,416,417,418,419,420,421,422,423,424,425,426,427,428,429,430,431,432,433,434,435,436,437,438,439,440,441,442,443,444,445,446,447,448,449,450,451,452,453,454,455,456,457,458,459,460,461,462,463,464,465,466,467,468,469,470,471,472,473,474,475,476,477,478,479,480,481,482,483,484,485,486,487,488,489,490,491,492,493,494,495,496,497,498,499,500,501,502,503,504,505,506,507,508,509,510,511,512,513,514,515,516,517,518,519,520,521,522,523,524,525,526,527,528,529,530,531,532,533,534,535,536,537,538,539,540,541,542,543,544,545,546,547,548,549,550,551,552,553,554,555,556,557,558,559,560,561,562,563,564,565,566,567,568,569,570,571,572,573,574,575,576,577,578,579,580,581,582,583,584,585,586,587,588,589,590,591,592,593,594,595,596,597,598,599,600,601,602,603,604,605,606,607,608,609,610,611,612,613,614,615,616,617,618,619,620,621,622,623,624,625,626,627,628,629,630,631,632,633,634,635,636,637,638,639,640,641,642,643,644,645,646,647,648,649,650,651,652,653,654,655,656,657,658,659,660,661,662,663,664,665,666,667,668,669,670,671,672,673,674,675,676,677,678,679,680,681,682,683,684,685,686,687,688,689,690,691,692,693,694,695,696,697,698,699,700,701,702,703,704,705,706,707,708,709,710,711,712,713,714,715,716,717,718,719,720,721,722,723,724,725,726,727,728,729,730,731,732,733,734,735,736,737,738,739,740,741,742,743,744,745,746,747,748,749,750,751,752,753,754,755,756,757,758,759,760,761,762,763,764,765,766,767,768,769,770,771,772,773,774,775,776,777,778,779,780,781,782,783,784,785,786,787,788,789,790,791,792,793,794,795,796,797,798,799,800]'), ('10', '12', '1473671254', '1480928857', '4000', '8', '1', '1473498488', '6', '1', '0', '0', '0', '', '0', '0', '[1,2,3,4,5,6,7,8,9,10,11,12,13,14,15,16,17,18,19,20,21,22,23,24,25,26,27,28,29,30,31,32,33,34,35,36,37,38,39,40,41,42,43,44,45,46,47,48,49,50,51,52,53,54,55,56,57,58,59,60,61,62,63,64,65,66,67,68,69,70,71,72,73,74,75,76,77,78,79,80,81,82,83,84,85,86,87,88,89,90,91,92,93,94,95,96,97,98,99,100,101,102,103,104,105,106,107,108,109,110,111,112,113,114,115,116,117,118,119,120,121,122,123,124,125,126,127,128,129,130,131,132,133,134,135,136,137,138,139,140,141,142,143,144,145,146,147,148,149,150,151,152,153,154,155,156,157,158,159,160,161,162,163,164,165,166,167,168,169,170,171,172,173,174,175,176,177,178,179,180,181,182,183,184,185,186,187,188,189,190,191,192,193,194,195,196,197,198,199,200,201,202,203,204,205,206,207,208,209,210,211,212,213,214,215,216,217,218,219,220,221,222,223,224,225,226,227,228,229,230,231,232,233,234,235,236,237,238,239,240,241,242,243,244,245,246,247,248,249,250,251,252,253,254,255,256,257,258,259,260,261,262,263,264,265,266,267,268,269,270,271,272,273,274,275,276,277,278,279,280,281,282,283,284,285,286,287,288,289,290,291,292,293,294,295,296,297,298,299,300,301,302,303,304,305,306,307,308,309,310,311,312,313,314,315,316,317,318,319,320,321,322,323,324,325,326,327,328,329,330,331,332,333,334,335,336,337,338,339,340,341,342,343,344,345,346,347,348,349,350,351,352,353,354,355,356,357,358,359,360,361,362,363,364,365,366,367,368,369,370,371,372,373,374,375,376,377,378,379,380,381,382,383,384,385,386,387,388,389,390,391,392,393,394,395,396,397,398,399,400,401,402,403,404,405,406,407,408,409,410,411,412,413,414,415,416,417,418,419,420,421,422,423,424,425,426,427,428,429,430,431,432,433,434,435,436,437,438,439,440,441,442,443,444,445,446,447,448,449,450,451,452,453,454,455,456,457,458,459,460,461,462,463,464,465,466,467,468,469,470,471,472,473,474,475,476,477,478,479,480,481,482,483,484,485,486,487,488,489,490,491,492,493,494,495,496,497,498,499,500,501,502,503,504,505,506,507,508,509,510,511,512,513,514,515,516,517,518,519,520,521,522,523,524,525,526,527,528,529,530,531,532,533,534,535,536,537,538,539,540,541,542,543,544,545,546,547,548,549,550,551,552,553,554,555,556,557,558,559,560,561,562,563,564,565,566,567,568,569,570,571,572,573,574,575,576,577,578,579,580,581,582,583,584,585,586,587,588,589,590,591,592,593,594,595,596,597,598,599,600,601,602,603,604,605,606,607,608,609,610,611,612,613,614,615,616,617,618,619,620,621,622,623,624,625,626,627,628,629,630,631,632,633,634,635,636,637,638,639,640,641,642,643,644,645,646,647,648,649,650,651,652,653,654,655,656,657,658,659,660,661,662,663,664,665,666,667,668,669,670,671,672,673,674,675,676,677,678,679,680,681,682,683,684,685,686,687,688,689,690,691,692,693,694,695,696,697,698,699,700,701,702,703,704,705,706,707,708,709,710,711,712,713,714,715,716,717,718,719,720,721,722,723,724,725,726,727,728,729,730,731,732,733,734,735,736,737,738,739,740,741,742,743,744,745,746,747,748,749,750,751,752,753,754,755,756,757,758,759,760,761,762,763,764,765,766,767,768,769,770,771,772,773,774,775,776,777,778,779,780,781,782,783,784,785,786,787,788,789,790,791,792,793,794,795,796,797,798,799,800,801,802,803,804,805,806,807,808,809,810,811,812,813,814,815,816,817,818,819,820,821,822,823,824,825,826,827,828,829,830,831,832,833,834,835,836,837,838,839,840,841,842,843,844,845,846,847,848,849,850,851,852,853,854,855,856,857,858,859,860,861,862,863,864,865,866,867,868,869,870,871,872,873,874,875,876,877,878,879,880,881,882,883,884,885,886,887,888,889,890,891,892,893,894,895,896,897,898,899,900,901,902,903,904,905,906,907,908,909,910,911,912,913,914,915,916,917,918,919,920,921,922,923,924,925,926,927,928,929,930,931,932,933,934,935,936,937,938,939,940,941,942,943,944,945,946,947,948,949,950,951,952,953,954,955,956,957,958,959,960,961,962,963,964,965,966,967,968,969,970,971,972,973,974,975,976,977,978,979,980,981,982,983,984,985,986,987,988,989,990,991,992,993,994,995,996,997,998,999,1000,1001,1002,1003,1004,1005,1006,1007,1008,1009,1010,1011,1012,1013,1014,1015,1016,1017,1018,1019,1020,1021,1022,1023,1024,1025,1026,1027,1028,1029,1030,1031,1032,1033,1034,1035,1036,1037,1038,1039,1040,1041,1042,1043,1044,1045,1046,1047,1048,1049,1050,1051,1052,1053,1054,1055,1056,1057,1058,1059,1060,1061,1062,1063,1064,1065,1066,1067,1068,1069,1070,1071,1072,1073,1074,1075,1076,1077,1078,1079,1080,1081,1082,1083,1084,1085,1086,1087,1088,1089,1090,1091,1092,1093,1094,1095,1096,1097,1098,1099,1100,1101,1102,1103,1104,1105,1106,1107,1108,1109,1110,1111,1112,1113,1114,1115,1116,1117,1118,1119,1120,1121,1122,1123,1124,1125,1126,1127,1128,1129,1130,1131,1132,1133,1134,1135,1136,1137,1138,1139,1140,1141,1142,1143,1144,1145,1146,1147,1148,1149,1150,1151,1152,1153,1154,1155,1156,1157,1158,1159,1160,1161,1162,1163,1164,1165,1166,1167,1168,1169,1170,1171,1172,1173,1174,1175,1176,1177,1178,1179,1180,1181,1182,1183,1184,1185,1186,1187,1188,1189,1190,1191,1192,1193,1194,1195,1196,1197,1198,1199,1200,1201,1202,1203,1204,1205,1206,1207,1208,1209,1210,1211,1212,1213,1214,1215,1216,1217,1218,1219,1220,1221,1222,1223,1224,1225,1226,1227,1228,1229,1230,1231,1232,1233,1234,1235,1236,1237,1238,1239,1240,1241,1242,1243,1244,1245,1246,1247,1248,1249,1250,1251,1252,1253,1254,1255,1256,1257,1258,1259,1260,1261,1262,1263,1264,1265,1266,1267,1268,1269,1270,1271,1272,1273,1274,1275,1276,1277,1278,1279,1280,1281,1282,1283,1284,1285,1286,1287,1288,1289,1290,1291,1292,1293,1294,1295,1296,1297,1298,1299,1300,1301,1302,1303,1304,1305,1306,1307,1308,1309,1310,1311,1312,1313,1314,1315,1316,1317,1318,1319,1320,1321,1322,1323,1324,1325,1326,1327,1328,1329,1330,1331,1332,1333,1334,1335,1336,1337,1338,1339,1340,1341,1342,1343,1344,1345,1346,1347,1348,1349,1350,1351,1352,1353,1354,1355,1356,1357,1358,1359,1360,1361,1362,1363,1364,1365,1366,1367,1368,1369,1370,1371,1372,1373,1374,1375,1376,1377,1378,1379,1380,1381,1382,1383,1384,1385,1386,1387,1388,1389,1390,1391,1392,1393,1394,1395,1396,1397,1398,1399,1400,1401,1402,1403,1404,1405,1406,1407,1408,1409,1410,1411,1412,1413,1414,1415,1416,1417,1418,1419,1420,1421,1422,1423,1424,1425,1426,1427,1428,1429,1430,1431,1432,1433,1434,1435,1436,1437,1438,1439,1440,1441,1442,1443,1444,1445,1446,1447,1448,1449,1450,1451,1452,1453,1454,1455,1456,1457,1458,1459,1460,1461,1462,1463,1464,1465,1466,1467,1468,1469,1470,1471,1472,1473,1474,1475,1476,1477,1478,1479,1480,1481,1482,1483,1484,1485,1486,1487,1488,1489,1490,1491,1492,1493,1494,1495,1496,1497,1498,1499,1500,1501,1502,1503,1504,1505,1506,1507,1508,1509,1510,1511,1512,1513,1514,1515,1516,1517,1518,1519,1520,1521,1522,1523,1524,1525,1526,1527,1528,1529,1530,1531,1532,1533,1534,1535,1536,1537,1538,1539,1540,1541,1542,1543,1544,1545,1546,1547,1548,1549,1550,1551,1552,1553,1554,1555,1556,1557,1558,1559,1560,1561,1562,1563,1564,1565,1566,1567,1568,1569,1570,1571,1572,1573,1574,1575,1576,1577,1578,1579,1580,1581,1582,1583,1584,1585,1586,1587,1588,1589,1590,1591,1592,1593,1594,1595,1596,1597,1598,1599,1600,1601,1602,1603,1604,1605,1606,1607,1608,1609,1610,1611,1612,1613,1614,1615,1616,1617,1618,1619,1620,1621,1622,1623,1624,1625,1626,1627,1628,1629,1630,1631,1632,1633,1634,1635,1636,1637,1638,1639,1640,1641,1642,1643,1644,1645,1646,1647,1648,1649,1650,1651,1652,1653,1654,1655,1656,1657,1658,1659,1660,1661,1662,1663,1664,1665,1666,1667,1668,1669,1670,1671,1672,1673,1674,1675,1676,1677,1678,1679,1680,1681,1682,1683,1684,1685,1686,1687,1688,1689,1690,1691,1692,1693,1694,1695,1696,1697,1698,1699,1700,1701,1702,1703,1704,1705,1706,1707,1708,1709,1710,1711,1712,1713,1714,1715,1716,1717,1718,1719,1720,1721,1722,1723,1724,1725,1726,1727,1728,1729,1730,1731,1732,1733,1734,1735,1736,1737,1738,1739,1740,1741,1742,1743,1744,1745,1746,1747,1748,1749,1750,1751,1752,1753,1754,1755,1756,1757,1758,1759,1760,1761,1762,1763,1764,1765,1766,1767,1768,1769,1770,1771,1772,1773,1774,1775,1776,1777,1778,1779,1780,1781,1782,1783,1784,1785,1786,1787,1788,1789,1790,1791,1792,1793,1794,1795,1796,1797,1798,1799,1800,1801,1802,1803,1804,1805,1806,1807,1808,1809,1810,1811,1812,1813,1814,1815,1816,1817,1818,1819,1820,1821,1822,1823,1824,1825,1826,1827,1828,1829,1830,1831,1832,1833,1834,1835,1836,1837,1838,1839,1840,1841,1842,1843,1844,1845,1846,1847,1848,1849,1850,1851,1852,1853,1854,1855,1856,1857,1858,1859,1860,1861,1862,1863,1864,1865,1866,1867,1868,1869,1870,1871,1872,1873,1874,1875,1876,1877,1878,1879,1880,1881,1882,1883,1884,1885,1886,1887,1888,1889,1890,1891,1892,1893,1894,1895,1896,1897,1898,1899,1900,1901,1902,1903,1904,1905,1906,1907,1908,1909,1910,1911,1912,1913,1914,1915,1916,1917,1918,1919,1920,1921,1922,1923,1924,1925,1926,1927,1928,1929,1930,1931,1932,1933,1934,1935,1936,1937,1938,1939,1940,1941,1942,1943,1944,1945,1946,1947,1948,1949,1950,1951,1952,1953,1954,1955,1956,1957,1958,1959,1960,1961,1962,1963,1964,1965,1966,1967,1968,1969,1970,1971,1972,1973,1974,1975,1976,1977,1978,1979,1980,1981,1982,1983,1984,1985,1986,1987,1988,1989,1990,1991,1992,1993,1994,1995,1996,1997,1998,1999,2000,2001,2002,2003,2004,2005,2006,2007,2008,2009,2010,2011,2012,2013,2014,2015,2016,2017,2018,2019,2020,2021,2022,2023,2024,2025,2026,2027,2028,2029,2030,2031,2032,2033,2034,2035,2036,2037,2038,2039,2040,2041,2042,2043,2044,2045,2046,2047,2048,2049,2050,2051,2052,2053,2054,2055,2056,2057,2058,2059,2060,2061,2062,2063,2064,2065,2066,2067,2068,2069,2070,2071,2072,2073,2074,2075,2076,2077,2078,2079,2080,2081,2082,2083,2084,2085,2086,2087,2088,2089,2090,2091,2092,2093,2094,2095,2096,2097,2098,2099,2100,2101,2102,2103,2104,2105,2106,2107,2108,2109,2110,2111,2112,2113,2114,2115,2116,2117,2118,2119,2120,2121,2122,2123,2124,2125,2126,2127,2128,2129,2130,2131,2132,2133,2134,2135,2136,2137,2138,2139,2140,2141,2142,2143,2144,2145,2146,2147,2148,2149,2150,2151,2152,2153,2154,2155,2156,2157,2158,2159,2160,2161,2162,2163,2164,2165,2166,2167,2168,2169,2170,2171,2172,2173,2174,2175,2176,2177,2178,2179,2180,2181,2182,2183,2184,2185,2186,2187,2188,2189,2190,2191,2192,2193,2194,2195,2196,2197,2198,2199,2200,2201,2202,2203,2204,2205,2206,2207,2208,2209,2210,2211,2212,2213,2214,2215,2216,2217,2218,2219,2220,2221,2222,2223,2224,2225,2226,2227,2228,2229,2230,2231,2232,2233,2234,2235,2236,2237,2238,2239,2240,2241,2242,2243,2244,2245,2246,2247,2248,2249,2250,2251,2252,2253,2254,2255,2256,2257,2258,2259,2260,2261,2262,2263,2264,2265,2266,2267,2268,2269,2270,2271,2272,2273,2274,2275,2276,2277,2278,2279,2280,2281,2282,2283,2284,2285,2286,2287,2288,2289,2290,2291,2292,2293,2294,2295,2296,2297,2298,2299,2300,2301,2302,2303,2304,2305,2306,2307,2308,2309,2310,2311,2312,2313,2314,2315,2316,2317,2318,2319,2320,2321,2322,2323,2324,2325,2326,2327,2328,2329,2330,2331,2332,2333,2334,2335,2336,2337,2338,2339,2340,2341,2342,2343,2344,2345,2346,2347,2348,2349,2350,2351,2352,2353,2354,2355,2356,2357,2358,2359,2360,2361,2362,2363,2364,2365,2366,2367,2368,2369,2370,2371,2372,2373,2374,2375,2376,2377,2378,2379,2380,2381,2382,2383,2384,2385,2386,2387,2388,2389,2390,2391,2392,2393,2394,2395,2396,2397,2398,2399,2400,2401,2402,2403,2404,2405,2406,2407,2408,2409,2410,2411,2412,2413,2414,2415,2416,2417,2418,2419,2420,2421,2422,2423,2424,2425,2426,2427,2428,2429,2430,2431,2432,2433,2434,2435,2436,2437,2438,2439,2440,2441,2442,2443,2444,2445,2446,2447,2448,2449,2450,2451,2452,2453,2454,2455,2456,2457,2458,2459,2460,2461,2462,2463,2464,2465,2466,2467,2468,2469,2470,2471,2472,2473,2474,2475,2476,2477,2478,2479,2480,2481,2482,2483,2484,2485,2486,2487,2488,2489,2490,2491,2492,2493,2494,2495,2496,2497,2498,2499,2500,2501,2502,2503,2504,2505,2506,2507,2508,2509,2510,2511,2512,2513,2514,2515,2516,2517,2518,2519,2520,2521,2522,2523,2524,2525,2526,2527,2528,2529,2530,2531,2532,2533,2534,2535,2536,2537,2538,2539,2540,2541,2542,2543,2544,2545,2546,2547,2548,2549,2550,2551,2552,2553,2554,2555,2556,2557,2558,2559,2560,2561,2562,2563,2564,2565,2566,2567,2568,2569,2570,2571,2572,2573,2574,2575,2576,2577,2578,2579,2580,2581,2582,2583,2584,2585,2586,2587,2588,2589,2590,2591,2592,2593,2594,2595,2596,2597,2598,2599,2600,2601,2602,2603,2604,2605,2606,2607,2608,2609,2610,2611,2612,2613,2614,2615,2616,2617,2618,2619,2620,2621,2622,2623,2624,2625,2626,2627,2628,2629,2630,2631,2632,2633,2634,2635,2636,2637,2638,2639,2640,2641,2642,2643,2644,2645,2646,2647,2648,2649,2650,2651,2652,2653,2654,2655,2656,2657,2658,2659,2660,2661,2662,2663,2664,2665,2666,2667,2668,2669,2670,2671,2672,2673,2674,2675,2676,2677,2678,2679,2680,2681,2682,2683,2684,2685,2686,2687,2688,2689,2690,2691,2692,2693,2694,2695,2696,2697,2698,2699,2700,2701,2702,2703,2704,2705,2706,2707,2708,2709,2710,2711,2712,2713,2714,2715,2716,2717,2718,2719,2720,2721,2722,2723,2724,2725,2726,2727,2728,2729,2730,2731,2732,2733,2734,2735,2736,2737,2738,2739,2740,2741,2742,2743,2744,2745,2746,2747,2748,2749,2750,2751,2752,2753,2754,2755,2756,2757,2758,2759,2760,2761,2762,2763,2764,2765,2766,2767,2768,2769,2770,2771,2772,2773,2774,2775,2776,2777,2778,2779,2780,2781,2782,2783,2784,2785,2786,2787,2788,2789,2790,2791,2792,2793,2794,2795,2796,2797,2798,2799,2800,2801,2802,2803,2804,2805,2806,2807,2808,2809,2810,2811,2812,2813,2814,2815,2816,2817,2818,2819,2820,2821,2822,2823,2824,2825,2826,2827,2828,2829,2830,2831,2832,2833,2834,2835,2836,2837,2838,2839,2840,2841,2842,2843,2844,2845,2846,2847,2848,2849,2850,2851,2852,2853,2854,2855,2856,2857,2858,2859,2860,2861,2862,2863,2864,2865,2866,2867,2868,2869,2870,2871,2872,2873,2874,2875,2876,2877,2878,2879,2880,2881,2882,2883,2884,2885,2886,2887,2888,2889,2890,2891,2892,2893,2894,2895,2896,2897,2898,2899,2900,2901,2902,2903,2904,2905,2906,2907,2908,2909,2910,2911,2912,2913,2914,2915,2916,2917,2918,2919,2920,2921,2922,2923,2924,2925,2926,2927,2928,2929,2930,2931,2932,2933,2934,2935,2936,2937,2938,2939,2940,2941,2942,2943,2944,2945,2946,2947,2948,2949,2950,2951,2952,2953,2954,2955,2956,2957,2958,2959,2960,2961,2962,2963,2964,2965,2966,2967,2968,2969,2970,2971,2972,2973,2974,2975,2976,2977,2978,2979,2980,2981,2982,2983,2984,2985,2986,2987,2988,2989,2990,2991,2992,2993,2994,2995,2996,2997,2998,2999,3000,3001,3002,3003,3004,3005,3006,3007,3008,3009,3010,3011,3012,3013,3014,3015,3016,3017,3018,3019,3020,3021,3022,3023,3024,3025,3026,3027,3028,3029,3030,3031,3032,3033,3034,3035,3036,3037,3038,3039,3040,3041,3042,3043,3044,3045,3046,3047,3048,3049,3050,3051,3052,3053,3054,3055,3056,3057,3058,3059,3060,3061,3062,3063,3064,3065,3066,3067,3068,3069,3070,3071,3072,3073,3074,3075,3076,3077,3078,3079,3080,3081,3082,3083,3084,3085,3086,3087,3088,3089,3090,3091,3092,3093,3094,3095,3096,3097,3098,3099,3100,3101,3102,3103,3104,3105,3106,3107,3108,3109,3110,3111,3112,3113,3114,3115,3116,3117,3118,3119,3120,3121,3122,3123,3124,3125,3126,3127,3128,3129,3130,3131,3132,3133,3134,3135,3136,3137,3138,3139,3140,3141,3142,3143,3144,3145,3146,3147,3148,3149,3150,3151,3152,3153,3154,3155,3156,3157,3158,3159,3160,3161,3162,3163,3164,3165,3166,3167,3168,3169,3170,3171,3172,3173,3174,3175,3176,3177,3178,3179,3180,3181,3182,3183,3184,3185,3186,3187,3188,3189,3190,3191,3192,3193,3194,3195,3196,3197,3198,3199,3200,3201,3202,3203,3204,3205,3206,3207,3208,3209,3210,3211,3212,3213,3214,3215,3216,3217,3218,3219,3220,3221,3222,3223,3224,3225,3226,3227,3228,3229,3230,3231,3232,3233,3234,3235,3236,3237,3238,3239,3240,3241,3242,3243,3244,3245,3246,3247,3248,3249,3250,3251,3252,3253,3254,3255,3256,3257,3258,3259,3260,3261,3262,3263,3264,3265,3266,3267,3268,3269,3270,3271,3272,3273,3274,3275,3276,3277,3278,3279,3280,3281,3282,3283,3284,3285,3286,3287,3288,3289,3290,3291,3292,3293,3294,3295,3296,3297,3298,3299,3300,3301,3302,3303,3304,3305,3306,3307,3308,3309,3310,3311,3312,3313,3314,3315,3316,3317,3318,3319,3320,3321,3322,3323,3324,3325,3326,3327,3328,3329,3330,3331,3332,3333,3334,3335,3336,3337,3338,3339,3340,3341,3342,3343,3344,3345,3346,3347,3348,3349,3350,3351,3352,3353,3354,3355,3356,3357,3358,3359,3360,3361,3362,3363,3364,3365,3366,3367,3368,3369,3370,3371,3372,3373,3374,3375,3376,3377,3378,3379,3380,3381,3382,3383,3384,3385,3386,3387,3388,3389,3390,3391,3392,3393,3394,3395,3396,3397,3398,3399,3400,3401,3402,3403,3404,3405,3406,3407,3408,3409,3410,3411,3412,3413,3414,3415,3416,3417,3418,3419,3420,3421,3422,3423,3424,3425,3426,3427,3428,3429,3430,3431,3432,3433,3434,3435,3436,3437,3438,3439,3440,3441,3442,3443,3444,3445,3446,3447,3448,3449,3450,3451,3452,3453,3454,3455,3456,3457,3458,3459,3460,3461,3462,3463,3464,3465,3466,3467,3468,3469,3470,3471,3472,3473,3474,3475,3476,3477,3478,3479,3480,3481,3482,3483,3484,3485,3486,3487,3488,3489,3490,3491,3492,3493,3494,3495,3496,3497,3498,3499,3500,3501,3502,3503,3504,3505,3506,3507,3508,3509,3510,3511,3512,3513,3514,3515,3516,3517,3518,3519,3520,3521,3522,3523,3524,3525,3526,3527,3528,3529,3530,3531,3532,3533,3534,3535,3536,3537,3538,3539,3540,3541,3542,3543,3544,3545,3546,3547,3548,3549,3550,3551,3552,3553,3554,3555,3556,3557,3558,3559,3560,3561,3562,3563,3564,3565,3566,3567,3568,3569,3570,3571,3572,3573,3574,3575,3576,3577,3578,3579,3580,3581,3582,3583,3584,3585,3586,3587,3588,3589,3590,3591,3592,3593,3594,3595,3596,3597,3598,3599,3600,3601,3602,3603,3604,3605,3606,3607,3608,3609,3610,3611,3612,3613,3614,3615,3616,3617,3618,3619,3620,3621,3622,3623,3624,3625,3626,3627,3628,3629,3630,3631,3632,3633,3634,3635,3636,3637,3638,3639,3640,3641,3642,3643,3644,3645,3646,3647,3648,3649,3650,3651,3652,3653,3654,3655,3656,3657,3658,3659,3660,3661,3662,3663,3664,3665,3666,3667,3668,3669,3670,3671,3672,3673,3674,3675,3676,3677,3678,3679,3680,3681,3682,3683,3684,3685,3686,3687,3688,3689,3690,3691,3692,3693,3694,3695,3696,3697,3698,3699,3700,3701,3702,3703,3704,3705,3706,3707,3708,3709,3710,3711,3712,3713,3714,3715,3716,3717,3718,3719,3720,3721,3722,3723,3724,3725,3726,3727,3728,3729,3730,3731,3732,3733,3734,3735,3736,3737,3738,3739,3740,3741,3742,3743,3744,3745,3746,3747,3748,3749,3750,3751,3752,3753,3754,3755,3756,3757,3758,3759,3760,3761,3762,3763,3764,3765,3766,3767,3768,3769,3770,3771,3772,3773,3774,3775,3776,3777,3778,3779,3780,3781,3782,3783,3784,3785,3786,3787,3788,3789,3790,3791,3792,3793,3794,3795,3796,3797,3798,3799,3800,3801,3802,3803,3804,3805,3806,3807,3808,3809,3810,3811,3812,3813,3814,3815,3816,3817,3818,3819,3820,3821,3822,3823,3824,3825,3826,3827,3828,3829,3830,3831,3832,3833,3834,3835,3836,3837,3838,3839,3840,3841,3842,3843,3844,3845,3846,3847,3848,3849,3850,3851,3852,3853,3854,3855,3856,3857,3858,3859,3860,3861,3862,3863,3864,3865,3866,3867,3868,3869,3870,3871,3872,3873,3874,3875,3876,3877,3878,3879,3880,3881,3882,3883,3884,3885,3886,3887,3888,3889,3890,3891,3892,3893,3894,3895,3896,3897,3898,3899,3900,3901,3902,3903,3904,3905,3906,3907,3908,3909,3910,3911,3912,3913,3914,3915,3916,3917,3918,3919,3920,3921,3922,3923,3924,3925,3926,3927,3928,3929,3930,3931,3932,3933,3934,3935,3936,3937,3938,3939,3940,3941,3942,3943,3944,3945,3946,3947,3948,3949,3950,3951,3952,3953,3954,3955,3956,3957,3958,3959,3960,3961,3962,3963,3964,3965,3966,3967,3968,3969,3970,3971,3972,3973,3974,3975,3976,3977,3978,3979,3980,3981,3982,3983,3984,3985,3986,3987,3988,3989,3990,3991,3992,3993,3994,3995,3996,3997,3998,3999,4000]'), ('11', '10', '1473556523', '1476954518', '500', '10', '1', '1473498540', '9', '1', '0', '0', '0', '', '0', '0', '[1,2,3,4,5,6,7,8,9,10,11,12,13,14,15,16,17,18,19,20,21,22,23,24,25,26,27,28,29,30,31,32,33,34,35,36,37,38,39,40,41,42,43,44,45,46,47,48,49,50,51,52,53,54,55,56,57,58,59,60,61,62,63,64,65,66,67,68,69,70,71,72,73,74,75,76,77,78,79,80,81,82,83,84,85,86,87,88,89,90,91,92,93,94,95,96,97,98,99,100,101,102,103,104,105,106,107,108,109,110,111,112,113,114,115,116,117,118,119,120,121,122,123,124,125,126,127,128,129,130,131,132,133,134,135,136,137,138,139,140,141,142,143,144,145,146,147,148,149,150,151,152,153,154,155,156,157,158,159,160,161,162,163,164,165,166,167,168,169,170,171,172,173,174,175,176,177,178,179,180,181,182,183,184,185,186,187,188,189,190,191,192,193,194,195,196,197,198,199,200,201,202,203,204,205,206,207,208,209,210,211,212,213,214,215,216,217,218,219,220,221,222,223,224,225,226,227,228,229,230,231,232,233,234,235,236,237,238,239,240,241,242,243,244,245,246,247,248,249,250,251,252,253,254,255,256,257,258,259,260,261,262,263,264,265,266,267,268,269,270,271,272,273,274,275,276,277,278,279,280,281,282,283,284,285,286,287,288,289,290,291,292,293,294,295,296,297,298,299,300,301,302,303,304,305,306,307,308,309,310,311,312,313,314,315,316,317,318,319,320,321,322,323,324,325,326,327,328,329,330,331,332,333,334,335,336,337,338,339,340,341,342,343,344,345,346,347,348,349,350,351,352,353,354,355,356,357,358,359,360,361,362,363,364,365,366,367,368,369,370,371,372,373,374,375,376,377,378,379,380,381,382,383,384,385,386,387,388,389,390,391,392,393,394,395,396,397,398,399,400,401,402,403,404,405,406,407,408,409,410,411,412,413,414,415,416,417,418,419,420,421,422,423,424,425,426,427,428,429,430,431,432,433,434,435,436,437,438,439,440,441,442,443,444,445,446,447,448,449,450,451,452,453,454,455,456,457,458,459,460,461,462,463,464,465,466,467,468,469,470,471,472,473,474,475,476,477,478,479,480,481,482,483,484,485,486,487,488,489,490,491,492,493,494,495,496,497,498,499,500]'), ('12', '6', '1473581830', '1475223433', '1', '1', '1', '1473581860', '70', '1', '1', '622848', '1', '12000', '1', '1473581927', '[]');
COMMIT;

-- ----------------------------
--  Table structure for `tp_treasure_user`
-- ----------------------------
DROP TABLE IF EXISTS `tp_treasure_user`;
CREATE TABLE `tp_treasure_user` (
  `treasure_user_id` int(11) NOT NULL AUTO_INCREMENT COMMENT '自增主键',
  `user_id` int(11) NOT NULL DEFAULT '0' COMMENT '用户',
  `game_id` int(11) NOT NULL DEFAULT '0' COMMENT '游戏',
  `game_account` varchar(16) NOT NULL DEFAULT '' COMMENT '游戏账号id',
  `treasure_id` int(11) NOT NULL DEFAULT '0' COMMENT '夺宝',
  `id` int(11) NOT NULL DEFAULT '0' COMMENT '夺宝中唯一标识，自动生成',
  `add_money` float(4,2) NOT NULL COMMENT '金额',
  `addtime` int(11) NOT NULL DEFAULT '0',
  `serial` tinyint(4) NOT NULL DEFAULT '0' COMMENT '排序号',
  `isuse` tinyint(4) NOT NULL DEFAULT '0' COMMENT '是否启用，1启用，0关闭',
  PRIMARY KEY (`treasure_user_id`),
  KEY `tp_treasure_user_user_id` (`user_id`),
  KEY `tp_treasure_user_treasure_id` (`treasure_id`),
  KEY `tp_treasure_user_id` (`id`)
) ENGINE=MyISAM AUTO_INCREMENT=5 DEFAULT CHARSET=utf8 COMMENT='宝贝用户表';

-- ----------------------------
--  Records of `tp_treasure_user`
-- ----------------------------
BEGIN;
INSERT INTO `tp_treasure_user` VALUES ('1', '39609', '4', '001', '5', '8', '0.00', '1473578830', '0', '1'), ('2', '39609', '4', '001', '5', '266', '0.00', '1473578830', '0', '1'), ('3', '39609', '7', '002', '12', '1', '0.00', '1473581902', '0', '1'), ('4', '39609', '4', '001', '5', '254', '0.00', '1473582207', '0', '1');
COMMIT;

-- ----------------------------
--  Table structure for `tp_user_address`
-- ----------------------------
DROP TABLE IF EXISTS `tp_user_address`;
CREATE TABLE `tp_user_address` (
  `user_address_id` int(10) unsigned NOT NULL AUTO_INCREMENT,
  `realname` varchar(32) NOT NULL DEFAULT '' COMMENT '分销商姓名(真实名字)',
  `mobile` varchar(16) NOT NULL DEFAULT '' COMMENT '手机',
  `user_id` int(10) unsigned NOT NULL DEFAULT '0' COMMENT '用户ID',
  `province_id` int(10) unsigned NOT NULL DEFAULT '0' COMMENT '省份ID',
  `city_id` int(10) unsigned NOT NULL DEFAULT '0' COMMENT '城市ID',
  `area_id` int(10) unsigned NOT NULL DEFAULT '0' COMMENT '地区ID',
  `longitude` decimal(10,7) unsigned NOT NULL DEFAULT '120.0000000' COMMENT '经度',
  `latitude` decimal(9,7) unsigned NOT NULL DEFAULT '30.0000000' COMMENT '纬度',
  `building_id` int(10) unsigned NOT NULL DEFAULT '2' COMMENT '小区/写字楼ID',
  `address` varchar(255) NOT NULL DEFAULT '' COMMENT '用户真实的联系地址',
  `addtime` int(10) unsigned NOT NULL DEFAULT '0' COMMENT '添加时间',
  `use_time` smallint(5) unsigned NOT NULL DEFAULT '0' COMMENT '当前地址使用次数',
  `isuse` tinyint(3) unsigned NOT NULL DEFAULT '0' COMMENT '状态，1有效，0已删除',
  PRIMARY KEY (`user_address_id`),
  KEY `tp_user_address_province_id` (`province_id`),
  KEY `tp_user_address_city_id` (`city_id`),
  KEY `tp_user_address_area_id` (`area_id`),
  KEY `tp_user_address_user_id` (`user_id`),
  KEY `tp_user_address_addtime` (`addtime`)
) ENGINE=MyISAM AUTO_INCREMENT=16 DEFAULT CHARSET=utf8 COMMENT='用户地址表';

-- ----------------------------
--  Records of `tp_user_address`
-- ----------------------------
BEGIN;
INSERT INTO `tp_user_address` VALUES ('1', '吴', '13855949395', '39607', '110000', '110000', '110101', '120.0000000', '30.0000000', '2', '测试', '1473493069', '0', '0'), ('2', '小吴', '13858063499', '39607', '110000', '110000', '110101', '120.0000000', '30.0000000', '2', '恒生', '1473493986', '0', '0'), ('3', '小吴', '13958063423', '39607', '110000', '110000', '110101', '120.0000000', '30.0000000', '2', '测试', '1473494655', '0', '2'), ('4', '暖', '13856342323', '39607', '120000', '120000', '120104', '120.0000000', '30.0000000', '2', '恒生', '1473494737', '0', '1'), ('7', '邱浩', '13627242235', '39609', '110000', '110000', '110107', '120.0000000', '30.0000000', '2', '中关村', '1473525757', '0', '1'), ('9', '邱迎', '18758178124', '39609', '420000', '420100', '420111', '120.0000000', '30.0000000', '2', '光谷步行街', '1473525886', '0', '1'), ('10', '邱欢', '18758178124', '39609', '110000', '110000', '110105', '120.0000000', '30.0000000', '2', '北京工业大学', '1473525922', '0', '1'), ('11', '程涵', '18758178124', '39609', '420000', '421200', '421202', '120.0000000', '30.0000000', '2', '实验幼儿园', '1473525991', '0', '1'), ('12', '邱凯', '13627242235', '39609', '130000', '130700', '130722', '120.0000000', '30.0000000', '2', '武汉大学', '1473526038', '0', '1'), ('13', '黄燕', '18758178124', '39609', '220000', '220100', '220122', '120.0000000', '30.0000000', '2', '文一西路1218号', '1473526089', '0', '1'), ('14', '邱旋', '18758178124', '39609', '140000', '140300', '140303', '120.0000000', '30.0000000', '2', '东西达到311', '1473526136', '0', '1'), ('15', '邱明', '18758178124', '39609', '130000', '130700', '130724', '120.0000000', '30.0000000', '2', '街道口新明路1218号', '1473526184', '0', '1');
COMMIT;

-- ----------------------------
--  Table structure for `tp_user_comment`
-- ----------------------------
DROP TABLE IF EXISTS `tp_user_comment`;
CREATE TABLE `tp_user_comment` (
  `user_comment_id` int(10) unsigned NOT NULL AUTO_INCREMENT COMMENT '自增主键',
  `province_id` mediumint(8) unsigned NOT NULL DEFAULT '330000' COMMENT '省份ID',
  `city_id` mediumint(8) unsigned NOT NULL DEFAULT '330300' COMMENT '城市ID',
  `area_id` mediumint(8) unsigned NOT NULL DEFAULT '330382' COMMENT '区/县ID',
  `user_id` int(10) unsigned NOT NULL DEFAULT '0' COMMENT '会员ID',
  `order_id` int(10) unsigned NOT NULL DEFAULT '0' COMMENT '订单ID',
  `score` tinyint(3) unsigned NOT NULL DEFAULT '0' COMMENT '评分，1好评，0差评',
  `isuse` tinyint(3) unsigned NOT NULL DEFAULT '0' COMMENT '是否显示，1是，0否，默认1',
  `remark` varchar(255) NOT NULL DEFAULT '' COMMENT '备注',
  `addtime` int(10) unsigned NOT NULL DEFAULT '0' COMMENT '评价时间',
  PRIMARY KEY (`user_comment_id`)
) ENGINE=MyISAM DEFAULT CHARSET=utf8 COMMENT='用户评价表';

-- ----------------------------
--  Table structure for `tp_user_comment_foot_man`
-- ----------------------------
DROP TABLE IF EXISTS `tp_user_comment_foot_man`;
CREATE TABLE `tp_user_comment_foot_man` (
  `user_comment_foot_man_id` int(10) unsigned NOT NULL AUTO_INCREMENT COMMENT '自增主键',
  `province_id` mediumint(8) unsigned NOT NULL DEFAULT '330000' COMMENT '省份ID',
  `city_id` mediumint(8) unsigned NOT NULL DEFAULT '330300' COMMENT '城市ID',
  `area_id` mediumint(8) unsigned NOT NULL DEFAULT '330382' COMMENT '区/县ID',
  `member_id` int(10) unsigned NOT NULL DEFAULT '0' COMMENT '会员ID',
  `foot_man_id` int(10) unsigned NOT NULL DEFAULT '0' COMMENT '镖师ID',
  `order_id` int(10) unsigned NOT NULL DEFAULT '0' COMMENT '订单ID',
  `score` tinyint(3) unsigned NOT NULL DEFAULT '0' COMMENT '评分，1好评，0差评',
  `isuse` tinyint(3) unsigned NOT NULL DEFAULT '0' COMMENT '是否显示，1是，0否，默认1',
  `remark` varchar(255) NOT NULL DEFAULT '' COMMENT '备注',
  `addtime` int(10) unsigned NOT NULL DEFAULT '0' COMMENT '评价时间',
  PRIMARY KEY (`user_comment_foot_man_id`),
  KEY `city_id` (`city_id`),
  KEY `area_id` (`area_id`)
) ENGINE=MyISAM DEFAULT CHARSET=utf8 COMMENT='用户评价镖师表';

-- ----------------------------
--  Table structure for `tp_user_comment_merchant`
-- ----------------------------
DROP TABLE IF EXISTS `tp_user_comment_merchant`;
CREATE TABLE `tp_user_comment_merchant` (
  `user_comment_merchant_id` int(10) unsigned NOT NULL AUTO_INCREMENT COMMENT '自增主键',
  `province_id` mediumint(8) unsigned NOT NULL DEFAULT '330000' COMMENT '省份ID',
  `city_id` mediumint(8) unsigned NOT NULL DEFAULT '330300' COMMENT '城市ID',
  `area_id` mediumint(8) unsigned NOT NULL DEFAULT '330382' COMMENT '区/县ID',
  `member_id` int(10) unsigned NOT NULL DEFAULT '0' COMMENT '会员ID',
  `merchant_id` int(10) unsigned NOT NULL DEFAULT '0' COMMENT '商家ID',
  `order_id` int(10) unsigned NOT NULL DEFAULT '0' COMMENT '订单ID',
  `score` tinyint(3) unsigned NOT NULL DEFAULT '0' COMMENT '评分，1好评，0差评',
  `isuse` tinyint(3) unsigned NOT NULL DEFAULT '0' COMMENT '是否显示，1是，0否，默认1',
  `remark` varchar(255) NOT NULL DEFAULT '' COMMENT '备注',
  `addtime` int(10) unsigned NOT NULL DEFAULT '0' COMMENT '评价时间',
  PRIMARY KEY (`user_comment_merchant_id`),
  KEY `city_id` (`city_id`),
  KEY `area_id` (`area_id`)
) ENGINE=MyISAM DEFAULT CHARSET=utf8 COMMENT='用户评价商家表';

-- ----------------------------
--  Table structure for `tp_user_game`
-- ----------------------------
DROP TABLE IF EXISTS `tp_user_game`;
CREATE TABLE `tp_user_game` (
  `user_game_id` int(11) NOT NULL AUTO_INCREMENT,
  `game_id` int(8) NOT NULL DEFAULT '0' COMMENT '游戏id',
  `game_account` varchar(16) NOT NULL DEFAULT '' COMMENT '游戏账号',
  `user_id` int(11) NOT NULL DEFAULT '0',
  `addtime` int(11) NOT NULL,
  PRIMARY KEY (`user_game_id`)
) ENGINE=MyISAM AUTO_INCREMENT=7 DEFAULT CHARSET=utf8 COMMENT='用户游戏表';

-- ----------------------------
--  Records of `tp_user_game`
-- ----------------------------
BEGIN;
INSERT INTO `tp_user_game` VALUES ('1', '1', '123456789', '39607', '1473501967'), ('2', '1', '588', '39609', '1473525658'), ('3', '4', '001', '39609', '1473554752'), ('4', '4', '001', '39609', '1473554752'), ('5', '7', '002', '39609', '1473554769');
COMMIT;

-- ----------------------------
--  Table structure for `tp_user_rank`
-- ----------------------------
DROP TABLE IF EXISTS `tp_user_rank`;
CREATE TABLE `tp_user_rank` (
  `user_rank_id` smallint(6) unsigned NOT NULL AUTO_INCREMENT COMMENT '自增主键',
  `rank_name` varchar(32) NOT NULL DEFAULT '' COMMENT '用户等级名称',
  `upgrade_money` int(11) NOT NULL DEFAULT '0' COMMENT '升到该等级所需消费额，包括预存款和下单支付的金额',
  `discount` tinyint(4) NOT NULL DEFAULT '0' COMMENT '该等级用户享受的商品批发折扣，保存100以内的整数，如85即为85折',
  `desc` text COMMENT '备注',
  `logo` varchar(128) NOT NULL DEFAULT '' COMMENT '等级LOGO，非必填',
  `province_id` mediumint(8) unsigned NOT NULL DEFAULT '330000' COMMENT '省份ID',
  `city_id` mediumint(8) unsigned NOT NULL DEFAULT '330300' COMMENT '城市ID',
  `area_id` mediumint(8) unsigned NOT NULL DEFAULT '330382' COMMENT '区/县ID',
  PRIMARY KEY (`user_rank_id`),
  KEY `tp_area` (`area_id`)
) ENGINE=MyISAM DEFAULT CHARSET=utf8 COMMENT='用户等级表';

-- ----------------------------
--  Table structure for `tp_user_recharge`
-- ----------------------------
DROP TABLE IF EXISTS `tp_user_recharge`;
CREATE TABLE `tp_user_recharge` (
  `user_recharge_id` int(10) unsigned NOT NULL AUTO_INCREMENT,
  `code` varchar(11) NOT NULL DEFAULT '' COMMENT '验证码',
  `user_id` int(10) unsigned NOT NULL DEFAULT '0' COMMENT '用户ID',
  `recharge_money` float(6,2) NOT NULL COMMENT '充值金额',
  `isuse` tinyint(4) NOT NULL DEFAULT '0' COMMENT '是否可用，1可用，0不可用',
  `addtime` int(11) NOT NULL DEFAULT '0' COMMENT '添加时间',
  PRIMARY KEY (`user_recharge_id`),
  KEY `tp_user_recharge_user_id` (`user_id`) USING BTREE,
  KEY `tp_user_recharge_code` (`code`) USING BTREE
) ENGINE=MyISAM AUTO_INCREMENT=37 DEFAULT CHARSET=utf8 COMMENT='用户充值ＩＤ号表';

-- ----------------------------
--  Records of `tp_user_recharge`
-- ----------------------------
BEGIN;
INSERT INTO `tp_user_recharge` VALUES ('1', '79873471648', '39607', '10.00', '1', '1473471648'), ('2', '65773471763', '39607', '10.00', '1', '1473471763'), ('3', '57773475515', '39610', '10.00', '1', '1473475515'), ('4', '82573475545', '39610', '10.00', '1', '1473475545'), ('5', '16773476069', '39607', '10.00', '1', '1473476069'), ('6', '74473476345', '39607', '10.00', '1', '1473476345'), ('7', '57573476821', '39607', '10.00', '1', '1473476821'), ('8', '44073476843', '39607', '10.00', '1', '1473476843'), ('9', '80673476930', '39607', '10.00', '1', '1473476930'), ('10', '82073476963', '39607', '10.00', '1', '1473476962'), ('11', '71273491664', '39607', '10.00', '1', '1473491664'), ('12', '05973491671', '39607', '10.00', '1', '1473491671'), ('13', '40573492074', '39607', '10.00', '1', '1473492074'), ('14', '36773498492', '39607', '10.00', '1', '1473498491'), ('15', '98173498585', '39607', '10.00', '1', '1473498585'), ('16', '75273498603', '39607', '10.00', '1', '1473498603'), ('17', '04073498881', '39607', '10.00', '1', '1473498880'), ('18', '60673498902', '39607', '10.00', '1', '1473498902'), ('19', '63773499987', '39607', '10.00', '1', '1473499987'), ('20', '78273553381', '39609', '200.00', '1', '1473553381'), ('21', '12073556277', '39610', '10.00', '1', '1473556277'), ('22', '54673556347', '39610', '10.00', '1', '1473556347'), ('23', '83173557603', '39609', '10.00', '1', '1473557603'), ('24', '30473557926', '39610', '10.00', '1', '1473557926'), ('25', '16873558338', '39610', '188.00', '1', '1473558338'), ('26', '63273559242', '39613', '10.00', '1', '1473559242'), ('27', '65673559265', '39613', '15.00', '1', '1473559265'), ('28', '35473559994', '39610', '9999.99', '1', '1473559994'), ('29', '13473563606', '39613', '200.00', '1', '1473563606'), ('30', '46973564035', '39609', '10.00', '1', '1473564035'), ('31', '20073564107', '39609', '10.00', '1', '1473564106'), ('32', '91473564341', '39609', '10.00', '1', '1473564341'), ('33', '35373579756', '39609', '10.00', '1', '1473579756'), ('34', '07173579877', '39609', '10.00', '1', '1473579877'), ('35', '26073579983', '39609', '9999.99', '1', '1473579983'), ('36', '22773582529', '39613', '10.00', '1', '1473582529');
COMMIT;

-- ----------------------------
--  Table structure for `tp_user_requirement`
-- ----------------------------
DROP TABLE IF EXISTS `tp_user_requirement`;
CREATE TABLE `tp_user_requirement` (
  `user_requirement_id` mediumint(8) unsigned NOT NULL AUTO_INCREMENT COMMENT '主键ID',
  `user_id` int(11) NOT NULL DEFAULT '0' COMMENT '用户ID',
  `requirement` varchar(255) COLLATE utf8_unicode_ci NOT NULL DEFAULT '' COMMENT '需求描述',
  `state` tinyint(3) unsigned NOT NULL DEFAULT '0' COMMENT '状态，0未解决，1已解决，2已拒绝',
  `addtime` int(11) unsigned NOT NULL DEFAULT '0' COMMENT '添加时间',
  `attachment` varchar(128) COLLATE utf8_unicode_ci NOT NULL DEFAULT '' COMMENT '附件路径',
  `require_time` varchar(32) COLLATE utf8_unicode_ci NOT NULL DEFAULT '' COMMENT '希望解决时间',
  PRIMARY KEY (`user_requirement_id`)
) ENGINE=MyISAM DEFAULT CHARSET=utf8 COLLATE=utf8_unicode_ci COMMENT='用户需求表';

-- ----------------------------
--  Table structure for `tp_user_requirement_log`
-- ----------------------------
DROP TABLE IF EXISTS `tp_user_requirement_log`;
CREATE TABLE `tp_user_requirement_log` (
  `user_requirement_log_id` mediumint(8) unsigned NOT NULL AUTO_INCREMENT COMMENT '主键ID',
  `user_id` int(11) NOT NULL DEFAULT '0' COMMENT '用户ID',
  `message` varchar(255) COLLATE utf8_unicode_ci NOT NULL DEFAULT '' COMMENT '消息内容',
  `addtime` int(11) unsigned NOT NULL DEFAULT '0' COMMENT '添加时间',
  `user_requirement_id` int(11) unsigned NOT NULL DEFAULT '0' COMMENT '用户需求ID',
  PRIMARY KEY (`user_requirement_log_id`)
) ENGINE=MyISAM DEFAULT CHARSET=utf8 COLLATE=utf8_unicode_ci COMMENT='用户需求日志表';

-- ----------------------------
--  Table structure for `tp_user_suggest`
-- ----------------------------
DROP TABLE IF EXISTS `tp_user_suggest`;
CREATE TABLE `tp_user_suggest` (
  `user_suggest_id` mediumint(8) unsigned NOT NULL AUTO_INCREMENT,
  `user_id` int(11) NOT NULL DEFAULT '0',
  `message_type` tinyint(1) unsigned NOT NULL DEFAULT '0' COMMENT '1给点建议，2售后问题',
  `message` varchar(255) COLLATE utf8_unicode_ci NOT NULL DEFAULT '',
  `state` tinyint(3) unsigned NOT NULL DEFAULT '0' COMMENT '消息状态，0未读，1无用，2有待商榷，3有用，4将更新到系统中',
  `addtime` int(11) unsigned NOT NULL DEFAULT '0',
  `admin_remark` varchar(255) COLLATE utf8_unicode_ci NOT NULL DEFAULT '',
  `province_id` mediumint(8) unsigned NOT NULL DEFAULT '330000' COMMENT '省份ID',
  `city_id` mediumint(8) unsigned NOT NULL DEFAULT '330300' COMMENT '城市ID',
  `area_id` mediumint(8) unsigned NOT NULL DEFAULT '330382' COMMENT '区/县ID',
  PRIMARY KEY (`user_suggest_id`),
  KEY `tp_city` (`city_id`),
  KEY `tp_area` (`area_id`)
) ENGINE=MyISAM DEFAULT CHARSET=utf8 COLLATE=utf8_unicode_ci;

-- ----------------------------
--  Table structure for `tp_users`
-- ----------------------------
DROP TABLE IF EXISTS `tp_users`;
CREATE TABLE `tp_users` (
  `user_id` int(11) unsigned NOT NULL AUTO_INCREMENT,
  `role_type` tinyint(4) unsigned NOT NULL DEFAULT '0' COMMENT '用户类型，1为管理员，2为商家，3为用户，4为镖师',
  `username` varchar(32) NOT NULL DEFAULT '' COMMENT '(用户名)',
  `password` varchar(32) NOT NULL DEFAULT '' COMMENT '密码，md5加密',
  `pay_password` varchar(32) NOT NULL DEFAULT '' COMMENT '支付密码，MD5加密值，默认为123456的MD5值',
  `user_cookie` varchar(32) NOT NULL DEFAULT '' COMMENT '用户COOKIE',
  `user_rank_id` smallint(5) unsigned NOT NULL DEFAULT '1' COMMENT '用户等级ID',
  `group_id` smallint(5) NOT NULL DEFAULT '0' COMMENT '用户组id',
  `is_enable` tinyint(4) NOT NULL DEFAULT '2' COMMENT '是否可用，1可用，2、禁用',
  `reg_time` int(11) NOT NULL DEFAULT '0' COMMENT '注册时间',
  `login_try_times` tinyint(4) NOT NULL DEFAULT '0' COMMENT '已失败登录次数',
  `block_time` int(11) NOT NULL DEFAULT '0' COMMENT '多次登录失败后在这个时间后自动解锁',
  `realname` varchar(32) NOT NULL DEFAULT '' COMMENT '分销商姓名(真实名字)',
  `sex` tinyint(3) unsigned NOT NULL DEFAULT '0' COMMENT '性别： 0保密、1 男、2 女（和微信一致）',
  `email` varchar(255) NOT NULL DEFAULT '' COMMENT '邮箱',
  `mobile` varchar(16) NOT NULL DEFAULT '' COMMENT '手机',
  `address` varchar(255) NOT NULL DEFAULT '' COMMENT '用户真实的联系地址',
  `province_id` int(10) unsigned NOT NULL DEFAULT '330000' COMMENT '省份ID',
  `city_id` int(10) unsigned NOT NULL DEFAULT '330300' COMMENT '城市ID',
  `area_id` int(10) unsigned NOT NULL DEFAULT '330382' COMMENT '地区ID',
  `openid` varchar(64) NOT NULL DEFAULT '' COMMENT '微信的openid',
  `access_token` varchar(32) NOT NULL DEFAULT '' COMMENT '访问令牌',
  `refresh_token` varchar(32) NOT NULL DEFAULT '' COMMENT '刷新令牌',
  `token_expires_time` int(10) unsigned NOT NULL DEFAULT '0' COMMENT '访问令牌过期时间',
  `nickname` varchar(16) NOT NULL DEFAULT '' COMMENT '微信用户昵称',
  `city` varchar(8) NOT NULL DEFAULT '' COMMENT '用户所在城市名称',
  `province` varchar(8) NOT NULL DEFAULT '0' COMMENT '用户所在省份名称',
  `headimgurl` varchar(128) NOT NULL DEFAULT '' COMMENT '头像地址',
  `subscribe` tinyint(3) unsigned NOT NULL DEFAULT '0' COMMENT '是否关注，1是，0否',
  `consumed_money` decimal(10,2) unsigned NOT NULL DEFAULT '0.00' COMMENT '消费总金额',
  `is_rank_manual` tinyint(3) unsigned NOT NULL DEFAULT '0' COMMENT '是否手动设置用户等级',
  `left_money` decimal(10,2) unsigned NOT NULL DEFAULT '0.00' COMMENT '预存款余额',
  `frozen_money` decimal(10,2) unsigned NOT NULL DEFAULT '0.00' COMMENT '冻结金额',
  `total_integral` int(11) unsigned NOT NULL DEFAULT '0' COMMENT '积分总数，只增不减',
  `left_integral` int(11) unsigned NOT NULL DEFAULT '0' COMMENT '积分余额',
  `mobile_registered` tinyint(3) unsigned NOT NULL DEFAULT '0' COMMENT '手机号是否已注册，在微信绑定手机号时判定是否已在APP注册过>，1是，0否',
  `qq` varchar(16) NOT NULL DEFAULT '' COMMENT 'QQ号',
  `user_type` tinyint(3) unsigned NOT NULL DEFAULT '0' COMMENT '用户类型，0系统内用户，1系统外用户,用户区分加盟商和非加盟商',
  `store_sn` varchar(16) NOT NULL DEFAULT '' COMMENT '门店编号',
  `big_area_id` tinyint(3) unsigned NOT NULL DEFAULT '0' COMMENT '大区ID',
  `tel` varchar(32) NOT NULL DEFAULT '0' COMMENT '固话',
  `remark` varchar(255) NOT NULL DEFAULT '' COMMENT '用户备注',
  `birthday` varchar(32) NOT NULL DEFAULT '' COMMENT '生日',
  `user_address_id` int(10) DEFAULT NULL COMMENT '用户默认地址',
  `member_card_id` varchar(128) NOT NULL DEFAULT '' COMMENT '会员卡卡号',
  `dept_list` text NOT NULL COMMENT '门店管理员所管理的门店列表， 用 ，号隔开',
  `baby_birthday` int(11) NOT NULL DEFAULT '0' COMMENT '宝宝生日',
  `street` varchar(128) NOT NULL DEFAULT '' COMMENT '街道',
  `parent_id` int(11) NOT NULL DEFAULT '0' COMMENT '推荐人ID',
  `is_extend_user` tinyint(4) NOT NULL DEFAULT '0' COMMENT '是否推广员',
  `ticket` varchar(128) NOT NULL DEFAULT '' COMMENT '调用微信带参数二维码接口生成的ticket，用于唯一标>\n记二维码来源',
  `qr_code` varchar(128) NOT NULL DEFAULT '' COMMENT '调用微信带参数二维码接口生成的二维码，用于转发生\n成上下级关系，并引导下级关注平台',
  `qr_code_expire_time` int(10) unsigned NOT NULL DEFAULT '0' COMMENT '专属二维码过期时间，过期将自动重新生成',
  `id` int(11) NOT NULL DEFAULT '0' COMMENT 'id ',
  PRIMARY KEY (`user_id`),
  KEY `tp_user_password` (`password`),
  KEY `tp_user_reg_time` (`reg_time`),
  KEY `tp_user_province_id` (`province_id`),
  KEY `tp_user_city_id` (`city_id`),
  KEY `tp_user_area_id` (`area_id`),
  KEY `tp_user_group_id` (`group_id`,`is_enable`,`reg_time`),
  KEY `tp_user_username` (`username`),
  KEY `tp_user_openid` (`openid`),
  FULLTEXT KEY `tp_user_realname` (`realname`)
) ENGINE=MyISAM AUTO_INCREMENT=39615 DEFAULT CHARSET=utf8 COMMENT='用户数据表';

-- ----------------------------
--  Records of `tp_users`
-- ----------------------------
BEGIN;
INSERT INTO `tp_users` VALUES ('1', '1', 'admin@admin.com', 'e10adc3949ba59abbe56e057f20f883e', 'e10adc3949ba59abbe56e057f20f883e', '', '1', '1', '1', '1393862401', '0', '0', '姜伟', '1', 'admin@admin.com', '15158131310', '杭州市西湖区骆家庄西苑二区', '11', '139', '793', '', '', '', '0', '诸葛青云', '', '', '', '0', '0.00', '0', '99999999.99', '0.00', '24686', '24686', '0', '', '0', '', '0', '0', '', '', '122', '', '', '0', '', '0', '0', '', '', '0', '0'), ('39607', '3', '阿国', '', '', '2da78eb110487437cd82b5f38c82b18e', '1', '0', '1', '1473471543', '0', '0', '', '1', '', '', '', '330000', '330100', '0', 'oIqDWvxsYg6_BwALvq59odM7uCvs', 'lXCwMZFoxn2ilKWSMknlYi1YaZQCZZHN', 'SbOlqHF0pfPlXvVlgg2m2fig5KYXZP6_', '1473588578', '阿国', '杭州', '浙江', 'http://wx.qlogo.cn/mmopen/llPw4C0ZvXdIIsic31kpTI7ELywIDfZweZhnR7Tz3sABsQx0n7qSfrv9gxL6bg77plgssmMwAsE9IjCv7ZwgDSibOUhUkhicvZib/0', '1', '36000.00', '0', '61500.00', '0.00', '0', '0', '0', '', '0', '', '0', '0', '', '', '4', '', '', '0', '', '0', '0', '', '', '0', '100000'), ('39608', '3', '王宋清', '', '', 'f400524fb9576e6bc0943d45e2641e7f', '1', '0', '1', '1473471548', '0', '0', '', '1', '', '', '', '330000', '330300', '0', 'oIqDWvwEbwIREcAmfgm2Y-wwFGkE', 'mHW6iqwIQf0PVmJ65m140ze6VqVbPt_7', 'xhs9R_Jw_CccUqj1HtziYOubflQMzA7O', '1473478748', '王宋清', '温州', '浙江', 'http://wx.qlogo.cn/mmopen/zQWA47DfjBp6Ogdvicib5z1NKGwMdZ8xRZ0VoNpRSXjoiam2dGiaf58iagibncicDUO4zib9g8ibEZuDnkPlhzic4t3yQ2hA/0', '0', '0.00', '0', '0.00', '0.00', '0', '0', '0', '', '0', '', '0', '0', '', '', null, '', '', '0', '', '0', '0', '', '', '0', '100002'), ('39609', '3', '邱雪梅', '', '', 'd2b8bc0d8cf4a25a9a03338c809d3b69', '1', '0', '1', '1473474591', '0', '0', '', '2', '1283071085@qq.com', '18758178124', '', '330000', '330100', '0', 'oIqDWv2CHsstkl5ZNpaSDQP3dhiw', '9tEM6qFE6cWBfmaWokHq9VC6NWl7ZJh5', 'gHmmWdbiV0nSWceC8J0DC2fuOXmjWzhX', '1473580159', '邱雪梅', '杭州', '浙江', 'http://wx.qlogo.cn/mmopen/Z9WRewUjLK0EeeibpAm1Y1R2yUzQ0VloA5rWZRvuMJAVphVjHccTn0NxRFQ2Sib8xl35yOY2cuZN8WpXFBVZTZf8ZavmHRWANd/0', '1', '0.00', '0', '99998599.99', '0.00', '0', '0', '0', '', '0', '', '0', '0', '', '', '7', '', '', '0', '', '0', '0', '', '', '0', '100033'), ('39610', '3', '凌少', '', '', '49f3a1d5a1fa1c711f31cd757062e996', '1', '0', '1', '1473475365', '0', '0', '', '1', '', '', '', '330000', '330100', '0', 'oIqDWvxk8C1Y5FUyD7Tde-7dtSoM', 'BdqZorL-FSqvChvTyZRZSN5fm3LJmGAC', 'uefVQqV9wxdrotEho6i8rgiivTCy9ThO', '1473563128', '凌少', '杭州', '浙江', 'http://wx.qlogo.cn/mmopen/2BAh7XM0vicy3SbQWFGu3nFbDqGBR7Yw1ickiad3uKdia5OiagNXzsAsJdy5AurotzleiaVRJbPWiaVuvKmTcic5xbZsxQ/0', '1', '0.00', '0', '99999999.99', '0.00', '0', '0', '0', '', '0', '', '0', '0', '', '', null, '', '', '0', '', '0', '0', '', '', '0', '100018'), ('39611', '3', '1年4季12月52周365天8760小时525600分钟3153', '', '', 'fa925972107254c6bab31fadcec1e794', '1', '0', '1', '1473476355', '0', '0', '', '1', '', '', '', '410000', '411400', '0', 'oIqDWvyub5ORKAAnp3l8Zo38ktrk', '8e-9283WNE8dSuTOtdAH4YZRD6Q9iZLt', 'Ue8YPN9UHV8yqf0n4bPrZZRgd_e8qz3T', '1473589048', '1年4季12月52周365天87', '商丘', '河南', 'http://wx.qlogo.cn/mmopen/2BAh7XM0vicxzianpM7fnFCWAUdzbakp5xpZz8cl6x0mu2nD5DLwBrVOkWNaHx1ib3bK4oe9lDhyOMia2so3hJnvJBtFyHfYW1Bt/0', '1', '0.00', '0', '0.00', '0.00', '0', '0', '0', '', '0', '', '0', '0', '', '', null, '', '', '0', '', '0', '0', '', '', '0', '100053'), ('39612', '3', '渴望', '', '', '7137f000f7232df3104fdf2e1b89a15f', '1', '0', '1', '1473490737', '0', '0', '', '1', '', '', '', '330000', '330100', '0', 'oIqDWv5DLo1K7sXm9KDx0GofNINg', 'lSFppV8V1RmJTIuhJc0RQTXbjTUOexih', 'I2Xy6MAUMak646bfZPjsEPZijlPlAB_w', '1473572533', '渴望', '杭州', '浙江', 'http://wx.qlogo.cn/mmopen/ibB20x5Q5D5dnXyFsmJOjtAUMjdicllP7LA3yrW0jHVXO24OIrWAwgUHTeksl3PcLL96AibWOFYgSSQKU0J39t9saHIpUNsRtGV/0', '0', '0.00', '0', '0.00', '0.00', '0', '0', '0', '', '0', '', '0', '0', '', '', null, '', '', '0', '', '0', '0', '', '', '0', '100041'), ('39613', '3', 'ssss', '', '', '0fd0a413d7d89a4b68d269b7bbdbeffc', '1', '0', '1', '1473558041', '0', '0', '', '1', '', '', '', '110000', '110000', '0', 'oIqDWvy4ISv6C_xCnBqAtW7Csd2E', 'C8AyRFBQwfbAYoX7UIrRzMR3uaMVtB2P', 'U_cqySX1S0YzmodY5YT_L9IG7cX1Ldcf', '1473588264', 'ssss', '', '', 'http://wx.qlogo.cn/mmopen/ibB20x5Q5D5dnXyFsmJOjtPNHP8IONUiaNvN4UPl1gjxESYibqcu6Gial4uEcltBjxl9j0IgynIvOkIudjgnOzoSb4yJ61u419LV/0', '1', '0.00', '0', '7345.00', '0.00', '0', '0', '0', '', '0', '', '0', '0', '', '', null, '', '', '0', '', '0', '0', '', '', '0', '100060'), ('39614', '3', 'Coalock', '', '', 'e598e81f5092ff444a745f08d2369bf7', '1', '0', '1', '1473563803', '0', '0', '', '1', '', '', '', '330000', '330100', '0', 'oIqDWvyMJX4jCQjUaePYyfuVweEc', 'gKUZk-DZ4PrC8PzzXuNDEmXIOMWQR9YY', '2XV9Btjjkono-9ZTH60PtYFHTs8FwIUd', '1473571003', 'Coalock', '杭州', '浙江', 'http://wx.qlogo.cn/mmopen/ajNVdqHZLLD4rrH8Jg7rQpAwM1DvMauPYwyiaiaSVPmq3MZJuTmlkKROhYgzibibPgkWslslrj9GiaJK8UX6qIPrXFBI5iafVaFxjS', '0', '0.00', '0', '0.00', '0.00', '0', '0', '0', '', '0', '', '0', '0', '', '', null, '', '', '0', '', '0', '0', '', '', '0', '100064');
COMMIT;

-- ----------------------------
--  Table structure for `tp_users_group`
-- ----------------------------
DROP TABLE IF EXISTS `tp_users_group`;
CREATE TABLE `tp_users_group` (
  `group_id` smallint(6) NOT NULL AUTO_INCREMENT,
  `group_name` varchar(50) NOT NULL COMMENT '用户组名',
  `is_enable` tinyint(4) NOT NULL COMMENT '是否可用，1可用，2、禁用，3已删除',
  `priv_str` text COMMENT '用户组权限id（每个权限id中间用,号分开）',
  `manage_group_id_list` text COMMENT '如果是可操作管理员的用户组时此处必填，这里是该用户组下的管理员可操作的用户组id列表，多个id>之间用逗号分开',
  `user_type` tinyint(4) NOT NULL DEFAULT '1' COMMENT '用户类型，1管理员，2会员',
  PRIMARY KEY (`group_id`),
  UNIQUE KEY `group_name` (`group_name`),
  KEY `user_type` (`user_type`)
) ENGINE=MyISAM AUTO_INCREMENT=33 DEFAULT CHARSET=utf8 COMMENT='用户组';

-- ----------------------------
--  Records of `tp_users_group`
-- ----------------------------
BEGIN;
INSERT INTO `tp_users_group` VALUES ('1', '系统管理员', '1', '0101,0102,0103,0136,0104,0105,0106,0107,0108,0109,0110,0111,0112,0113,0114,0115,0116,0117,0118,0119,0120,0128,0122,0123,0125,0126,0127,0201,0202,0203,0204,0205,0214,0215,0216,0217,0206,0207,0208,0209,0210,0218,0219,0211,0212,0213,0301,0302,0303,0304,0305,0306,0307,0308,0309,0310,0405,0402,0403,0404,0450,0401,0406,0407,0408,0451,0409,0452,0453,0410,0454,0455,0411,0412,0413,0414,0418,0415,0416,0417,0457,0501,0502,0503,0504,0505,0506,0507,0508,0509,0510,0601,0602,0606,0603,0604,0605,0701,0702,0703,0704,0705,0801,0802,0810,0803,0805,0806,0807,0808,0811,0812,0813,0814,0901,0902,0903,0904,0905,0911,01,02,03,04,05,06,07,08,09', '2,3,4,5,6,7,9,10,11,12,2,3,4', '1'), ('32', '系统', '0', '0102,0137,0130,0131,0132,0138,0133,0167,0168,0169,0106,0107,0108,0109,0110,0111,0112,0113,0114,0115,0116,0117,0122,0123,0124,0121,0144,0145,0146,0125,0164,0165,0166,0125,0118,0119,0201,0202,0211,0212,0204,0205,0206,0301,0302,0316,0317,0303,0304,0305,0315,0307,0308,0309,0310,0311,0312,0351,0352,0353,0354,0364,0355,0365,0356,0366,0357,0367,0368,0369,0358,0359,0360,0361,0362,0363,0401,0402,0403,0404,0405,0406,0418,0419,0408,0409,0410,0412,0416,0413,0414,0417,0421,0415,0502,0503,0506,0507,0508,0505,0601,0602,0603,0604,0611,0612,0613,0614,0605,0606,0607,0608,0615,0616,0617,0701,0702,0709,0710,0711,0712,0703,0704,0705,0706,0707,0708,0804,0812,0813,0806,0816,0817,0818,0819,0820,0821,0822,0902,0903,0904,0901,1009,1010,1103,01,02,03,04,05,06,07,08,09,10,11', null, '1'), ('28', '系统管理员称号', '0', '0102,0137,0130,0131,0132,0138,0133,0106,0107,0108,0109,0110,0111,0112,0113,0114,0115,0116,0117,0122,0123,0124,0121,0144,0145,0146,0125,0164,0165,0166,0125,0118,0119,01', null, '1'), ('29', '积分管理员', '0', '0701,0702,0709,0710,0711,0703,0704,0705,0706,0707,0708,1009,1010,1103,07,10,11', null, '1'), ('30', '订单员', '0', '0401,0402,0403,0404,0405,0406,0418,0419,0408,0409,0410,0412,0416,0413,0414,0417,0421,0415,04', null, '1'), ('31', '查看积分', '0', '0201,0202,0702,0710,0711,1009,1010,1103,02,07,10,11', null, '1');
COMMIT;

-- ----------------------------
--  Table structure for `tp_verify_code`
-- ----------------------------
DROP TABLE IF EXISTS `tp_verify_code`;
CREATE TABLE `tp_verify_code` (
  `verify_code_id` int(10) unsigned NOT NULL AUTO_INCREMENT,
  `verify_code` varchar(6) NOT NULL DEFAULT '' COMMENT '验证码',
  `user_id` int(10) unsigned NOT NULL DEFAULT '0' COMMENT '用户ID',
  `mobile` varchar(32) NOT NULL DEFAULT '' COMMENT '手机号',
  `cookie_value` varchar(32) NOT NULL DEFAULT '' COMMENT 'COOKIE值',
  `expire_time` int(10) unsigned NOT NULL DEFAULT '0' COMMENT '验证码过期时间，默认有效期30分钟内',
  `isuse` tinyint(4) NOT NULL DEFAULT '0' COMMENT '是否可用，1可用，0不可用',
  `province_id` mediumint(8) unsigned NOT NULL DEFAULT '330000' COMMENT '省份ID',
  `city_id` mediumint(8) unsigned NOT NULL DEFAULT '330300' COMMENT '城市ID',
  `area_id` mediumint(8) unsigned NOT NULL DEFAULT '330382' COMMENT '区/县ID',
  PRIMARY KEY (`verify_code_id`),
  KEY `tp_verify_code_user_id` (`user_id`),
  KEY `tp_verify_code_expire_time` (`expire_time`),
  KEY `tp_verify_code_cookie_value` (`cookie_value`),
  KEY `tp_city` (`city_id`),
  KEY `tp_area` (`area_id`)
) ENGINE=MyISAM AUTO_INCREMENT=13 DEFAULT CHARSET=utf8 COMMENT='验证码表';

-- ----------------------------
--  Records of `tp_verify_code`
-- ----------------------------
BEGIN;
INSERT INTO `tp_verify_code` VALUES ('1', '149423', '39609', '13627242235', '34def9e09bf4e219fc992ee18a6001f8', '1473508298', '1', '330000', '330300', '330382'), ('2', '392076', '39609', '18758178124', '34def9e09bf4e219fc992ee18a6001f8', '1473508337', '1', '330000', '330300', '330382'), ('3', '134886', '39609', '1283071085@qq.com', '34def9e09bf4e219fc992ee18a6001f8', '1473508434', '1', '330000', '330300', '330382'), ('4', '555473', '39609', '1283071085@qq.com', '34def9e09bf4e219fc992ee18a6001f8', '1473525516', '0', '330000', '330300', '330382'), ('5', '879310', '39609', '13627242235', '34def9e09bf4e219fc992ee18a6001f8', '1473525747', '1', '330000', '330300', '330382'), ('6', '833490', '39609', '18758178124', '34def9e09bf4e219fc992ee18a6001f8', '1473525794', '1', '330000', '330300', '330382'), ('7', '908713', '39609', '18758178124', '34def9e09bf4e219fc992ee18a6001f8', '1473525925', '1', '330000', '330300', '330382'), ('8', '954316', '39609', '18758178124', '34def9e09bf4e219fc992ee18a6001f8', '1473527336', '1', '330000', '330300', '330382'), ('9', '460308', '39609', '13627242235', '34def9e09bf4e219fc992ee18a6001f8', '1473527416', '1', '330000', '330300', '330382'), ('10', '711872', '39609', '13026167727', '34def9e09bf4e219fc992ee18a6001f8', '1473528091', '1', '330000', '330300', '330382'), ('11', '616208', '39609', '13627242235', '34def9e09bf4e219fc992ee18a6001f8', '1473556895', '1', '330000', '330300', '330382'), ('12', '598030', '39609', '18758178124', '34def9e09bf4e219fc992ee18a6001f8', '1473557389', '0', '330000', '330300', '330382');
COMMIT;

-- ----------------------------
--  Table structure for `tp_weather`
-- ----------------------------
DROP TABLE IF EXISTS `tp_weather`;
CREATE TABLE `tp_weather` (
  `weather_id` int(10) unsigned NOT NULL AUTO_INCREMENT,
  `city` varchar(8) NOT NULL DEFAULT '' COMMENT '城市名称',
  `weather` varchar(8) NOT NULL DEFAULT '' COMMENT '天气描述',
  `temp1` tinyint(4) NOT NULL DEFAULT '0' COMMENT '温度上限',
  `temp2` tinyint(4) NOT NULL DEFAULT '0' COMMENT '温度下限',
  `aqi` smallint(6) NOT NULL DEFAULT '0' COMMENT '空气质量指数',
  `pm2_5` smallint(6) NOT NULL DEFAULT '0' COMMENT 'PM2.5指数',
  `weather_time` int(10) unsigned NOT NULL DEFAULT '0' COMMENT '日期时间戳',
  `station_code` varchar(8) NOT NULL DEFAULT '0' COMMENT '监测点码',
  `quality` varchar(8) NOT NULL DEFAULT '0' COMMENT '空气质量等级',
  PRIMARY KEY (`weather_id`)
) ENGINE=MyISAM AUTO_INCREMENT=4 DEFAULT CHARSET=utf8 COMMENT='天气预报表';

-- ----------------------------
--  Records of `tp_weather`
-- ----------------------------
BEGIN;
INSERT INTO `tp_weather` VALUES ('1', '杭州', '多云', '22', '17', '100', '100', '1414425601', '0', '良'), ('2', '杭州', '多云', '22', '17', '73', '42', '1414425600', '1223A', '良'), ('3', '杭州', '晴转多云', '7', '18', '158', '120', '1415894400', '1223A', '中度污染');
COMMIT;

SET FOREIGN_KEY_CHECKS = 1;
